timestamp,topic,valor
2025-11-17 09:42:18,lan/broadcast/all,START
2025-11-17 09:42:19,lan/sala2/sensor/temp,26.37
2025-11-17 09:42:19,lan/sala1/sensor/temp,25.15
2025-11-17 09:42:20,lan/sala1/sensor/hum,26.9
2025-11-17 09:42:21,lan/sala1/sensor/temp,26.84
2025-11-17 09:42:21,lan/sala2/sensor/temp,24.1
2025-11-17 09:42:22,lan/sala1/sensor/hum,25.29
2025-11-17 09:42:23,lan/sala1/sensor/temp,23.1
2025-11-17 09:42:23,lan/sala2/sensor/temp,18.17
2025-11-17 09:42:24,lan/sala1/sensor/hum,28.42
2025-11-17 09:42:25,lan/sala1/sensor/temp,23.09
2025-11-17 09:42:25,lan/sala2/sensor/temp,23.87
2025-11-17 09:42:26,lan/sala1/sensor/hum,22.72
2025-11-17 09:42:27,lan/sala1/sensor/temp,26.52
2025-11-17 09:42:27,lan/sala2/sensor/temp,23.13
2025-11-17 09:42:28,lan/sala1/sensor/hum,20.61
2025-11-17 09:42:29,lan/sala1/sensor/temp,27.61
2025-11-17 09:42:29,lan/sala2/sensor/temp,21.44
2025-11-17 09:42:30,lan/sala1/sensor/hum,29.88
2025-11-17 09:42:31,lan/sala1/sensor/temp,28.68
2025-11-17 09:42:31,lan/sala2/sensor/temp,25.93
2025-11-17 09:42:32,lan/sala1/sensor/hum,21.42
2025-11-17 09:42:33,lan/sala1/sensor/temp,24.65
2025-11-17 09:42:33,lan/sala2/sensor/temp,18.44
2025-11-17 09:42:34,lan/sala1/sensor/hum,19.52
2025-11-17 09:42:35,lan/sala1/sensor/temp,27.15
2025-11-17 09:42:35,lan/sala2/sensor/temp,26.95
2025-11-17 09:42:36,lan/sala1/sensor/hum,18.44
2025-11-17 09:42:37,lan/sala1/sensor/temp,27.91
2025-11-17 09:42:37,lan/sala2/sensor/temp,26.35
2025-11-17 09:42:38,lan/sala1/sensor/hum,19.0
2025-11-17 09:42:39,lan/sala1/sensor/temp,20.76
2025-11-17 09:42:39,lan/sala2/sensor/temp,26.11
2025-11-17 09:42:40,lan/sala1/sensor/hum,22.85
2025-11-17 09:42:41,lan/sala1/sensor/temp,28.99
2025-11-17 09:42:41,lan/sala2/sensor/temp,28.87
2025-11-17 09:42:42,lan/sala1/sensor/hum,21.94
2025-11-17 09:42:43,lan/sala1/sensor/temp,20.88
2025-11-17 09:42:43,lan/sala2/sensor/temp,27.3
2025-11-17 09:42:44,lan/sala1/sensor/hum,19.81
2025-11-17 09:42:45,lan/sala1/sensor/temp,18.88
2025-11-17 09:42:45,lan/sala2/sensor/temp,20.71
2025-11-17 09:42:46,lan/sala1/sensor/hum,21.45
2025-11-17 09:42:47,lan/sala1/sensor/temp,28.33
2025-11-17 09:42:47,lan/sala2/sensor/temp,29.2
2025-11-17 09:42:48,lan/sala1/sensor/hum,26.47
2025-11-17 09:42:49,lan/sala1/sensor/temp,19.65
2025-11-17 09:42:49,lan/sala2/sensor/temp,29.62
2025-11-17 09:42:50,lan/sala1/sensor/hum,26.28
2025-11-17 09:42:51,lan/sala1/sensor/temp,24.27
2025-11-17 09:42:51,lan/sala2/sensor/temp,22.8
2025-11-17 09:42:52,lan/sala1/sensor/hum,29.08
2025-11-17 09:42:53,lan/sala1/sensor/temp,25.84
2025-11-17 09:42:53,lan/sala2/sensor/temp,24.7
2025-11-17 09:42:54,lan/sala1/sensor/hum,28.09
2025-11-17 09:42:55,lan/sala1/sensor/temp,25.46
2025-11-17 09:42:55,lan/sala2/sensor/temp,23.46
2025-11-17 09:42:56,lan/sala1/sensor/hum,28.28
2025-11-17 09:42:57,lan/sala1/sensor/temp,26.68
2025-11-17 09:42:57,lan/sala2/sensor/temp,20.41
2025-11-17 09:42:58,lan/sala1/sensor/hum,24.32
2025-11-17 09:42:59,lan/sala1/sensor/temp,20.13
2025-11-17 09:42:59,lan/sala2/sensor/temp,23.91
2025-11-17 09:43:00,lan/sala1/sensor/hum,24.98
2025-11-17 09:43:01,lan/sala1/sensor/temp,26.38
2025-11-17 09:43:01,lan/sala2/sensor/temp,26.19
2025-11-17 09:43:02,lan/sala1/sensor/hum,23.16
2025-11-17 09:43:03,lan/sala1/sensor/temp,26.04
2025-11-17 09:43:03,lan/sala2/sensor/temp,18.14
2025-11-17 09:43:04,lan/sala1/sensor/hum,22.85
2025-11-17 09:43:05,lan/sala1/sensor/temp,29.64
2025-11-17 09:43:05,lan/sala2/sensor/temp,19.77
2025-11-17 09:43:06,lan/sala1/sensor/hum,29.23
2025-11-17 09:43:07,lan/sala1/sensor/temp,18.77
2025-11-17 09:43:07,lan/sala2/sensor/temp,25.93
2025-11-17 09:43:08,lan/sala1/sensor/hum,24.16
2025-11-17 09:43:09,lan/sala1/sensor/temp,28.85
2025-11-17 09:43:09,lan/sala2/sensor/temp,25.9
2025-11-17 09:43:10,lan/sala1/sensor/hum,27.11
2025-11-17 09:43:11,lan/sala1/sensor/temp,20.73
2025-11-17 09:43:11,lan/sala2/sensor/temp,24.03
2025-11-17 09:43:12,lan/sala1/sensor/hum,19.48
2025-11-17 09:43:13,lan/sala1/sensor/temp,24.7
2025-11-17 09:43:13,lan/sala2/sensor/temp,19.85
2025-11-17 09:43:14,lan/sala1/sensor/hum,24.45
2025-11-17 09:43:15,lan/sala1/sensor/temp,28.28
2025-11-17 09:43:15,lan/sala2/sensor/temp,27.46
2025-11-17 09:43:16,lan/sala1/sensor/hum,20.38
2025-11-17 09:43:17,lan/sala1/sensor/temp,28.49
2025-11-17 09:43:17,lan/sala2/sensor/temp,29.7
2025-11-17 09:43:18,lan/sala1/sensor/hum,20.94
2025-11-17 09:43:19,lan/sala1/sensor/temp,28.36
2025-11-17 09:43:19,lan/sala2/sensor/temp,28.17
2025-11-17 09:43:20,lan/sala1/sensor/hum,27.19
2025-11-17 09:43:21,lan/sala1/sensor/temp,23.84
2025-11-17 09:43:21,lan/sala2/sensor/temp,28.14
2025-11-17 09:43:22,lan/sala1/sensor/hum,27.47
2025-11-17 09:43:23,lan/sala1/sensor/temp,21.87
2025-11-17 09:43:23,lan/sala2/sensor/temp,21.35
2025-11-17 09:43:24,lan/sala1/sensor/hum,27.21
2025-11-17 09:43:25,lan/sala1/sensor/temp,21.21
2025-11-17 09:43:25,lan/sala2/sensor/temp,25.84
2025-11-17 09:43:26,lan/sala1/sensor/hum,25.11
2025-11-17 09:43:27,lan/sala1/sensor/temp,27.57
2025-11-17 09:43:27,lan/sala2/sensor/temp,27.89
2025-11-17 09:43:28,lan/sala1/sensor/hum,23.13
2025-11-17 09:43:29,lan/sala1/sensor/temp,26.78
2025-11-17 09:43:29,lan/sala2/sensor/temp,24.6
2025-11-17 09:43:30,lan/sala1/sensor/hum,27.06
2025-11-17 09:43:31,lan/sala1/sensor/temp,24.7
2025-11-17 09:43:31,lan/sala2/sensor/temp,26.78
2025-11-17 09:43:32,lan/sala1/sensor/hum,18.6
2025-11-17 09:43:33,lan/sala1/sensor/temp,27.6
2025-11-17 09:43:33,lan/sala2/sensor/temp,21.28
2025-11-17 09:43:34,lan/sala1/sensor/hum,29.34
2025-11-17 09:43:35,lan/sala1/sensor/temp,28.99
2025-11-17 09:43:35,lan/sala2/sensor/temp,19.2
2025-11-17 09:43:36,lan/sala1/sensor/hum,29.1
2025-11-17 09:43:37,lan/sala1/sensor/temp,22.4
2025-11-17 09:43:37,lan/sala2/sensor/temp,28.55
2025-11-17 09:43:38,lan/sala1/sensor/hum,24.96
2025-11-17 09:43:39,lan/sala1/sensor/temp,22.59
2025-11-17 09:43:39,lan/sala2/sensor/temp,23.41
2025-11-17 09:43:40,lan/sala1/sensor/hum,25.23
2025-11-17 09:43:41,lan/sala1/sensor/temp,18.14
2025-11-17 09:43:41,lan/sala2/sensor/temp,20.42
2025-11-17 09:43:42,lan/sala1/sensor/hum,24.83
2025-11-17 09:43:43,lan/sala1/sensor/temp,28.16
2025-11-17 09:43:43,lan/sala2/sensor/temp,19.73
2025-11-17 09:43:44,lan/sala1/sensor/hum,23.36
2025-11-17 09:43:45,lan/sala1/sensor/temp,26.72
2025-11-17 09:43:45,lan/sala2/sensor/temp,25.76
2025-11-17 09:43:46,lan/sala1/sensor/hum,22.39
2025-11-17 09:43:47,lan/sala1/sensor/temp,19.79
2025-11-17 09:43:47,lan/sala2/sensor/temp,28.37
2025-11-17 09:43:48,lan/sala1/sensor/hum,23.04
2025-11-17 09:43:49,lan/sala1/sensor/temp,21.87
2025-11-17 09:43:49,lan/sala2/sensor/temp,26.33
2025-11-17 09:43:50,lan/sala1/sensor/hum,18.03
2025-11-17 09:43:51,lan/sala1/sensor/temp,27.51
2025-11-17 09:43:51,lan/sala2/sensor/temp,21.35
2025-11-17 09:43:52,lan/sala1/sensor/hum,23.87
2025-11-17 09:43:53,lan/sala1/sensor/temp,29.29
2025-11-17 09:43:53,lan/sala2/sensor/temp,28.17
2025-11-17 09:43:54,lan/sala1/sensor/hum,25.7
2025-11-17 09:43:55,lan/sala1/sensor/temp,27.53
2025-11-17 09:43:55,lan/sala2/sensor/temp,19.68
2025-11-17 09:43:56,lan/sala1/sensor/hum,20.51
2025-11-17 09:43:57,lan/sala1/sensor/temp,21.88
2025-11-17 09:43:57,lan/sala2/sensor/temp,25.82
2025-11-17 09:43:58,lan/sala1/sensor/hum,28.36
2025-11-17 09:43:59,lan/sala1/sensor/temp,21.66
2025-11-17 09:43:59,lan/sala2/sensor/temp,25.08
2025-11-17 09:44:00,lan/sala1/sensor/hum,28.26
2025-11-17 09:44:01,lan/sala1/sensor/temp,18.58
2025-11-17 09:44:01,lan/sala2/sensor/temp,27.93
2025-11-17 09:44:02,lan/sala1/sensor/hum,22.67
2025-11-17 09:44:03,lan/sala1/sensor/temp,21.39
2025-11-17 09:44:03,lan/sala2/sensor/temp,25.72
2025-11-17 09:44:04,lan/sala1/sensor/hum,22.18
2025-11-17 09:44:05,lan/sala1/sensor/temp,22.05
2025-11-17 09:44:05,lan/sala2/sensor/temp,19.63
2025-11-17 09:44:06,lan/sala1/sensor/hum,18.04
2025-11-17 09:44:07,lan/sala1/sensor/temp,20.59
2025-11-17 09:44:07,lan/sala2/sensor/temp,18.45
2025-11-17 09:44:08,lan/sala1/sensor/hum,28.47
2025-11-17 09:44:09,lan/sala1/sensor/temp,19.88
2025-11-17 09:44:09,lan/sala2/sensor/temp,29.6
2025-11-17 09:44:10,lan/sala1/sensor/hum,28.98
2025-11-17 09:44:11,lan/sala1/sensor/temp,28.16
2025-11-17 09:44:11,lan/sala2/sensor/temp,19.26
2025-11-17 09:44:12,lan/sala1/sensor/hum,25.47
2025-11-17 09:44:13,lan/sala1/sensor/temp,18.35
2025-11-17 09:44:13,lan/sala2/sensor/temp,25.48
2025-11-17 09:44:14,lan/sala1/sensor/hum,19.01
2025-11-17 09:44:15,lan/sala1/sensor/temp,21.82
2025-11-17 09:44:15,lan/sala2/sensor/temp,26.06
2025-11-17 09:44:16,lan/sala1/sensor/hum,29.68
2025-11-17 09:44:17,lan/sala1/sensor/temp,27.42
2025-11-17 09:44:17,lan/sala2/sensor/temp,24.89
2025-11-17 09:44:18,lan/sala1/sensor/hum,29.92
2025-11-17 09:44:19,lan/sala1/sensor/temp,21.24
2025-11-17 09:44:19,lan/sala2/sensor/temp,26.13
2025-11-17 09:44:20,lan/sala1/sensor/hum,27.9
2025-11-17 09:44:21,lan/sala1/sensor/temp,18.1
2025-11-17 09:44:21,lan/sala2/sensor/temp,25.05
2025-11-17 09:44:22,lan/sala1/sensor/hum,23.98
2025-11-17 09:44:23,lan/sala1/sensor/temp,27.41
2025-11-17 09:44:23,lan/sala2/sensor/temp,23.59
2025-11-17 09:44:24,lan/sala1/sensor/hum,22.72
2025-11-17 09:44:25,lan/sala1/sensor/temp,22.03
2025-11-17 09:44:25,lan/sala2/sensor/temp,21.69
2025-11-17 09:44:26,lan/sala1/sensor/hum,21.56
2025-11-17 09:44:27,lan/sala1/sensor/temp,24.48
2025-11-17 09:44:27,lan/sala2/sensor/temp,28.92
2025-11-17 09:44:28,lan/sala1/sensor/hum,29.48
2025-11-17 09:44:29,lan/sala1/sensor/temp,21.08
2025-11-17 09:44:29,lan/sala2/sensor/temp,26.99
2025-11-17 09:44:30,lan/sala1/sensor/hum,19.74
2025-11-17 09:44:31,lan/sala1/sensor/temp,19.57
2025-11-17 09:44:31,lan/sala2/sensor/temp,19.22
2025-11-17 09:44:32,lan/sala1/sensor/hum,27.09
2025-11-17 09:44:33,lan/sala1/sensor/temp,21.44
2025-11-17 09:44:33,lan/sala2/sensor/temp,19.51
2025-11-17 09:44:34,lan/sala1/sensor/hum,21.12
2025-11-17 09:44:35,lan/sala1/sensor/temp,20.64
2025-11-17 09:44:35,lan/sala2/sensor/temp,18.61
2025-11-17 09:44:36,lan/sala1/sensor/hum,25.59
2025-11-17 09:44:37,lan/sala1/sensor/temp,28.68
2025-11-17 09:44:37,lan/sala2/sensor/temp,28.55
2025-11-17 09:44:38,lan/sala1/sensor/hum,28.72
2025-11-17 09:44:39,lan/sala1/sensor/temp,20.02
2025-11-17 09:44:39,lan/sala2/sensor/temp,19.63
2025-11-17 09:44:40,lan/sala1/sensor/hum,25.4
2025-11-17 09:44:41,lan/sala1/sensor/temp,23.97
2025-11-17 09:44:41,lan/sala2/sensor/temp,23.14
2025-11-17 09:44:42,lan/sala1/sensor/hum,24.81
2025-11-17 09:44:43,lan/sala1/sensor/temp,24.26
2025-11-17 09:44:43,lan/sala2/sensor/temp,26.83
2025-11-17 09:44:44,lan/sala1/sensor/hum,24.73
2025-11-17 09:44:45,lan/sala1/sensor/temp,21.22
2025-11-17 09:44:45,lan/sala2/sensor/temp,24.86
2025-11-17 09:44:46,lan/sala1/sensor/hum,18.11
2025-11-17 09:44:47,lan/sala1/sensor/temp,25.5
2025-11-17 09:44:47,lan/sala2/sensor/temp,25.27
2025-11-17 09:44:48,lan/sala1/sensor/hum,21.08
2025-11-17 09:44:49,lan/sala1/sensor/temp,28.37
2025-11-17 09:44:49,lan/sala2/sensor/temp,29.39
2025-11-17 09:44:50,lan/sala1/sensor/hum,28.75
2025-11-17 09:44:51,lan/sala1/sensor/temp,23.0
2025-11-17 09:44:51,lan/sala2/sensor/temp,29.06
2025-11-17 09:44:54,lan/sala1/sensor/hum,23.66
2025-11-17 09:44:54,lan/sala1/sensor/temp,29.78
2025-11-17 09:44:54,lan/sala2/sensor/temp,23.44
2025-11-17 09:44:55,lan/sala1/sensor/hum,28.9
2025-11-17 09:44:55,lan/sala1/sensor/temp,18.74
2025-11-17 09:44:55,lan/sala2/sensor/temp,28.21
2025-11-17 09:44:56,lan/sala1/sensor/hum,24.09
2025-11-17 09:44:57,lan/sala1/sensor/temp,19.1
2025-11-17 09:44:57,lan/sala2/sensor/temp,22.67
2025-11-17 09:44:58,lan/sala1/sensor/hum,26.5
2025-11-17 09:44:59,lan/sala1/sensor/temp,21.35
2025-11-17 09:44:59,lan/sala2/sensor/temp,28.43
2025-11-17 09:45:00,lan/sala1/sensor/hum,28.8
2025-11-17 09:45:01,lan/sala1/sensor/temp,26.55
2025-11-17 09:45:01,lan/sala2/sensor/temp,21.15
2025-11-17 09:45:02,lan/sala1/sensor/hum,23.18
2025-11-17 09:45:03,lan/sala1/sensor/temp,22.21
2025-11-17 09:45:03,lan/sala2/sensor/temp,28.21
2025-11-17 09:45:04,lan/sala1/sensor/hum,21.52
2025-11-17 09:45:05,lan/sala1/sensor/temp,19.21
2025-11-17 09:45:05,lan/sala2/sensor/temp,21.32
2025-11-17 09:45:06,lan/sala1/sensor/hum,26.35
2025-11-17 09:45:07,lan/sala1/sensor/temp,26.07
2025-11-17 09:45:07,lan/sala2/sensor/temp,21.19
2025-11-17 09:45:08,lan/sala1/sensor/hum,19.76
2025-11-17 09:45:09,lan/sala1/sensor/temp,26.82
2025-11-17 09:45:09,lan/sala2/sensor/temp,25.9
2025-11-17 09:45:10,lan/sala1/sensor/hum,25.4
2025-11-17 09:45:11,lan/sala1/sensor/temp,24.58
2025-11-17 09:45:11,lan/sala2/sensor/temp,20.84
2025-11-17 09:45:12,lan/sala1/sensor/hum,29.36
2025-11-17 09:45:13,lan/sala1/sensor/temp,23.38
2025-11-17 09:45:13,lan/sala2/sensor/temp,19.65
2025-11-17 09:45:14,lan/sala1/sensor/hum,23.08
2025-11-17 09:45:15,lan/sala1/sensor/temp,24.49
2025-11-17 09:45:15,lan/sala2/sensor/temp,23.05
2025-11-17 09:45:16,lan/sala1/sensor/hum,21.71
2025-11-17 09:45:17,lan/sala1/sensor/temp,20.01
2025-11-17 09:45:17,lan/sala2/sensor/temp,22.75
2025-11-17 09:45:18,lan/sala1/sensor/hum,19.31
2025-11-17 09:45:19,lan/sala1/sensor/temp,24.22
2025-11-17 09:45:19,lan/sala2/sensor/temp,22.71
2025-11-17 09:45:20,lan/sala1/sensor/hum,26.91
2025-11-17 09:45:21,lan/sala1/sensor/temp,24.36
2025-11-17 09:45:21,lan/sala2/sensor/temp,25.23
2025-11-17 09:45:22,lan/sala1/sensor/hum,20.05
2025-11-17 09:45:23,lan/sala1/sensor/temp,21.59
2025-11-17 09:45:23,lan/sala2/sensor/temp,29.44
2025-11-17 09:45:24,lan/sala1/sensor/hum,19.08
2025-11-17 09:45:25,lan/sala1/sensor/temp,20.03
2025-11-17 09:45:25,lan/sala2/sensor/temp,18.95
2025-11-17 09:45:26,lan/sala1/sensor/hum,26.97
2025-11-17 09:45:27,lan/sala1/sensor/temp,26.85
2025-11-17 09:45:27,lan/sala2/sensor/temp,20.75
2025-11-17 09:45:28,lan/sala1/sensor/hum,19.8
2025-11-17 09:45:29,lan/sala1/sensor/temp,23.29
2025-11-17 09:45:29,lan/sala2/sensor/temp,24.44
2025-11-17 09:45:30,lan/sala1/sensor/hum,21.59
2025-11-17 09:45:31,lan/sala1/sensor/temp,24.16
2025-11-17 09:45:31,lan/sala2/sensor/temp,29.21
2025-11-17 09:45:32,lan/sala1/sensor/hum,20.48
2025-11-17 09:45:33,lan/sala1/sensor/temp,25.77
2025-11-17 09:45:33,lan/sala2/sensor/temp,24.21
2025-11-17 09:45:34,lan/sala1/sensor/hum,18.55
2025-11-17 09:45:35,lan/sala1/sensor/temp,19.68
2025-11-17 09:45:35,lan/sala2/sensor/temp,20.18
2025-11-17 09:45:36,lan/sala1/sensor/hum,23.38
2025-11-17 09:45:37,lan/sala1/sensor/temp,27.01
2025-11-17 09:45:37,lan/sala2/sensor/temp,28.74
2025-11-17 09:45:38,lan/sala1/sensor/hum,25.93
2025-11-17 09:45:39,lan/sala1/sensor/temp,28.91
2025-11-17 09:45:39,lan/sala2/sensor/temp,21.51
2025-11-17 09:45:40,lan/sala1/sensor/hum,29.24
2025-11-17 09:45:41,lan/sala1/sensor/temp,22.75
2025-11-17 09:45:41,lan/sala2/sensor/temp,20.74
2025-11-17 09:45:42,lan/sala1/sensor/hum,22.38
2025-11-17 09:45:43,lan/sala1/sensor/temp,25.85
2025-11-17 09:45:43,lan/sala2/sensor/temp,26.19
2025-11-17 09:45:44,lan/sala1/sensor/hum,29.67
2025-11-17 09:45:45,lan/sala1/sensor/temp,19.71
2025-11-17 09:45:45,lan/sala2/sensor/temp,22.26
2025-11-17 09:45:46,lan/sala1/sensor/hum,21.7
2025-11-17 09:45:47,lan/sala1/sensor/temp,18.37
2025-11-17 09:45:47,lan/sala2/sensor/temp,25.72
2025-11-17 09:45:48,lan/sala1/sensor/hum,28.32
2025-11-17 09:45:49,lan/sala1/sensor/temp,24.46
2025-11-17 09:45:49,lan/sala2/sensor/temp,29.89
2025-11-17 09:45:50,lan/sala1/sensor/hum,19.88
2025-11-17 09:45:51,lan/sala1/sensor/temp,18.1
2025-11-17 09:45:51,lan/sala2/sensor/temp,19.58
2025-11-17 09:45:52,lan/sala1/sensor/hum,23.9
2025-11-17 09:45:53,lan/sala1/sensor/temp,19.23
2025-11-17 09:45:53,lan/sala2/sensor/temp,21.57
2025-11-17 09:45:54,lan/sala1/sensor/hum,29.29
2025-11-17 09:45:55,lan/sala1/sensor/temp,19.34
2025-11-17 09:45:55,lan/sala2/sensor/temp,28.26
2025-11-17 09:45:56,lan/sala1/sensor/hum,20.75
2025-11-17 09:45:57,lan/sala1/sensor/temp,21.06
2025-11-17 09:45:57,lan/sala2/sensor/temp,27.92
2025-11-17 09:45:58,lan/sala1/sensor/hum,21.5
2025-11-17 09:45:59,lan/sala1/sensor/temp,19.82
2025-11-17 09:45:59,lan/sala2/sensor/temp,22.43
2025-11-17 09:46:00,lan/sala1/sensor/hum,28.23
2025-11-17 09:46:01,lan/sala1/sensor/temp,29.0
2025-11-17 09:46:01,lan/sala2/sensor/temp,24.18
2025-11-17 09:46:02,lan/sala1/sensor/hum,21.14
2025-11-17 09:46:03,lan/sala1/sensor/temp,26.92
2025-11-17 09:46:03,lan/sala2/sensor/temp,21.53
2025-11-17 09:46:04,lan/sala1/sensor/hum,21.14
2025-11-17 09:46:05,lan/sala1/sensor/temp,28.28
2025-11-17 09:46:05,lan/sala2/sensor/temp,20.95
2025-11-17 09:46:06,lan/sala1/sensor/hum,21.21
2025-11-17 09:46:07,lan/sala1/sensor/temp,19.72
2025-11-17 09:46:07,lan/sala2/sensor/temp,24.13
2025-11-17 09:46:08,lan/sala1/sensor/hum,20.59
2025-11-17 09:46:09,lan/sala1/sensor/temp,28.68
2025-11-17 09:46:09,lan/sala2/sensor/temp,19.78
2025-11-17 09:46:10,lan/sala1/sensor/hum,26.87
2025-11-17 09:46:11,lan/sala1/sensor/temp,25.21
2025-11-17 09:46:11,lan/sala2/sensor/temp,23.12
2025-11-17 09:46:12,lan/sala1/sensor/hum,24.91
2025-11-17 09:46:13,lan/sala1/sensor/temp,20.4
2025-11-17 09:46:13,lan/sala2/sensor/temp,26.13
2025-11-17 09:46:14,lan/sala1/sensor/hum,29.23
2025-11-17 09:46:15,lan/sala1/sensor/temp,27.18
2025-11-17 09:46:15,lan/sala2/sensor/temp,22.6
2025-11-17 09:46:16,lan/sala1/sensor/hum,19.85
2025-11-17 09:46:17,lan/sala1/sensor/temp,27.66
2025-11-17 09:46:17,lan/sala2/sensor/temp,22.81
2025-11-17 09:46:18,lan/sala1/sensor/hum,22.33
2025-11-17 09:46:19,lan/sala1/sensor/temp,24.09
2025-11-17 09:46:19,lan/sala2/sensor/temp,24.73
2025-11-17 09:46:20,lan/sala1/sensor/hum,18.3
2025-11-17 09:46:21,lan/sala1/sensor/temp,21.71
2025-11-17 09:46:21,lan/sala2/sensor/temp,18.69
2025-11-17 09:46:22,lan/sala1/sensor/hum,22.44
2025-11-17 09:46:23,lan/sala1/sensor/temp,26.39
2025-11-17 09:46:23,lan/sala2/sensor/temp,25.97
2025-11-17 09:46:24,lan/sala1/sensor/hum,20.88
2025-11-17 09:46:25,lan/sala1/sensor/temp,27.43
2025-11-17 09:46:25,lan/sala2/sensor/temp,22.94
2025-11-17 09:46:26,lan/sala1/sensor/hum,28.12
2025-11-17 09:46:27,lan/sala1/sensor/temp,24.96
2025-11-17 09:46:27,lan/sala2/sensor/temp,23.78
2025-11-17 09:46:28,lan/sala1/sensor/hum,21.38
2025-11-17 09:46:29,lan/sala1/sensor/temp,27.74
2025-11-17 09:46:29,lan/sala2/sensor/temp,28.3
2025-11-17 09:46:30,lan/sala1/sensor/hum,26.05
2025-11-17 09:46:31,lan/sala1/sensor/temp,25.88
2025-11-17 09:46:31,lan/sala2/sensor/temp,25.18
2025-11-17 09:46:32,lan/sala1/sensor/hum,20.71
2025-11-17 09:46:33,lan/sala1/sensor/temp,27.5
2025-11-17 09:46:33,lan/sala2/sensor/temp,26.15
2025-11-17 09:46:34,lan/sala1/sensor/hum,28.2
2025-11-17 09:46:35,lan/sala1/sensor/temp,29.48
2025-11-17 09:46:35,lan/sala2/sensor/temp,20.72
2025-11-17 09:46:36,lan/sala1/sensor/hum,18.87
2025-11-17 09:46:37,lan/sala1/sensor/temp,27.63
2025-11-17 09:46:37,lan/sala2/sensor/temp,29.08
2025-11-17 09:46:38,lan/sala1/sensor/hum,22.59
2025-11-17 09:46:39,lan/sala1/sensor/temp,29.35
2025-11-17 09:46:39,lan/sala2/sensor/temp,23.52
2025-11-17 09:46:40,lan/sala1/sensor/hum,20.59
2025-11-17 09:46:41,lan/sala1/sensor/temp,25.47
2025-11-17 09:46:41,lan/sala2/sensor/temp,29.76
2025-11-17 09:46:42,lan/sala1/sensor/hum,23.35
2025-11-17 09:46:43,lan/sala1/sensor/temp,23.96
2025-11-17 09:46:43,lan/sala2/sensor/temp,22.1
2025-11-17 09:46:44,lan/sala1/sensor/hum,21.46
2025-11-17 09:46:45,lan/sala1/sensor/temp,19.21
2025-11-17 09:46:45,lan/sala2/sensor/temp,23.48
2025-11-17 09:46:46,lan/sala1/sensor/hum,28.16
2025-11-17 09:46:47,lan/sala1/sensor/temp,20.78
2025-11-17 09:46:47,lan/sala2/sensor/temp,23.88
2025-11-17 09:46:48,lan/sala1/sensor/hum,24.52
2025-11-17 09:46:49,lan/sala1/sensor/temp,18.79
2025-11-17 09:46:49,lan/sala2/sensor/temp,20.23
2025-11-17 09:46:50,lan/sala1/sensor/hum,19.64
2025-11-17 09:46:51,lan/sala1/sensor/temp,24.24
2025-11-17 09:46:51,lan/sala2/sensor/temp,24.09
2025-11-17 09:46:52,lan/sala1/sensor/hum,28.64
2025-11-17 09:46:53,lan/sala1/sensor/temp,26.81
2025-11-17 09:46:53,lan/sala2/sensor/temp,29.35
2025-11-17 09:46:54,lan/sala1/sensor/hum,21.16
2025-11-17 09:46:55,lan/sala1/sensor/temp,23.92
2025-11-17 09:46:55,lan/sala2/sensor/temp,18.14
2025-11-17 09:46:56,lan/sala1/sensor/hum,29.54
2025-11-17 09:46:57,lan/sala1/sensor/temp,20.3
2025-11-17 09:46:57,lan/sala2/sensor/temp,20.46
2025-11-17 09:46:58,lan/sala1/sensor/hum,28.62
2025-11-17 09:46:59,lan/sala1/sensor/temp,27.1
2025-11-17 09:46:59,lan/sala2/sensor/temp,24.95
2025-11-17 09:47:00,lan/sala1/sensor/hum,18.69
2025-11-17 09:47:01,lan/sala1/sensor/temp,26.74
2025-11-17 09:47:01,lan/sala2/sensor/temp,18.95
2025-11-17 09:47:02,lan/sala1/sensor/hum,25.25
2025-11-17 09:47:03,lan/sala1/sensor/temp,18.04
2025-11-17 09:47:03,lan/sala2/sensor/temp,19.29
2025-11-17 09:47:04,lan/sala1/sensor/hum,23.6
2025-11-17 09:47:05,lan/sala1/sensor/temp,29.15
2025-11-17 09:47:05,lan/sala2/sensor/temp,18.1
2025-11-17 09:47:06,lan/sala1/sensor/hum,25.07
2025-11-17 09:47:07,lan/sala1/sensor/temp,23.99
2025-11-17 09:47:07,lan/sala2/sensor/temp,23.07
2025-11-17 09:47:08,lan/sala1/sensor/hum,21.38
2025-11-17 09:47:09,lan/sala1/sensor/temp,23.62
2025-11-17 09:47:09,lan/sala2/sensor/temp,25.86
2025-11-17 09:47:10,lan/sala1/sensor/hum,29.6
2025-11-17 09:47:11,lan/sala1/sensor/temp,22.45
2025-11-17 09:47:11,lan/sala2/sensor/temp,22.23
2025-11-17 09:47:12,lan/sala1/sensor/hum,25.68
2025-11-17 09:47:13,lan/sala1/sensor/temp,21.96
2025-11-17 09:47:13,lan/sala2/sensor/temp,27.65
2025-11-17 09:47:14,lan/sala1/sensor/hum,25.13
2025-11-17 09:47:15,lan/sala1/sensor/temp,20.31
2025-11-17 09:47:15,lan/sala2/sensor/temp,28.47
2025-11-17 09:47:16,lan/sala1/sensor/hum,27.8
2025-11-17 09:47:17,lan/sala1/sensor/temp,27.6
2025-11-17 09:47:17,lan/sala2/sensor/temp,21.28
2025-11-17 09:47:18,lan/sala1/sensor/hum,23.38
2025-11-17 09:47:19,lan/sala1/sensor/temp,29.07
2025-11-17 09:47:19,lan/sala2/sensor/temp,25.52
2025-11-17 09:47:20,lan/sala1/sensor/hum,22.04
2025-11-17 09:47:21,lan/sala1/sensor/temp,23.25
2025-11-17 09:47:21,lan/sala2/sensor/temp,20.67
2025-11-17 09:47:22,lan/sala1/sensor/hum,27.04
2025-11-17 09:47:23,lan/sala1/sensor/temp,18.51
2025-11-17 09:47:23,lan/sala2/sensor/temp,20.5
2025-11-17 09:47:24,lan/sala1/sensor/hum,21.5
2025-11-17 09:47:25,lan/sala1/sensor/temp,20.4
2025-11-17 09:47:25,lan/sala2/sensor/temp,29.93
2025-11-17 09:47:26,lan/sala1/sensor/hum,18.81
2025-11-17 09:47:27,lan/sala1/sensor/temp,21.7
2025-11-17 09:47:27,lan/sala2/sensor/temp,25.02
2025-11-17 09:47:28,lan/sala1/sensor/hum,24.17
2025-11-17 09:47:29,lan/sala1/sensor/temp,20.97
2025-11-17 09:47:29,lan/sala2/sensor/temp,26.99
2025-11-17 09:47:30,lan/sala1/sensor/hum,29.66
2025-11-17 09:47:31,lan/sala1/sensor/temp,27.36
2025-11-17 09:47:31,lan/sala2/sensor/temp,28.84
2025-11-17 09:47:32,lan/sala1/sensor/hum,20.53
2025-11-17 09:47:33,lan/sala1/sensor/temp,25.3
2025-11-17 09:47:33,lan/sala2/sensor/temp,26.75
2025-11-17 09:47:34,lan/sala1/sensor/hum,26.45
2025-11-17 09:47:35,lan/sala1/sensor/temp,22.34
2025-11-17 09:47:35,lan/sala2/sensor/temp,20.52
2025-11-17 09:47:36,lan/sala1/sensor/hum,29.56
2025-11-17 09:47:37,lan/sala1/sensor/temp,22.21
2025-11-17 09:47:37,lan/sala2/sensor/temp,22.51
2025-11-17 09:47:38,lan/sala1/sensor/hum,28.38
2025-11-17 09:47:39,lan/sala1/sensor/temp,28.12
2025-11-17 09:47:39,lan/sala2/sensor/temp,26.59
2025-11-17 09:47:40,lan/sala1/sensor/hum,27.83
2025-11-17 09:47:41,lan/sala1/sensor/temp,21.3
2025-11-17 09:47:41,lan/sala2/sensor/temp,23.3
2025-11-17 09:47:42,lan/sala1/sensor/hum,24.68
2025-11-17 09:47:43,lan/sala1/sensor/temp,26.26
2025-11-17 09:47:43,lan/sala2/sensor/temp,19.55
2025-11-17 09:47:44,lan/sala1/sensor/hum,20.57
2025-11-17 09:47:45,lan/sala1/sensor/temp,23.98
2025-11-17 09:47:45,lan/sala2/sensor/temp,19.25
2025-11-17 09:47:46,lan/sala1/sensor/hum,22.15
2025-11-17 09:47:47,lan/sala1/sensor/temp,24.6
2025-11-17 09:47:47,lan/sala2/sensor/temp,21.09
2025-11-17 09:47:48,lan/sala1/sensor/hum,22.6
2025-11-17 09:47:49,lan/sala1/sensor/temp,27.56
2025-11-17 09:47:49,lan/sala2/sensor/temp,23.76
2025-11-17 09:47:50,lan/sala1/sensor/hum,20.15
2025-11-17 09:47:51,lan/sala1/sensor/temp,26.23
2025-11-17 09:47:51,lan/sala2/sensor/temp,29.78
2025-11-17 09:47:52,lan/sala1/sensor/hum,28.72
2025-11-17 09:47:53,lan/sala1/sensor/temp,25.97
2025-11-17 09:47:53,lan/sala2/sensor/temp,29.56
2025-11-17 09:47:54,lan/sala1/sensor/hum,29.14
2025-11-17 09:47:55,lan/sala1/sensor/temp,25.09
2025-11-17 09:47:55,lan/sala2/sensor/temp,27.11
2025-11-17 09:47:56,lan/sala1/sensor/hum,19.33
2025-11-17 09:47:57,lan/sala1/sensor/temp,23.94
2025-11-17 09:47:57,lan/sala2/sensor/temp,21.75
2025-11-17 09:47:58,lan/sala1/sensor/hum,29.52
2025-11-17 09:47:59,lan/sala1/sensor/temp,26.82
2025-11-17 09:47:59,lan/sala2/sensor/temp,25.68
2025-11-17 09:48:00,lan/sala1/sensor/hum,19.03
2025-11-17 09:48:01,lan/sala1/sensor/temp,24.98
2025-11-17 09:48:01,lan/sala2/sensor/temp,28.53
2025-11-17 09:48:02,lan/sala1/sensor/hum,28.7
2025-11-17 09:48:03,lan/sala1/sensor/temp,18.88
2025-11-17 09:48:03,lan/sala2/sensor/temp,28.3
2025-11-17 09:48:04,lan/sala1/sensor/hum,19.94
2025-11-17 09:48:05,lan/sala1/sensor/temp,26.28
2025-11-17 09:48:05,lan/sala2/sensor/temp,21.76
2025-11-17 09:48:06,lan/sala1/sensor/hum,29.12
2025-11-17 09:48:07,lan/sala1/sensor/temp,20.02
2025-11-17 09:48:07,lan/sala2/sensor/temp,27.45
2025-11-17 09:48:08,lan/sala1/sensor/hum,29.7
2025-11-17 09:48:09,lan/sala1/sensor/temp,22.7
2025-11-17 09:48:09,lan/sala2/sensor/temp,24.0
2025-11-17 09:48:10,lan/sala1/sensor/hum,20.15
2025-11-17 09:48:11,lan/sala1/sensor/temp,24.18
2025-11-17 09:48:11,lan/sala2/sensor/temp,25.79
2025-11-17 09:48:12,lan/sala1/sensor/hum,25.27
2025-11-17 09:48:13,lan/sala1/sensor/temp,22.18
2025-11-17 09:48:13,lan/sala2/sensor/temp,21.81
2025-11-17 09:48:14,lan/sala1/sensor/hum,27.75
2025-11-17 09:48:15,lan/sala1/sensor/temp,24.9
2025-11-17 09:48:15,lan/sala2/sensor/temp,28.03
2025-11-17 09:48:16,lan/sala1/sensor/hum,28.43
2025-11-17 09:48:17,lan/sala1/sensor/temp,23.9
2025-11-17 09:48:17,lan/sala2/sensor/temp,29.56
2025-11-17 09:48:18,lan/sala1/sensor/hum,21.78
2025-11-17 09:48:19,lan/sala1/sensor/temp,29.4
2025-11-17 09:48:19,lan/sala2/sensor/temp,29.08
2025-11-17 09:48:20,lan/sala1/sensor/hum,21.27
2025-11-17 09:48:21,lan/sala1/sensor/temp,20.76
2025-11-17 09:48:21,lan/sala2/sensor/temp,27.98
2025-11-17 09:48:22,lan/sala1/sensor/hum,28.63
2025-11-17 09:48:23,lan/sala1/sensor/temp,21.14
2025-11-17 09:48:23,lan/sala2/sensor/temp,20.67
2025-11-17 09:48:24,lan/sala1/sensor/hum,23.19
2025-11-17 09:48:25,lan/sala1/sensor/temp,23.58
2025-11-17 09:48:25,lan/sala2/sensor/temp,29.96
2025-11-17 09:48:26,lan/sala1/sensor/hum,19.42
2025-11-17 09:48:27,lan/sala1/sensor/temp,27.04
2025-11-17 09:48:27,lan/sala2/sensor/temp,25.38
2025-11-17 09:48:28,lan/sala1/sensor/hum,23.28
2025-11-17 09:48:29,lan/sala1/sensor/temp,18.62
2025-11-17 09:48:29,lan/sala2/sensor/temp,19.05
2025-11-17 09:48:30,lan/sala1/sensor/hum,20.22
2025-11-17 09:48:31,lan/sala1/sensor/temp,28.4
2025-11-17 09:48:31,lan/sala2/sensor/temp,19.45
2025-11-17 09:48:32,lan/sala1/sensor/hum,25.35
2025-11-17 09:48:33,lan/sala1/sensor/temp,27.12
2025-11-17 09:48:33,lan/sala2/sensor/temp,20.8
2025-11-17 09:48:34,lan/sala1/sensor/hum,22.45
2025-11-17 09:48:35,lan/sala1/sensor/temp,27.17
2025-11-17 09:48:35,lan/sala2/sensor/temp,28.01
2025-11-17 09:48:36,lan/sala1/sensor/hum,18.46
2025-11-17 09:48:37,lan/sala1/sensor/temp,20.98
2025-11-17 09:48:37,lan/sala2/sensor/temp,25.61
2025-11-17 09:48:38,lan/sala1/sensor/hum,26.12
2025-11-17 09:48:39,lan/sala1/sensor/temp,21.41
2025-11-17 09:48:39,lan/sala2/sensor/temp,22.72
2025-11-17 09:48:40,lan/sala1/sensor/hum,22.55
2025-11-17 09:48:41,lan/sala1/sensor/temp,26.96
2025-11-17 09:48:41,lan/sala2/sensor/temp,25.0
2025-11-17 09:48:42,lan/sala1/sensor/hum,29.75
2025-11-17 09:48:43,lan/sala1/sensor/temp,22.38
2025-11-17 09:48:43,lan/sala2/sensor/temp,24.71
2025-11-17 09:48:44,lan/sala1/sensor/hum,21.09
2025-11-17 09:48:45,lan/sala1/sensor/temp,29.11
2025-11-17 09:48:45,lan/sala2/sensor/temp,23.47
2025-11-17 09:48:46,lan/sala1/sensor/hum,22.57
2025-11-17 09:48:47,lan/sala1/sensor/temp,20.17
2025-11-17 09:48:47,lan/sala2/sensor/temp,20.27
2025-11-17 09:48:48,lan/sala1/sensor/hum,27.77
2025-11-17 09:48:49,lan/sala1/sensor/temp,26.76
2025-11-17 09:48:49,lan/sala2/sensor/temp,25.0
2025-11-17 09:48:50,lan/sala1/sensor/hum,21.35
2025-11-17 09:48:51,lan/sala1/sensor/temp,22.4
2025-11-17 09:48:51,lan/sala2/sensor/temp,27.06
2025-11-17 09:48:52,lan/sala1/sensor/hum,19.01
2025-11-17 09:48:53,lan/sala1/sensor/temp,27.82
2025-11-17 09:48:53,lan/sala2/sensor/temp,26.22
2025-11-17 09:48:54,lan/sala1/sensor/hum,22.53
2025-11-17 09:48:55,lan/sala1/sensor/temp,29.39
2025-11-17 09:48:55,lan/sala2/sensor/temp,23.25
2025-11-17 09:48:56,lan/sala1/sensor/hum,18.02
2025-11-17 09:48:57,lan/sala1/sensor/temp,28.75
2025-11-17 09:48:57,lan/sala2/sensor/temp,24.62
2025-11-17 09:48:58,lan/sala1/sensor/hum,25.7
2025-11-17 09:48:59,lan/sala1/sensor/temp,28.52
2025-11-17 09:48:59,lan/sala2/sensor/temp,29.75
2025-11-17 09:49:00,lan/sala1/sensor/hum,29.39
2025-11-17 09:49:01,lan/sala1/sensor/temp,25.63
2025-11-17 09:49:01,lan/sala2/sensor/temp,22.11
2025-11-17 09:49:02,lan/sala1/sensor/hum,23.12
2025-11-17 09:49:03,lan/sala1/sensor/temp,24.08
2025-11-17 09:49:03,lan/sala2/sensor/temp,28.58
2025-11-17 09:49:04,lan/sala1/sensor/hum,23.08
2025-11-17 09:49:05,lan/sala1/sensor/temp,24.05
2025-11-17 09:49:05,lan/sala2/sensor/temp,27.32
2025-11-17 09:49:06,lan/sala1/sensor/hum,29.36
2025-11-17 09:49:07,lan/sala1/sensor/temp,27.91
2025-11-17 09:49:07,lan/sala2/sensor/temp,21.41
2025-11-17 09:49:08,lan/sala1/sensor/hum,22.99
2025-11-17 09:49:09,lan/sala1/sensor/temp,20.09
2025-11-17 09:49:09,lan/sala2/sensor/temp,29.88
2025-11-17 09:49:10,lan/sala1/sensor/hum,25.55
2025-11-17 09:49:11,lan/sala1/sensor/temp,18.4
2025-11-17 09:49:11,lan/sala2/sensor/temp,21.68
2025-11-17 09:49:12,lan/sala1/sensor/hum,21.67
2025-11-17 09:49:13,lan/sala1/sensor/temp,28.38
2025-11-17 09:49:13,lan/sala2/sensor/temp,18.91
2025-11-17 09:49:14,lan/sala1/sensor/hum,18.79
2025-11-17 09:49:15,lan/sala1/sensor/temp,26.36
2025-11-17 09:49:15,lan/sala2/sensor/temp,19.89
2025-11-17 09:49:16,lan/sala1/sensor/hum,19.83
2025-11-17 09:49:17,lan/sala1/sensor/temp,23.91
2025-11-17 09:49:17,lan/sala2/sensor/temp,20.58
2025-11-17 09:49:18,lan/sala1/sensor/hum,19.49
2025-11-17 09:49:19,lan/sala1/sensor/temp,24.11
2025-11-17 09:49:19,lan/sala2/sensor/temp,29.73
2025-11-17 09:49:20,lan/sala1/sensor/hum,23.82
2025-11-17 09:49:21,lan/sala1/sensor/temp,24.35
2025-11-17 09:49:21,lan/sala2/sensor/temp,20.28
2025-11-17 09:49:22,lan/sala1/sensor/hum,28.42
2025-11-17 09:49:23,lan/sala1/sensor/temp,20.0
2025-11-17 09:49:23,lan/sala2/sensor/temp,27.01
2025-11-17 09:49:24,lan/sala1/sensor/hum,24.6
2025-11-17 09:49:25,lan/sala1/sensor/temp,28.72
2025-11-17 09:49:25,lan/sala2/sensor/temp,29.43
2025-11-17 09:49:26,lan/sala1/sensor/hum,23.11
2025-11-17 09:49:27,lan/sala1/sensor/temp,28.03
2025-11-17 09:49:27,lan/sala2/sensor/temp,18.98
2025-11-17 09:49:28,lan/sala1/sensor/hum,21.2
2025-11-17 09:49:29,lan/sala1/sensor/temp,27.66
2025-11-17 09:49:29,lan/sala2/sensor/temp,29.42
2025-11-17 09:49:30,lan/sala1/sensor/hum,29.58
2025-11-17 09:49:31,lan/sala1/sensor/temp,20.73
2025-11-17 09:49:31,lan/sala2/sensor/temp,22.05
2025-11-17 09:49:32,lan/sala1/sensor/hum,23.67
2025-11-17 09:49:33,lan/sala1/sensor/temp,21.03
2025-11-17 09:49:33,lan/sala2/sensor/temp,29.95
2025-11-17 09:49:34,lan/sala1/sensor/hum,18.25
2025-11-17 09:49:35,lan/sala1/sensor/temp,27.32
2025-11-17 09:49:35,lan/sala2/sensor/temp,20.11
2025-11-17 09:49:36,lan/sala1/sensor/hum,27.45
2025-11-17 09:49:37,lan/sala1/sensor/temp,25.62
2025-11-17 09:49:37,lan/sala2/sensor/temp,28.99
2025-11-17 09:49:38,lan/sala1/sensor/hum,27.29
2025-11-17 09:49:39,lan/sala1/sensor/temp,24.26
2025-11-17 09:49:39,lan/sala2/sensor/temp,28.54
2025-11-17 09:49:40,lan/sala1/sensor/hum,19.11
2025-11-17 09:49:41,lan/sala1/sensor/temp,23.38
2025-11-17 09:49:41,lan/sala2/sensor/temp,18.5
2025-11-17 09:49:42,lan/sala1/sensor/hum,20.16
2025-11-17 09:49:43,lan/sala1/sensor/temp,23.48
2025-11-17 09:49:43,lan/sala2/sensor/temp,19.95
2025-11-17 09:49:44,lan/sala1/sensor/hum,28.66
2025-11-17 09:49:45,lan/sala1/sensor/temp,27.1
2025-11-17 09:49:45,lan/sala2/sensor/temp,26.39
2025-11-17 09:49:46,lan/sala1/sensor/hum,28.2
2025-11-17 09:49:47,lan/sala1/sensor/temp,27.05
2025-11-17 09:49:47,lan/sala2/sensor/temp,25.45
2025-11-17 09:49:48,lan/sala1/sensor/hum,28.0
2025-11-17 09:49:49,lan/sala1/sensor/temp,24.94
2025-11-17 09:49:49,lan/sala2/sensor/temp,29.93
2025-11-17 09:49:50,lan/sala1/sensor/hum,24.01
2025-11-17 09:49:51,lan/sala1/sensor/temp,20.57
2025-11-17 09:49:51,lan/sala2/sensor/temp,26.97
2025-11-17 09:49:52,lan/sala1/sensor/hum,19.53
2025-11-17 09:49:53,lan/sala1/sensor/temp,23.38
2025-11-17 09:49:53,lan/sala2/sensor/temp,23.77
2025-11-17 09:49:54,lan/sala1/sensor/hum,27.45
2025-11-17 09:49:55,lan/sala1/sensor/temp,21.17
2025-11-17 09:49:55,lan/sala2/sensor/temp,19.2
2025-11-17 09:49:56,lan/sala1/sensor/hum,26.41
2025-11-17 09:49:57,lan/sala1/sensor/temp,19.55
2025-11-17 09:49:58,lan/sala2/sensor/temp,20.36
2025-11-17 09:49:58,lan/sala1/sensor/hum,27.49
2025-11-17 09:49:59,lan/sala1/sensor/temp,24.89
2025-11-17 09:49:59,lan/sala2/sensor/temp,26.2
2025-11-17 09:50:00,lan/sala1/sensor/hum,21.97
2025-11-17 09:50:01,lan/sala1/sensor/temp,23.91
2025-11-17 09:50:01,lan/sala2/sensor/temp,28.9
2025-11-17 09:50:02,lan/sala1/sensor/hum,29.81
2025-11-17 09:50:03,lan/sala1/sensor/temp,22.96
2025-11-17 09:50:03,lan/sala2/sensor/temp,21.79
2025-11-17 09:50:04,lan/sala1/sensor/hum,18.24
2025-11-17 09:50:05,lan/sala1/sensor/temp,19.85
2025-11-17 09:50:06,lan/sala2/sensor/temp,25.23
2025-11-17 09:50:06,lan/sala1/sensor/hum,25.8
2025-11-17 09:50:07,lan/sala1/sensor/temp,20.14
2025-11-17 09:50:08,lan/sala2/sensor/temp,23.37
2025-11-17 09:50:08,lan/sala1/sensor/hum,27.45
2025-11-17 09:50:09,lan/sala1/sensor/temp,27.61
2025-11-17 09:50:09,lan/sala2/sensor/temp,20.73
2025-11-17 09:50:10,lan/sala1/sensor/hum,26.19
2025-11-17 09:50:11,lan/sala1/sensor/temp,29.96
2025-11-17 09:50:12,lan/sala2/sensor/temp,21.95
2025-11-17 09:50:12,lan/sala1/sensor/hum,18.26
2025-11-17 09:50:13,lan/sala1/sensor/temp,27.67
2025-11-17 09:50:14,lan/sala2/sensor/temp,20.19
2025-11-17 09:50:14,lan/sala1/sensor/hum,18.21
2025-11-17 09:50:15,lan/sala1/sensor/temp,26.71
2025-11-17 09:50:16,lan/sala2/sensor/temp,25.62
2025-11-17 09:50:16,lan/sala1/sensor/hum,19.01
2025-11-17 09:50:17,lan/sala1/sensor/temp,27.77
2025-11-17 09:50:18,lan/sala2/sensor/temp,23.74
2025-11-17 09:50:18,lan/sala1/sensor/hum,18.09
2025-11-17 09:50:19,lan/sala1/sensor/temp,27.27
2025-11-17 09:50:20,lan/sala2/sensor/temp,26.88
2025-11-17 09:50:20,lan/sala1/sensor/hum,28.94
2025-11-17 09:50:21,lan/sala1/sensor/temp,28.53
2025-11-17 09:50:22,lan/sala2/sensor/temp,27.05
2025-11-17 09:50:22,lan/sala1/sensor/hum,25.62
2025-11-17 09:50:23,lan/sala1/sensor/temp,19.4
2025-11-17 09:50:24,lan/sala2/sensor/temp,25.11
2025-11-17 09:50:24,lan/sala1/sensor/hum,25.1
2025-11-17 09:50:25,lan/sala1/sensor/temp,18.11
2025-11-17 09:50:26,lan/sala2/sensor/temp,22.75
2025-11-17 09:50:26,lan/sala1/sensor/hum,21.93
2025-11-17 09:50:27,lan/sala1/sensor/temp,29.86
2025-11-17 09:50:28,lan/sala2/sensor/temp,18.31
2025-11-17 09:50:28,lan/broadcast/all,STOP
2025-11-17 09:57:20,lan/broadcast/all,START
2025-11-17 09:57:21,lan/sala1/sensor/hum,26.35
2025-11-17 09:57:21,lan/sala1/sensor/temp,19.73
2025-11-17 09:57:22,lan/sala2/sensor/temp,23.65
2025-11-17 09:57:22,lan/sala1/sensor/hum,22.75
2025-11-17 09:57:23,lan/sala1/sensor/temp,21.0
2025-11-17 09:57:24,lan/sala2/sensor/temp,28.75
2025-11-17 09:57:24,lan/sala1/sensor/hum,18.91
2025-11-17 09:57:25,lan/sala1/sensor/temp,19.12
2025-11-17 09:57:26,lan/sala2/sensor/temp,21.02
2025-11-17 09:57:26,lan/sala1/sensor/hum,20.73
2025-11-17 09:57:27,lan/sala1/sensor/temp,24.78
2025-11-17 09:57:28,lan/sala2/sensor/temp,19.3
2025-11-17 09:57:28,lan/sala1/sensor/hum,22.57
2025-11-17 09:57:29,lan/sala1/sensor/temp,27.97
2025-11-17 09:57:30,lan/sala2/sensor/temp,18.04
2025-11-17 09:57:30,lan/sala1/sensor/hum,18.51
2025-11-17 09:57:31,lan/sala1/sensor/temp,25.54
2025-11-17 09:57:32,lan/sala2/sensor/temp,19.87
2025-11-17 09:57:32,lan/sala1/sensor/hum,22.6
2025-11-17 09:57:33,lan/sala1/sensor/temp,26.28
2025-11-17 09:57:34,lan/sala2/sensor/temp,26.95
2025-11-17 09:57:34,lan/sala1/sensor/hum,19.61
2025-11-17 09:57:35,lan/sala1/sensor/temp,26.57
2025-11-17 09:57:36,lan/sala2/sensor/temp,21.37
2025-11-17 09:57:36,lan/sala1/sensor/hum,22.71
2025-11-17 09:57:37,lan/sala1/sensor/temp,21.56
2025-11-17 09:57:38,lan/sala2/sensor/temp,18.45
2025-11-17 09:57:38,lan/sala1/sensor/hum,27.23
2025-11-17 09:57:39,lan/sala1/sensor/temp,24.49
2025-11-17 09:57:40,lan/sala2/sensor/temp,23.32
2025-11-17 09:57:40,lan/sala1/sensor/hum,18.39
2025-11-17 09:57:41,lan/sala1/sensor/temp,19.54
2025-11-17 09:57:42,lan/sala2/sensor/temp,21.69
2025-11-17 09:57:42,lan/sala1/sensor/hum,19.73
2025-11-17 09:57:43,lan/sala1/sensor/temp,18.56
2025-11-17 09:57:44,lan/sala2/sensor/temp,23.35
2025-11-17 09:57:44,lan/sala1/sensor/hum,20.35
2025-11-17 09:57:45,lan/sala1/sensor/temp,22.82
2025-11-17 09:57:46,lan/sala2/sensor/temp,25.59
2025-11-17 09:57:46,lan/sala1/sensor/hum,23.48
2025-11-17 09:57:47,lan/sala1/sensor/temp,21.64
2025-11-17 09:57:48,lan/sala2/sensor/temp,29.17
2025-11-17 09:57:48,lan/sala1/sensor/hum,18.07
2025-11-17 09:57:49,lan/sala1/sensor/temp,25.63
2025-11-17 09:57:50,lan/sala2/sensor/temp,20.72
2025-11-17 09:57:50,lan/sala1/sensor/hum,28.63
2025-11-17 09:57:51,lan/sala1/sensor/temp,29.54
2025-11-17 09:57:52,lan/sala2/sensor/temp,22.57
2025-11-17 09:57:52,lan/sala1/sensor/hum,26.38
2025-11-17 09:57:53,lan/sala1/sensor/temp,25.63
2025-11-17 09:57:54,lan/sala2/sensor/temp,22.52
2025-11-17 09:57:54,lan/sala1/sensor/hum,22.06
2025-11-17 09:57:55,lan/sala1/sensor/temp,25.14
2025-11-17 09:57:56,lan/sala2/sensor/temp,20.17
2025-11-17 09:57:56,lan/sala1/sensor/hum,28.92
2025-11-17 09:57:57,lan/sala1/sensor/temp,18.57
2025-11-17 09:57:58,lan/sala2/sensor/temp,21.78
2025-11-17 09:57:58,lan/sala1/sensor/hum,23.57
2025-11-17 09:57:59,lan/sala1/sensor/temp,25.48
2025-11-17 09:58:00,lan/sala2/sensor/temp,19.96
2025-11-17 09:58:00,lan/sala1/sensor/hum,22.87
2025-11-17 09:58:01,lan/sala1/sensor/temp,23.1
2025-11-17 09:58:02,lan/sala2/sensor/temp,29.0
2025-11-17 09:58:02,lan/sala1/sensor/hum,21.49
2025-11-17 09:58:03,lan/sala1/sensor/temp,27.84
2025-11-17 09:58:04,lan/sala2/sensor/temp,18.2
2025-11-17 09:58:04,lan/sala1/sensor/hum,19.71
2025-11-17 09:58:05,lan/sala1/sensor/temp,18.28
2025-11-17 09:58:06,lan/sala2/sensor/temp,19.53
2025-11-17 09:58:06,lan/sala1/sensor/hum,24.51
2025-11-17 09:58:07,lan/sala1/sensor/temp,25.85
2025-11-17 09:58:08,lan/sala2/sensor/temp,26.01
2025-11-17 09:58:08,lan/sala1/sensor/hum,28.25
2025-11-17 09:58:09,lan/sala1/sensor/temp,19.5
2025-11-17 09:58:10,lan/sala2/sensor/temp,24.18
2025-11-17 09:58:10,lan/sala1/sensor/hum,19.27
2025-11-17 09:58:11,lan/sala1/sensor/temp,26.97
2025-11-17 09:58:12,lan/sala2/sensor/temp,23.07
2025-11-17 09:58:12,lan/sala1/sensor/hum,23.79
2025-11-17 09:58:13,lan/sala1/sensor/temp,29.98
2025-11-17 09:58:14,lan/sala2/sensor/temp,26.11
2025-11-17 09:58:14,lan/sala1/sensor/hum,18.87
2025-11-17 09:58:15,lan/sala1/sensor/temp,20.89
2025-11-17 09:58:16,lan/sala2/sensor/temp,23.12
2025-11-17 09:58:16,lan/sala1/sensor/hum,24.66
2025-11-17 09:58:17,lan/sala1/sensor/temp,24.27
2025-11-17 09:58:18,lan/sala2/sensor/temp,27.48
2025-11-17 09:58:18,lan/sala1/sensor/hum,22.95
2025-11-17 09:58:19,lan/sala1/sensor/temp,29.19
2025-11-17 09:58:20,lan/sala2/sensor/temp,27.39
2025-11-17 09:58:20,lan/sala1/sensor/hum,29.7
2025-11-17 09:58:21,lan/sala1/sensor/temp,21.06
2025-11-17 09:58:22,lan/sala2/sensor/temp,18.83
2025-11-17 09:58:22,lan/sala1/sensor/hum,23.97
2025-11-17 09:58:23,lan/sala1/sensor/temp,18.09
2025-11-17 09:58:24,lan/sala2/sensor/temp,22.56
2025-11-17 09:58:24,lan/sala1/sensor/hum,24.81
2025-11-17 09:58:25,lan/sala1/sensor/temp,26.56
2025-11-17 09:58:26,lan/sala2/sensor/temp,18.64
2025-11-17 09:58:26,lan/sala1/sensor/hum,24.19
2025-11-17 09:58:27,lan/sala1/sensor/temp,19.0
2025-11-17 09:58:28,lan/sala2/sensor/temp,25.85
2025-11-17 09:58:28,lan/sala1/sensor/hum,22.9
2025-11-17 09:58:29,lan/sala1/sensor/temp,21.25
2025-11-17 09:58:30,lan/sala2/sensor/temp,27.78
2025-11-17 09:58:30,lan/sala1/sensor/hum,24.62
2025-11-17 09:58:31,lan/sala1/sensor/temp,18.16
2025-11-17 09:58:32,lan/sala2/sensor/temp,29.59
2025-11-17 09:58:32,lan/sala1/sensor/hum,25.48
2025-11-17 09:58:33,lan/sala1/sensor/temp,23.2
2025-11-17 09:58:34,lan/sala2/sensor/temp,24.04
2025-11-17 09:58:34,lan/sala1/sensor/hum,24.26
2025-11-17 09:58:35,lan/sala1/sensor/temp,24.06
2025-11-17 09:58:36,lan/sala2/sensor/temp,22.22
2025-11-17 09:58:36,lan/sala1/sensor/hum,23.49
2025-11-17 09:58:37,lan/sala1/sensor/temp,21.78
2025-11-17 09:58:38,lan/sala2/sensor/temp,27.88
2025-11-17 09:58:38,lan/sala1/sensor/hum,19.48
2025-11-17 09:58:39,lan/sala1/sensor/temp,19.47
2025-11-17 09:58:40,lan/sala2/sensor/temp,26.01
2025-11-17 09:58:40,lan/sala1/sensor/hum,28.54
2025-11-17 09:58:41,lan/sala1/sensor/temp,28.73
2025-11-17 09:58:42,lan/sala2/sensor/temp,27.12
2025-11-17 09:58:42,lan/sala1/sensor/hum,23.41
2025-11-17 09:58:43,lan/sala1/sensor/temp,26.32
2025-11-17 09:58:44,lan/sala2/sensor/temp,20.53
2025-11-17 09:58:44,lan/sala1/sensor/hum,27.59
2025-11-17 09:58:45,lan/sala1/sensor/temp,25.35
2025-11-17 09:58:46,lan/sala2/sensor/temp,20.79
2025-11-17 09:58:46,lan/sala1/sensor/hum,28.24
2025-11-17 09:58:47,lan/sala1/sensor/temp,28.7
2025-11-17 09:58:48,lan/sala2/sensor/temp,20.69
2025-11-17 09:58:48,lan/sala1/sensor/hum,28.31
2025-11-17 09:58:49,lan/sala1/sensor/temp,20.2
2025-11-17 09:58:50,lan/sala2/sensor/temp,24.33
2025-11-17 09:58:50,lan/sala1/sensor/hum,19.48
2025-11-17 09:58:51,lan/sala1/sensor/temp,23.75
2025-11-17 09:58:52,lan/sala2/sensor/temp,19.57
2025-11-17 09:58:52,lan/sala1/sensor/hum,19.03
2025-11-17 09:58:53,lan/sala1/sensor/temp,18.35
2025-11-17 09:58:54,lan/sala2/sensor/temp,23.95
2025-11-17 09:58:54,lan/sala1/sensor/hum,28.87
2025-11-17 09:58:55,lan/sala1/sensor/temp,18.69
2025-11-17 09:58:56,lan/sala2/sensor/temp,22.8
2025-11-17 09:58:56,lan/sala1/sensor/hum,26.0
2025-11-17 09:58:57,lan/sala1/sensor/temp,24.59
2025-11-17 09:58:58,lan/sala2/sensor/temp,26.35
2025-11-17 09:58:58,lan/sala1/sensor/hum,19.04
2025-11-17 09:58:59,lan/sala1/sensor/temp,28.29
2025-11-17 09:59:00,lan/sala2/sensor/temp,26.92
2025-11-17 09:59:00,lan/sala1/sensor/hum,26.05
2025-11-17 09:59:01,lan/sala1/sensor/temp,21.14
2025-11-17 09:59:02,lan/sala2/sensor/temp,25.81
2025-11-17 09:59:02,lan/sala1/sensor/hum,19.15
2025-11-17 09:59:03,lan/sala1/sensor/temp,19.45
2025-11-17 09:59:04,lan/sala2/sensor/temp,26.0
2025-11-17 09:59:04,lan/sala1/sensor/hum,19.06
2025-11-17 09:59:05,lan/sala1/sensor/temp,19.16
2025-11-17 09:59:06,lan/sala2/sensor/temp,26.62
2025-11-17 09:59:06,lan/sala1/sensor/hum,27.63
2025-11-17 09:59:07,lan/sala1/sensor/temp,25.72
2025-11-17 09:59:08,lan/sala2/sensor/temp,25.2
2025-11-17 09:59:08,lan/sala1/sensor/hum,25.04
2025-11-17 09:59:09,lan/sala1/sensor/temp,24.1
2025-11-17 09:59:10,lan/sala2/sensor/temp,22.95
2025-11-17 09:59:10,lan/sala1/sensor/hum,25.92
2025-11-17 09:59:11,lan/sala1/sensor/temp,19.78
2025-11-17 09:59:12,lan/sala2/sensor/temp,23.86
2025-11-17 09:59:12,lan/sala1/sensor/hum,25.16
2025-11-17 09:59:13,lan/sala1/sensor/temp,26.47
2025-11-17 09:59:14,lan/sala2/sensor/temp,27.04
2025-11-17 09:59:14,lan/sala1/sensor/hum,23.68
2025-11-17 09:59:15,lan/sala1/sensor/temp,21.3
2025-11-17 09:59:16,lan/sala2/sensor/temp,18.29
2025-11-17 09:59:16,lan/sala1/sensor/hum,25.28
2025-11-17 09:59:17,lan/sala1/sensor/temp,28.2
2025-11-17 09:59:18,lan/sala2/sensor/temp,18.0
2025-11-17 09:59:18,lan/sala1/sensor/hum,27.23
2025-11-17 09:59:19,lan/sala1/sensor/temp,25.28
2025-11-17 09:59:20,lan/sala2/sensor/temp,20.58
2025-11-17 09:59:21,lan/sala1/sensor/hum,22.57
2025-11-17 09:59:21,lan/sala1/sensor/temp,18.27
2025-11-17 09:59:22,lan/sala2/sensor/temp,24.66
2025-11-17 09:59:22,lan/sala1/sensor/hum,20.65
2025-11-17 09:59:23,lan/sala1/sensor/temp,25.68
2025-11-17 09:59:24,lan/sala2/sensor/temp,18.38
2025-11-17 09:59:25,lan/sala1/sensor/hum,21.57
2025-11-17 09:59:25,lan/sala1/sensor/temp,19.2
2025-11-17 09:59:26,lan/sala2/sensor/temp,25.24
2025-11-17 09:59:26,lan/sala1/sensor/hum,29.17
2025-11-17 09:59:27,lan/sala1/sensor/temp,27.96
2025-11-17 09:59:28,lan/sala2/sensor/temp,24.5
2025-11-17 09:59:28,lan/sala1/sensor/hum,27.99
2025-11-17 09:59:29,lan/sala1/sensor/temp,19.51
2025-11-17 09:59:30,lan/sala2/sensor/temp,23.23
2025-11-17 09:59:30,lan/sala1/sensor/hum,21.4
2025-11-17 09:59:31,lan/sala1/sensor/temp,23.07
2025-11-17 09:59:32,lan/sala2/sensor/temp,28.88
2025-11-17 09:59:32,lan/sala1/sensor/hum,22.36
2025-11-17 09:59:33,lan/sala1/sensor/temp,24.92
2025-11-17 09:59:34,lan/sala2/sensor/temp,24.66
2025-11-17 09:59:34,lan/sala1/sensor/hum,22.94
2025-11-17 09:59:35,lan/sala1/sensor/temp,19.6
2025-11-17 09:59:36,lan/sala2/sensor/temp,19.06
2025-11-17 09:59:36,lan/sala1/sensor/hum,19.97
2025-11-17 09:59:37,lan/sala1/sensor/temp,18.43
2025-11-17 09:59:38,lan/sala2/sensor/temp,22.6
2025-11-17 09:59:38,lan/sala1/sensor/hum,18.83
2025-11-17 09:59:39,lan/sala1/sensor/temp,18.22
2025-11-17 09:59:40,lan/sala2/sensor/temp,24.18
2025-11-17 09:59:41,lan/sala1/sensor/hum,22.64
2025-11-17 09:59:41,lan/sala1/sensor/temp,20.8
2025-11-17 09:59:42,lan/sala2/sensor/temp,18.2
2025-11-17 09:59:42,lan/sala1/sensor/hum,22.14
2025-11-17 09:59:43,lan/sala1/sensor/temp,27.1
2025-11-17 09:59:44,lan/sala2/sensor/temp,26.42
2025-11-17 09:59:45,lan/sala1/sensor/hum,26.69
2025-11-17 09:59:45,lan/sala1/sensor/temp,29.46
2025-11-17 09:59:46,lan/sala2/sensor/temp,23.82
2025-11-17 09:59:47,lan/sala1/sensor/hum,21.72
2025-11-17 09:59:47,lan/sala1/sensor/temp,19.63
2025-11-17 09:59:48,lan/sala2/sensor/temp,23.44
2025-11-17 09:59:48,lan/sala1/sensor/hum,22.48
2025-11-17 09:59:49,lan/sala1/sensor/temp,29.73
2025-11-17 09:59:50,lan/sala2/sensor/temp,22.5
2025-11-17 09:59:50,lan/sala1/sensor/hum,23.45
2025-11-17 09:59:51,lan/sala1/sensor/temp,26.13
2025-11-17 09:59:52,lan/sala2/sensor/temp,23.64
2025-11-17 09:59:52,lan/sala1/sensor/hum,29.52
2025-11-17 09:59:53,lan/sala1/sensor/temp,22.17
2025-11-17 09:59:54,lan/sala2/sensor/temp,20.04
2025-11-17 09:59:54,lan/sala1/sensor/hum,23.52
2025-11-17 09:59:55,lan/sala1/sensor/temp,20.63
2025-11-17 09:59:56,lan/sala2/sensor/temp,29.26
2025-11-17 09:59:57,lan/sala1/sensor/hum,21.49
2025-11-17 09:59:57,lan/sala1/sensor/temp,21.64
2025-11-17 09:59:58,lan/sala2/sensor/temp,28.23
2025-11-17 09:59:59,lan/sala1/sensor/hum,24.64
2025-11-17 10:00:00,lan/sala1/sensor/temp,29.08
2025-11-17 10:00:00,lan/sala2/sensor/temp,27.68
2025-11-17 10:00:01,lan/sala1/sensor/hum,22.59
2025-11-17 10:00:01,lan/sala1/sensor/temp,28.89
2025-11-17 10:00:02,lan/sala2/sensor/temp,19.84
2025-11-17 10:00:03,lan/sala1/sensor/hum,27.64
2025-11-17 10:00:03,lan/sala1/sensor/temp,26.73
2025-11-17 10:00:04,lan/sala2/sensor/temp,18.17
2025-11-17 10:00:05,lan/sala1/sensor/hum,26.84
2025-11-17 10:00:05,lan/sala1/sensor/temp,19.41
2025-11-17 10:00:06,lan/sala2/sensor/temp,24.86
2025-11-17 10:00:07,lan/sala1/sensor/hum,24.52
2025-11-17 10:00:07,lan/sala1/sensor/temp,22.58
2025-11-17 10:00:08,lan/sala2/sensor/temp,27.59
2025-11-17 10:00:09,lan/sala1/sensor/hum,27.78
2025-11-17 10:00:09,lan/sala1/sensor/temp,20.14
2025-11-17 10:00:10,lan/sala2/sensor/temp,21.58
2025-11-17 10:00:11,lan/sala1/sensor/hum,29.58
2025-11-17 10:00:11,lan/sala1/sensor/temp,20.38
2025-11-17 10:00:12,lan/sala2/sensor/temp,25.37
2025-11-17 10:00:13,lan/sala1/sensor/hum,21.47
2025-11-17 10:00:13,lan/sala1/sensor/temp,29.14
2025-11-17 10:00:14,lan/sala2/sensor/temp,24.97
2025-11-17 10:00:15,lan/sala1/sensor/hum,21.14
2025-11-17 10:00:15,lan/sala1/sensor/temp,20.47
2025-11-17 10:00:16,lan/sala2/sensor/temp,27.21
2025-11-17 10:00:17,lan/sala1/sensor/hum,29.69
2025-11-17 10:00:17,lan/sala1/sensor/temp,23.59
2025-11-17 10:00:18,lan/sala2/sensor/temp,29.2
2025-11-17 10:00:19,lan/sala1/sensor/hum,26.19
2025-11-17 10:00:19,lan/sala1/sensor/temp,23.92
2025-11-17 10:00:20,lan/sala2/sensor/temp,28.4
2025-11-17 10:00:21,lan/sala1/sensor/hum,25.62
2025-11-17 10:00:21,lan/sala1/sensor/temp,27.01
2025-11-17 10:00:22,lan/sala2/sensor/temp,22.18
2025-11-17 10:00:23,lan/sala1/sensor/hum,24.53
2025-11-17 10:00:23,lan/sala1/sensor/temp,22.34
2025-11-17 10:00:24,lan/sala2/sensor/temp,26.61
2025-11-17 10:00:25,lan/sala1/sensor/hum,19.42
2025-11-17 10:00:25,lan/sala1/sensor/temp,23.35
2025-11-17 10:00:26,lan/sala2/sensor/temp,25.35
2025-11-17 10:00:27,lan/sala1/sensor/hum,20.88
2025-11-17 10:00:27,lan/sala1/sensor/temp,23.26
2025-11-17 10:00:28,lan/sala2/sensor/temp,23.09
2025-11-17 10:00:29,lan/sala1/sensor/hum,29.56
2025-11-17 10:00:29,lan/sala1/sensor/temp,18.94
2025-11-17 10:00:30,lan/sala2/sensor/temp,25.85
2025-11-17 10:00:31,lan/sala1/sensor/hum,28.76
2025-11-17 10:00:31,lan/sala1/sensor/temp,18.94
2025-11-17 10:00:32,lan/sala2/sensor/temp,22.1
2025-11-17 10:00:33,lan/sala1/sensor/hum,18.56
2025-11-17 10:00:33,lan/sala1/sensor/temp,20.81
2025-11-17 10:00:34,lan/sala2/sensor/temp,22.25
2025-11-17 10:00:35,lan/sala1/sensor/hum,24.43
2025-11-17 10:00:35,lan/sala1/sensor/temp,20.06
2025-11-17 10:00:36,lan/sala2/sensor/temp,22.8
2025-11-17 10:00:37,lan/sala1/sensor/hum,29.53
2025-11-17 10:00:37,lan/sala1/sensor/temp,29.75
2025-11-17 10:00:38,lan/sala2/sensor/temp,26.97
2025-11-17 10:00:39,lan/sala1/sensor/hum,27.33
2025-11-17 10:00:39,lan/sala1/sensor/temp,26.51
2025-11-17 10:00:40,lan/sala2/sensor/temp,20.78
2025-11-17 10:00:41,lan/sala1/sensor/hum,29.66
2025-11-17 10:00:41,lan/sala1/sensor/temp,24.23
2025-11-17 10:00:42,lan/sala2/sensor/temp,29.74
2025-11-17 10:00:43,lan/sala1/sensor/hum,25.39
2025-11-17 10:00:43,lan/sala1/sensor/temp,26.27
2025-11-17 10:00:44,lan/sala2/sensor/temp,21.05
2025-11-17 10:00:45,lan/sala1/sensor/hum,26.96
2025-11-17 10:00:45,lan/sala1/sensor/temp,24.07
2025-11-17 10:00:46,lan/sala2/sensor/temp,23.34
2025-11-17 10:00:47,lan/sala1/sensor/hum,23.54
2025-11-17 10:00:47,lan/sala1/sensor/temp,28.19
2025-11-17 10:00:48,lan/sala2/sensor/temp,24.18
2025-11-17 10:00:49,lan/sala1/sensor/hum,26.24
2025-11-17 10:00:49,lan/sala1/sensor/temp,20.23
2025-11-17 10:00:50,lan/sala2/sensor/temp,21.1
2025-11-17 10:00:51,lan/sala1/sensor/hum,21.42
2025-11-17 10:00:51,lan/sala1/sensor/temp,29.78
2025-11-17 10:00:52,lan/sala2/sensor/temp,22.0
2025-11-17 10:00:53,lan/sala1/sensor/hum,19.53
2025-11-17 10:00:53,lan/sala1/sensor/temp,29.21
2025-11-17 10:00:54,lan/sala2/sensor/temp,26.03
2025-11-17 10:00:55,lan/sala1/sensor/hum,25.2
2025-11-17 10:00:55,lan/sala1/sensor/temp,23.98
2025-11-17 10:00:56,lan/sala2/sensor/temp,21.56
2025-11-17 10:00:57,lan/sala1/sensor/hum,28.56
2025-11-17 10:00:57,lan/sala1/sensor/temp,20.64
2025-11-17 10:00:58,lan/sala2/sensor/temp,26.29
2025-11-17 10:00:59,lan/sala1/sensor/hum,28.13
2025-11-17 10:00:59,lan/sala1/sensor/temp,24.15
2025-11-17 10:01:00,lan/sala2/sensor/temp,29.57
2025-11-17 10:01:01,lan/sala1/sensor/hum,26.88
2025-11-17 10:01:01,lan/sala1/sensor/temp,18.07
2025-11-17 10:01:02,lan/sala2/sensor/temp,19.38
2025-11-17 10:01:03,lan/sala1/sensor/hum,24.99
2025-11-17 10:01:03,lan/sala1/sensor/temp,29.54
2025-11-17 10:01:04,lan/sala2/sensor/temp,21.57
2025-11-17 10:01:05,lan/sala1/sensor/hum,25.1
2025-11-17 10:01:05,lan/sala1/sensor/temp,24.58
2025-11-17 10:01:06,lan/sala2/sensor/temp,19.74
2025-11-17 10:01:07,lan/sala1/sensor/hum,19.38
2025-11-17 10:01:07,lan/sala1/sensor/temp,29.45
2025-11-17 10:01:08,lan/sala2/sensor/temp,28.18
2025-11-17 10:01:09,lan/sala1/sensor/hum,27.43
2025-11-17 10:01:09,lan/sala1/sensor/temp,24.61
2025-11-17 10:01:10,lan/sala2/sensor/temp,27.11
2025-11-17 10:01:11,lan/sala1/sensor/hum,27.31
2025-11-17 10:01:12,lan/sala1/sensor/temp,25.24
2025-11-17 10:01:12,lan/sala2/sensor/temp,26.52
2025-11-17 10:01:13,lan/sala1/sensor/hum,20.72
2025-11-17 10:01:13,lan/sala1/sensor/temp,27.0
2025-11-17 10:01:14,lan/sala2/sensor/temp,27.2
2025-11-17 10:01:15,lan/sala1/sensor/hum,18.76
2025-11-17 10:01:15,lan/sala1/sensor/temp,27.92
2025-11-17 10:01:16,lan/sala2/sensor/temp,26.19
2025-11-17 10:01:17,lan/sala1/sensor/hum,20.4
2025-11-17 10:01:18,lan/sala1/sensor/temp,25.02
2025-11-17 10:01:18,lan/sala2/sensor/temp,25.98
2025-11-17 10:01:19,lan/sala1/sensor/hum,21.94
2025-11-17 10:01:19,lan/sala1/sensor/temp,25.94
2025-11-17 10:01:20,lan/sala2/sensor/temp,22.09
2025-11-17 10:01:21,lan/sala1/sensor/hum,18.78
2025-11-17 10:01:21,lan/sala1/sensor/temp,27.43
2025-11-17 10:01:22,lan/sala2/sensor/temp,24.09
2025-11-17 10:01:23,lan/sala1/sensor/hum,25.43
2025-11-17 10:01:23,lan/sala1/sensor/temp,21.9
2025-11-17 10:01:24,lan/sala2/sensor/temp,25.08
2025-11-17 10:01:25,lan/sala1/sensor/hum,25.5
2025-11-17 10:01:25,lan/sala1/sensor/temp,23.1
2025-11-17 10:01:26,lan/sala2/sensor/temp,18.02
2025-11-17 10:01:27,lan/sala1/sensor/hum,22.3
2025-11-17 10:01:27,lan/sala1/sensor/temp,19.16
2025-11-17 10:01:28,lan/sala2/sensor/temp,27.39
2025-11-17 10:01:29,lan/sala1/sensor/hum,25.93
2025-11-17 10:01:29,lan/sala1/sensor/temp,22.38
2025-11-17 10:01:30,lan/sala2/sensor/temp,28.96
2025-11-17 10:01:31,lan/sala1/sensor/hum,21.2
2025-11-17 10:01:31,lan/sala1/sensor/temp,19.31
2025-11-17 10:01:32,lan/sala2/sensor/temp,26.29
2025-11-17 10:01:33,lan/sala1/sensor/hum,21.55
2025-11-17 10:01:33,lan/sala1/sensor/temp,28.89
2025-11-17 10:01:34,lan/sala2/sensor/temp,29.52
2025-11-17 10:01:35,lan/sala1/sensor/hum,18.87
2025-11-17 10:01:35,lan/sala1/sensor/temp,26.22
2025-11-17 10:01:36,lan/sala2/sensor/temp,24.74
2025-11-17 10:01:37,lan/sala1/sensor/hum,20.87
2025-11-17 10:01:37,lan/sala1/sensor/temp,21.27
2025-11-17 10:01:38,lan/sala2/sensor/temp,22.85
2025-11-17 10:01:39,lan/sala1/sensor/hum,29.3
2025-11-17 10:01:39,lan/sala1/sensor/temp,28.66
2025-11-17 10:01:40,lan/sala2/sensor/temp,24.15
2025-11-17 10:01:41,lan/sala1/sensor/hum,22.55
2025-11-17 10:01:41,lan/sala1/sensor/temp,21.63
2025-11-17 10:01:42,lan/sala2/sensor/temp,20.09
2025-11-17 10:01:43,lan/sala1/sensor/hum,19.15
2025-11-17 10:01:43,lan/sala1/sensor/temp,26.09
2025-11-17 10:01:44,lan/sala2/sensor/temp,29.64
2025-11-17 10:01:45,lan/sala1/sensor/hum,29.66
2025-11-17 10:01:45,lan/sala1/sensor/temp,25.17
2025-11-17 10:01:46,lan/sala2/sensor/temp,27.86
2025-11-17 10:01:47,lan/sala1/sensor/hum,29.19
2025-11-17 10:01:47,lan/sala1/sensor/temp,26.63
2025-11-17 10:01:48,lan/sala2/sensor/temp,23.15
2025-11-17 10:01:49,lan/sala1/sensor/hum,25.92
2025-11-17 10:01:49,lan/sala1/sensor/temp,25.08
2025-11-17 10:01:50,lan/sala2/sensor/temp,23.17
2025-11-17 10:01:51,lan/sala1/sensor/hum,24.17
2025-11-17 10:01:51,lan/sala1/sensor/temp,25.4
2025-11-17 10:01:52,lan/sala2/sensor/temp,27.26
2025-11-17 10:01:53,lan/sala1/sensor/hum,19.85
2025-11-17 10:01:53,lan/sala1/sensor/temp,26.51
2025-11-17 10:01:54,lan/sala2/sensor/temp,20.9
2025-11-17 10:01:55,lan/sala1/sensor/hum,25.18
2025-11-17 10:01:55,lan/sala1/sensor/temp,25.24
2025-11-17 10:01:56,lan/sala2/sensor/temp,28.36
2025-11-17 10:01:57,lan/sala1/sensor/hum,21.19
2025-11-17 10:01:57,lan/sala1/sensor/temp,26.76
2025-11-17 10:01:58,lan/sala2/sensor/temp,20.44
2025-11-17 10:01:59,lan/sala1/sensor/hum,25.02
2025-11-17 10:01:59,lan/sala1/sensor/temp,26.85
2025-11-17 10:02:00,lan/sala2/sensor/temp,29.31
2025-11-17 10:02:01,lan/sala1/sensor/hum,26.98
2025-11-17 10:02:01,lan/sala1/sensor/temp,25.39
2025-11-17 10:02:02,lan/sala2/sensor/temp,19.61
2025-11-17 10:02:03,lan/sala1/sensor/hum,27.37
2025-11-17 10:02:03,lan/sala1/sensor/temp,25.47
2025-11-17 10:02:04,lan/sala2/sensor/temp,26.07
2025-11-17 10:02:05,lan/sala1/sensor/hum,20.13
2025-11-17 10:02:05,lan/sala1/sensor/temp,27.17
2025-11-17 10:02:06,lan/sala2/sensor/temp,20.41
2025-11-17 10:02:07,lan/sala1/sensor/hum,28.84
2025-11-17 10:02:07,lan/sala1/sensor/temp,29.37
2025-11-17 10:02:08,lan/sala2/sensor/temp,20.95
2025-11-17 10:02:09,lan/sala1/sensor/hum,27.56
2025-11-17 10:02:09,lan/sala1/sensor/temp,20.74
2025-11-17 10:02:10,lan/sala2/sensor/temp,20.82
2025-11-17 10:02:11,lan/sala1/sensor/hum,19.79
2025-11-17 10:02:11,lan/sala1/sensor/temp,21.85
2025-11-17 10:02:12,lan/sala2/sensor/temp,20.18
2025-11-17 10:02:13,lan/sala1/sensor/hum,27.42
2025-11-17 10:02:13,lan/sala1/sensor/temp,20.85
2025-11-17 10:02:14,lan/sala2/sensor/temp,25.24
2025-11-17 10:02:15,lan/sala1/sensor/hum,29.44
2025-11-17 10:02:15,lan/sala1/sensor/temp,24.9
2025-11-17 10:02:16,lan/sala2/sensor/temp,18.96
2025-11-17 10:02:17,lan/sala1/sensor/hum,21.93
2025-11-17 10:02:17,lan/sala1/sensor/temp,18.83
2025-11-17 10:02:18,lan/sala2/sensor/temp,25.0
2025-11-17 10:02:19,lan/sala1/sensor/hum,19.98
2025-11-17 10:02:19,lan/sala1/sensor/temp,19.74
2025-11-17 10:02:20,lan/sala2/sensor/temp,19.83
2025-11-17 10:02:21,lan/sala1/sensor/hum,19.7
2025-11-17 10:02:21,lan/sala1/sensor/temp,26.45
2025-11-17 10:02:22,lan/sala2/sensor/temp,27.05
2025-11-17 10:02:23,lan/sala1/sensor/hum,18.58
2025-11-17 10:02:23,lan/sala1/sensor/temp,19.6
2025-11-17 10:02:24,lan/sala2/sensor/temp,26.1
2025-11-17 10:02:25,lan/sala1/sensor/hum,21.29
2025-11-17 10:02:25,lan/sala1/sensor/temp,26.39
2025-11-17 10:02:26,lan/sala2/sensor/temp,24.66
2025-11-17 10:02:27,lan/sala1/sensor/hum,21.7
2025-11-17 10:02:27,lan/sala1/sensor/temp,29.43
2025-11-17 10:02:28,lan/sala2/sensor/temp,26.72
2025-11-17 10:02:29,lan/sala1/sensor/hum,26.82
2025-11-17 10:02:30,lan/sala1/sensor/temp,18.11
2025-11-17 10:02:30,lan/sala2/sensor/temp,26.72
2025-11-17 10:02:31,lan/sala1/sensor/hum,21.12
2025-11-17 10:02:31,lan/sala1/sensor/temp,20.65
2025-11-17 10:02:32,lan/sala2/sensor/temp,19.24
2025-11-17 10:02:33,lan/sala1/sensor/hum,28.76
2025-11-17 10:02:33,lan/sala1/sensor/temp,20.22
2025-11-17 10:02:34,lan/sala2/sensor/temp,22.61
2025-11-17 10:02:35,lan/sala1/sensor/hum,23.4
2025-11-17 10:02:35,lan/sala1/sensor/temp,24.75
2025-11-17 10:02:36,lan/sala2/sensor/temp,18.52
2025-11-17 10:02:37,lan/sala1/sensor/hum,26.64
2025-11-17 10:02:37,lan/sala1/sensor/temp,19.48
2025-11-17 10:02:38,lan/sala2/sensor/temp,28.81
2025-11-17 10:02:39,lan/sala1/sensor/hum,23.46
2025-11-17 10:02:39,lan/sala1/sensor/temp,20.59
2025-11-17 10:02:40,lan/sala2/sensor/temp,27.03
2025-11-17 10:02:41,lan/sala1/sensor/hum,21.26
2025-11-17 10:02:41,lan/sala1/sensor/temp,26.05
2025-11-17 10:02:42,lan/sala2/sensor/temp,27.35
2025-11-17 10:02:43,lan/sala1/sensor/hum,28.48
2025-11-17 10:02:43,lan/sala1/sensor/temp,29.36
2025-11-17 10:02:44,lan/sala2/sensor/temp,21.57
2025-11-17 10:02:45,lan/sala1/sensor/hum,24.65
2025-11-17 10:02:45,lan/sala1/sensor/temp,22.23
2025-11-17 10:02:46,lan/sala2/sensor/temp,23.52
2025-11-17 10:02:47,lan/sala1/sensor/hum,18.06
2025-11-17 10:02:48,lan/sala1/sensor/temp,18.23
2025-11-17 10:02:48,lan/sala2/sensor/temp,25.58
2025-11-17 10:02:49,lan/sala1/sensor/hum,29.08
2025-11-17 10:02:50,lan/sala1/sensor/temp,21.15
2025-11-17 10:02:50,lan/sala2/sensor/temp,24.43
2025-11-17 10:02:51,lan/sala1/sensor/hum,26.24
2025-11-17 10:02:51,lan/sala1/sensor/temp,22.37
2025-11-17 10:02:52,lan/sala2/sensor/temp,24.77
2025-11-17 10:02:53,lan/sala1/sensor/hum,26.95
2025-11-17 10:02:53,lan/sala1/sensor/temp,29.31
2025-11-17 10:02:54,lan/sala2/sensor/temp,27.74
2025-11-17 10:02:55,lan/sala1/sensor/hum,28.97
2025-11-17 10:02:55,lan/sala1/sensor/temp,21.58
2025-11-17 10:02:56,lan/sala2/sensor/temp,20.69
2025-11-17 10:02:57,lan/sala1/sensor/hum,26.63
2025-11-17 10:02:57,lan/sala1/sensor/temp,19.55
2025-11-17 10:02:58,lan/sala2/sensor/temp,21.92
2025-11-17 10:02:59,lan/sala1/sensor/hum,27.97
2025-11-17 10:02:59,lan/sala1/sensor/temp,19.51
2025-11-17 10:03:00,lan/sala2/sensor/temp,18.62
2025-11-17 10:03:01,lan/sala1/sensor/hum,25.78
2025-11-17 10:03:01,lan/sala1/sensor/temp,26.3
2025-11-17 10:03:02,lan/sala2/sensor/temp,21.98
2025-11-17 10:03:03,lan/sala1/sensor/hum,19.08
2025-11-17 10:03:03,lan/sala1/sensor/temp,28.48
2025-11-17 10:03:04,lan/sala2/sensor/temp,29.03
2025-11-17 10:03:05,lan/sala1/sensor/hum,23.66
2025-11-17 10:03:05,lan/sala1/sensor/temp,20.02
2025-11-17 10:03:06,lan/sala2/sensor/temp,20.25
2025-11-17 10:03:07,lan/sala1/sensor/hum,24.9
2025-11-17 10:03:07,lan/sala1/sensor/temp,23.92
2025-11-17 10:03:08,lan/sala2/sensor/temp,23.99
2025-11-17 10:03:09,lan/sala1/sensor/hum,20.27
2025-11-17 10:03:10,lan/sala1/sensor/temp,23.0
2025-11-17 10:03:10,lan/sala2/sensor/temp,24.74
2025-11-17 10:03:11,lan/sala1/sensor/hum,25.96
2025-11-17 10:03:12,lan/sala1/sensor/temp,29.36
2025-11-17 10:03:12,lan/sala2/sensor/temp,22.58
2025-11-17 10:03:13,lan/sala1/sensor/hum,19.47
2025-11-17 10:03:14,lan/sala1/sensor/temp,20.59
2025-11-17 10:03:14,lan/sala2/sensor/temp,21.23
2025-11-17 10:03:15,lan/sala1/sensor/hum,21.23
2025-11-17 10:03:16,lan/sala1/sensor/temp,20.12
2025-11-17 10:03:16,lan/sala2/sensor/temp,21.4
2025-11-17 10:03:17,lan/sala1/sensor/hum,19.84
2025-11-17 10:03:18,lan/sala1/sensor/temp,26.42
2025-11-17 10:03:18,lan/sala2/sensor/temp,20.64
2025-11-17 10:03:19,lan/sala1/sensor/hum,24.72
2025-11-17 10:03:20,lan/sala1/sensor/temp,20.05
2025-11-17 10:03:20,lan/sala2/sensor/temp,29.1
2025-11-17 10:03:21,lan/sala1/sensor/hum,23.08
2025-11-17 10:03:22,lan/sala1/sensor/temp,20.66
2025-11-17 10:03:22,lan/sala2/sensor/temp,18.61
2025-11-17 10:03:23,lan/sala1/sensor/hum,19.5
2025-11-17 10:03:24,lan/sala1/sensor/temp,18.73
2025-11-17 10:03:24,lan/sala2/sensor/temp,27.01
2025-11-17 10:03:25,lan/sala1/sensor/hum,23.96
2025-11-17 10:03:26,lan/sala1/sensor/temp,28.85
2025-11-17 10:03:26,lan/sala2/sensor/temp,29.96
2025-11-17 10:03:27,lan/sala1/sensor/hum,25.04
2025-11-17 10:03:28,lan/sala1/sensor/temp,22.04
2025-11-17 10:03:29,lan/sala2/sensor/temp,18.26
2025-11-17 10:03:30,lan/sala1/sensor/hum,27.4
2025-11-17 10:03:30,lan/sala1/sensor/temp,19.02
2025-11-17 10:03:30,lan/sala2/sensor/temp,22.3
2025-11-17 10:03:31,lan/sala1/sensor/hum,23.25
2025-11-17 10:03:32,lan/sala1/sensor/temp,20.14
2025-11-17 10:03:32,lan/sala2/sensor/temp,27.23
2025-11-17 10:03:33,lan/sala1/sensor/hum,24.63
2025-11-17 10:03:34,lan/sala1/sensor/temp,24.81
2025-11-17 10:03:34,lan/sala2/sensor/temp,24.45
2025-11-17 10:03:35,lan/sala1/sensor/hum,21.95
2025-11-17 10:03:36,lan/sala1/sensor/temp,28.1
2025-11-17 10:03:36,lan/sala2/sensor/temp,26.07
2025-11-17 10:03:37,lan/sala1/sensor/hum,19.47
2025-11-17 10:03:38,lan/sala1/sensor/temp,18.91
2025-11-17 10:03:38,lan/sala2/sensor/temp,26.13
2025-11-17 10:03:39,lan/sala1/sensor/hum,29.13
2025-11-17 10:03:40,lan/sala1/sensor/temp,22.44
2025-11-17 10:03:40,lan/sala2/sensor/temp,23.33
2025-11-17 10:03:41,lan/sala1/sensor/hum,27.61
2025-11-17 10:03:42,lan/sala1/sensor/temp,25.75
2025-11-17 10:03:42,lan/sala2/sensor/temp,21.44
2025-11-17 10:03:43,lan/sala1/sensor/hum,18.29
2025-11-17 10:03:44,lan/sala1/sensor/temp,24.03
2025-11-17 10:03:44,lan/sala2/sensor/temp,21.82
2025-11-17 10:03:45,lan/sala1/sensor/hum,20.5
2025-11-17 10:03:46,lan/sala1/sensor/temp,27.95
2025-11-17 10:03:46,lan/sala2/sensor/temp,23.09
2025-11-17 10:03:47,lan/sala1/sensor/hum,23.78
2025-11-17 10:03:48,lan/sala1/sensor/temp,25.72
2025-11-17 10:03:48,lan/sala2/sensor/temp,27.73
2025-11-17 10:03:49,lan/sala1/sensor/hum,20.17
2025-11-17 10:03:50,lan/sala1/sensor/temp,26.46
2025-11-17 10:03:50,lan/sala2/sensor/temp,19.82
2025-11-17 10:03:51,lan/sala1/sensor/hum,20.97
2025-11-17 10:03:52,lan/sala1/sensor/temp,22.14
2025-11-17 10:03:52,lan/sala2/sensor/temp,21.0
2025-11-17 10:03:53,lan/sala1/sensor/hum,23.1
2025-11-17 10:03:54,lan/sala1/sensor/temp,28.06
2025-11-17 10:03:54,lan/sala2/sensor/temp,21.04
2025-11-17 10:03:55,lan/sala1/sensor/hum,18.37
2025-11-17 10:03:56,lan/sala1/sensor/temp,23.0
2025-11-17 10:03:56,lan/sala2/sensor/temp,25.38
2025-11-17 10:03:57,lan/sala1/sensor/hum,27.03
2025-11-17 10:03:58,lan/sala1/sensor/temp,25.23
2025-11-17 10:03:58,lan/sala2/sensor/temp,21.12
2025-11-17 10:03:59,lan/sala1/sensor/hum,19.41
2025-11-17 10:04:00,lan/sala1/sensor/temp,19.91
2025-11-17 10:04:00,lan/sala2/sensor/temp,23.39
2025-11-17 10:04:01,lan/sala1/sensor/hum,20.09
2025-11-17 10:04:02,lan/sala1/sensor/temp,24.4
2025-11-17 10:04:02,lan/sala2/sensor/temp,23.14
2025-11-17 10:04:03,lan/sala1/sensor/hum,21.75
2025-11-17 10:04:04,lan/sala1/sensor/temp,19.15
2025-11-17 10:04:04,lan/sala2/sensor/temp,21.02
2025-11-17 10:04:05,lan/sala1/sensor/hum,27.99
2025-11-17 10:04:06,lan/sala1/sensor/temp,29.79
2025-11-17 10:04:06,lan/sala2/sensor/temp,23.08
2025-11-17 10:04:07,lan/sala1/sensor/hum,18.51
2025-11-17 10:04:08,lan/sala1/sensor/temp,27.22
2025-11-17 10:04:08,lan/sala2/sensor/temp,19.62
2025-11-17 10:04:09,lan/sala1/sensor/hum,20.42
2025-11-17 10:04:10,lan/sala1/sensor/temp,24.32
2025-11-17 10:04:10,lan/sala2/sensor/temp,22.02
2025-11-17 10:04:11,lan/sala1/sensor/hum,21.46
2025-11-17 10:04:12,lan/sala1/sensor/temp,18.99
2025-11-17 10:04:12,lan/sala2/sensor/temp,24.7
2025-11-17 10:04:13,lan/sala1/sensor/hum,25.15
2025-11-17 10:04:14,lan/sala1/sensor/temp,29.88
2025-11-17 10:04:14,lan/sala2/sensor/temp,22.54
2025-11-17 10:04:15,lan/sala1/sensor/hum,24.36
2025-11-17 10:04:16,lan/sala1/sensor/temp,21.29
2025-11-17 10:04:16,lan/sala2/sensor/temp,27.46
2025-11-17 10:04:17,lan/sala1/sensor/hum,25.8
2025-11-17 10:04:18,lan/sala1/sensor/temp,22.06
2025-11-17 10:04:18,lan/sala2/sensor/temp,20.53
2025-11-17 10:04:19,lan/sala1/sensor/hum,19.99
2025-11-17 10:04:20,lan/sala1/sensor/temp,26.23
2025-11-17 10:04:20,lan/sala2/sensor/temp,28.31
2025-11-17 10:04:21,lan/sala1/sensor/hum,21.1
2025-11-17 10:04:22,lan/sala1/sensor/temp,29.49
2025-11-17 10:04:22,lan/sala2/sensor/temp,20.9
2025-11-17 10:04:23,lan/sala1/sensor/hum,20.76
2025-11-17 10:04:24,lan/sala1/sensor/temp,24.22
2025-11-17 10:04:24,lan/sala2/sensor/temp,19.19
2025-11-17 10:04:25,lan/sala1/sensor/hum,27.38
2025-11-17 10:04:26,lan/sala1/sensor/temp,26.7
2025-11-17 10:04:26,lan/sala2/sensor/temp,25.46
2025-11-17 10:04:27,lan/sala1/sensor/hum,26.36
2025-11-17 10:04:28,lan/sala1/sensor/temp,20.4
2025-11-17 10:04:28,lan/sala2/sensor/temp,18.42
2025-11-17 10:04:29,lan/sala1/sensor/hum,18.24
2025-11-17 10:04:30,lan/sala1/sensor/temp,18.42
2025-11-17 10:04:30,lan/sala2/sensor/temp,24.45
2025-11-17 10:04:31,lan/sala1/sensor/hum,20.08
2025-11-17 10:04:32,lan/sala1/sensor/temp,29.42
2025-11-17 10:04:32,lan/sala2/sensor/temp,18.08
2025-11-17 10:04:33,lan/sala1/sensor/hum,21.21
2025-11-17 10:04:34,lan/sala1/sensor/temp,18.47
2025-11-17 10:04:34,lan/sala2/sensor/temp,22.63
2025-11-17 10:04:35,lan/sala1/sensor/hum,20.21
2025-11-17 10:04:36,lan/sala1/sensor/temp,20.92
2025-11-17 10:04:36,lan/sala2/sensor/temp,22.37
2025-11-17 10:04:37,lan/sala1/sensor/hum,22.16
2025-11-17 10:04:38,lan/sala1/sensor/temp,20.02
2025-11-17 10:04:38,lan/sala2/sensor/temp,21.44
2025-11-17 10:04:39,lan/sala1/sensor/hum,27.64
2025-11-17 10:04:40,lan/sala1/sensor/temp,27.22
2025-11-17 10:04:40,lan/sala2/sensor/temp,25.79
2025-11-17 10:04:41,lan/sala1/sensor/hum,22.81
2025-11-17 10:04:42,lan/sala1/sensor/temp,19.36
2025-11-17 10:04:42,lan/sala2/sensor/temp,29.92
2025-11-17 10:04:43,lan/sala1/sensor/hum,28.75
2025-11-17 10:04:44,lan/sala1/sensor/temp,27.59
2025-11-17 10:04:44,lan/sala2/sensor/temp,20.95
2025-11-17 10:04:45,lan/sala1/sensor/hum,18.59
2025-11-17 10:04:46,lan/sala1/sensor/temp,25.71
2025-11-17 10:04:46,lan/sala2/sensor/temp,25.9
2025-11-17 10:04:47,lan/sala1/sensor/hum,21.48
2025-11-17 10:04:48,lan/sala1/sensor/temp,27.08
2025-11-17 10:04:48,lan/sala2/sensor/temp,21.74
2025-11-17 10:04:49,lan/sala1/sensor/hum,26.54
2025-11-17 10:04:50,lan/sala1/sensor/temp,27.83
2025-11-17 10:04:50,lan/sala2/sensor/temp,22.21
2025-11-17 10:04:51,lan/sala1/sensor/hum,25.27
2025-11-17 10:04:52,lan/sala1/sensor/temp,24.53
2025-11-17 10:04:52,lan/sala2/sensor/temp,18.06
2025-11-17 10:04:53,lan/sala1/sensor/hum,29.07
2025-11-17 10:04:54,lan/sala1/sensor/temp,28.98
2025-11-17 10:04:54,lan/sala2/sensor/temp,25.56
2025-11-17 10:04:55,lan/sala1/sensor/hum,20.98
2025-11-17 10:04:56,lan/sala1/sensor/temp,25.94
2025-11-17 10:04:56,lan/sala2/sensor/temp,18.69
2025-11-17 10:04:57,lan/sala1/sensor/hum,25.02
2025-11-17 10:04:58,lan/sala1/sensor/temp,21.84
2025-11-17 10:04:58,lan/sala2/sensor/temp,27.59
2025-11-17 10:04:59,lan/sala1/sensor/hum,29.73
2025-11-17 10:05:00,lan/sala1/sensor/temp,28.88
2025-11-17 10:05:00,lan/sala2/sensor/temp,26.17
2025-11-17 10:05:01,lan/sala1/sensor/hum,25.73
2025-11-17 10:05:02,lan/sala1/sensor/temp,22.0
2025-11-17 10:05:02,lan/sala2/sensor/temp,22.13
2025-11-17 10:05:03,lan/sala1/sensor/hum,28.66
2025-11-17 10:05:04,lan/sala1/sensor/temp,20.83
2025-11-17 10:05:04,lan/sala2/sensor/temp,24.84
2025-11-17 10:05:05,lan/sala1/sensor/hum,22.77
2025-11-17 10:05:06,lan/sala1/sensor/temp,20.49
2025-11-17 10:05:06,lan/sala2/sensor/temp,24.09
2025-11-17 10:05:07,lan/sala1/sensor/hum,28.41
2025-11-17 10:05:08,lan/sala1/sensor/temp,24.23
2025-11-17 10:05:08,lan/sala2/sensor/temp,29.18
2025-11-17 10:05:09,lan/sala1/sensor/hum,26.55
2025-11-17 10:05:10,lan/sala1/sensor/temp,25.05
2025-11-17 10:05:10,lan/sala2/sensor/temp,27.67
2025-11-17 10:05:11,lan/sala1/sensor/hum,21.91
2025-11-17 10:05:12,lan/sala1/sensor/temp,28.52
2025-11-17 10:05:12,lan/sala2/sensor/temp,18.34
2025-11-17 10:05:13,lan/sala1/sensor/hum,25.38
2025-11-17 10:05:14,lan/sala1/sensor/temp,29.43
2025-11-17 10:05:14,lan/sala2/sensor/temp,23.68
2025-11-17 10:05:15,lan/sala1/sensor/hum,27.42
2025-11-17 10:05:16,lan/sala1/sensor/temp,22.34
2025-11-17 10:05:16,lan/sala2/sensor/temp,18.19
2025-11-17 10:05:17,lan/sala1/sensor/hum,21.43
2025-11-17 10:05:18,lan/sala1/sensor/temp,24.13
2025-11-17 10:05:18,lan/sala2/sensor/temp,24.19
2025-11-17 10:05:19,lan/sala1/sensor/hum,26.96
2025-11-17 10:05:20,lan/sala1/sensor/temp,20.91
2025-11-17 10:05:20,lan/sala2/sensor/temp,29.23
2025-11-17 10:05:21,lan/sala1/sensor/hum,27.74
2025-11-17 10:05:22,lan/sala1/sensor/temp,29.19
2025-11-17 10:05:22,lan/sala2/sensor/temp,19.44
2025-11-17 10:05:23,lan/sala1/sensor/hum,27.29
2025-11-17 10:05:24,lan/sala1/sensor/temp,26.06
2025-11-17 10:05:24,lan/sala2/sensor/temp,26.74
2025-11-17 10:05:25,lan/sala1/sensor/hum,22.42
2025-11-17 10:05:26,lan/sala1/sensor/temp,19.94
2025-11-17 10:05:26,lan/sala2/sensor/temp,28.6
2025-11-17 10:05:27,lan/sala1/sensor/hum,29.4
2025-11-17 10:05:28,lan/sala1/sensor/temp,24.68
2025-11-17 10:05:28,lan/sala2/sensor/temp,29.97
2025-11-17 10:05:29,lan/sala1/sensor/hum,21.23
2025-11-17 10:05:30,lan/sala1/sensor/temp,22.34
2025-11-17 10:05:30,lan/sala2/sensor/temp,21.59
2025-11-17 10:05:31,lan/sala1/sensor/hum,19.49
2025-11-17 10:05:32,lan/sala1/sensor/temp,23.22
2025-11-17 10:05:32,lan/sala2/sensor/temp,23.92
2025-11-17 10:05:33,lan/sala1/sensor/hum,21.19
2025-11-17 10:05:34,lan/sala1/sensor/temp,29.25
2025-11-17 10:05:34,lan/sala2/sensor/temp,22.8
2025-11-17 10:05:35,lan/sala1/sensor/hum,21.93
2025-11-17 10:05:36,lan/sala1/sensor/temp,24.89
2025-11-17 10:05:36,lan/sala2/sensor/temp,22.62
2025-11-17 10:05:37,lan/sala1/sensor/hum,29.94
2025-11-17 10:05:38,lan/sala1/sensor/temp,27.64
2025-11-17 10:05:38,lan/sala2/sensor/temp,27.31
2025-11-17 10:05:39,lan/sala1/sensor/hum,22.33
2025-11-17 10:05:40,lan/sala1/sensor/temp,21.58
2025-11-17 10:05:40,lan/sala2/sensor/temp,21.31
2025-11-17 10:05:41,lan/sala1/sensor/hum,18.32
2025-11-17 10:05:42,lan/sala1/sensor/temp,22.32
2025-11-17 10:05:42,lan/sala2/sensor/temp,28.12
2025-11-17 10:05:43,lan/sala1/sensor/hum,21.28
2025-11-17 10:05:44,lan/sala1/sensor/temp,19.51
2025-11-17 10:05:44,lan/sala2/sensor/temp,20.24
2025-11-17 10:05:45,lan/sala1/sensor/hum,18.28
2025-11-17 10:05:46,lan/sala1/sensor/temp,24.72
2025-11-17 10:05:46,lan/sala2/sensor/temp,25.2
2025-11-17 10:05:47,lan/sala1/sensor/hum,18.08
2025-11-17 10:05:48,lan/sala1/sensor/temp,18.02
2025-11-17 10:05:48,lan/sala2/sensor/temp,26.25
2025-11-17 10:05:49,lan/sala1/sensor/hum,27.92
2025-11-17 10:05:50,lan/sala1/sensor/temp,27.88
2025-11-17 10:05:50,lan/sala2/sensor/temp,29.74
2025-11-17 10:05:51,lan/sala1/sensor/hum,23.63
2025-11-17 10:05:52,lan/sala1/sensor/temp,29.59
2025-11-17 10:05:52,lan/sala2/sensor/temp,23.49
2025-11-17 10:05:53,lan/sala1/sensor/hum,23.21
2025-11-17 10:05:54,lan/sala1/sensor/temp,28.51
2025-11-17 10:05:54,lan/sala2/sensor/temp,23.76
2025-11-17 10:05:55,lan/sala1/sensor/hum,28.39
2025-11-17 10:05:56,lan/sala1/sensor/temp,24.15
2025-11-17 10:05:56,lan/sala2/sensor/temp,29.14
2025-11-17 10:05:57,lan/sala1/sensor/hum,25.39
2025-11-17 10:05:58,lan/sala1/sensor/temp,23.69
2025-11-17 10:05:58,lan/sala2/sensor/temp,25.57
2025-11-17 10:05:59,lan/sala1/sensor/hum,27.5
2025-11-17 10:06:00,lan/sala1/sensor/temp,28.66
2025-11-17 10:06:00,lan/sala2/sensor/temp,25.55
2025-11-17 10:06:01,lan/sala1/sensor/hum,25.29
2025-11-17 10:06:02,lan/sala1/sensor/temp,20.94
2025-11-17 10:06:02,lan/sala2/sensor/temp,28.75
2025-11-17 10:06:03,lan/sala1/sensor/hum,24.18
2025-11-17 10:06:04,lan/sala1/sensor/temp,20.14
2025-11-17 10:06:04,lan/sala2/sensor/temp,20.0
2025-11-17 10:06:05,lan/sala1/sensor/hum,19.73
2025-11-17 10:06:06,lan/sala1/sensor/temp,18.38
2025-11-17 10:06:06,lan/sala2/sensor/temp,22.93
2025-11-17 10:06:07,lan/sala1/sensor/hum,19.77
2025-11-17 10:06:08,lan/sala1/sensor/temp,29.83
2025-11-17 10:06:08,lan/sala2/sensor/temp,28.59
2025-11-17 10:06:09,lan/sala1/sensor/hum,24.12
2025-11-17 10:06:10,lan/sala1/sensor/temp,27.71
2025-11-17 10:06:10,lan/sala2/sensor/temp,29.9
2025-11-17 10:06:11,lan/sala1/sensor/hum,21.56
2025-11-17 10:06:12,lan/sala1/sensor/temp,27.04
2025-11-17 10:06:12,lan/sala2/sensor/temp,23.75
2025-11-17 10:06:13,lan/sala1/sensor/hum,26.87
2025-11-17 10:06:14,lan/sala1/sensor/temp,24.86
2025-11-17 10:06:14,lan/sala2/sensor/temp,29.28
2025-11-17 10:06:15,lan/sala1/sensor/hum,22.89
2025-11-17 10:06:16,lan/sala1/sensor/temp,24.43
2025-11-17 10:06:16,lan/sala2/sensor/temp,25.74
2025-11-17 10:06:17,lan/sala1/sensor/hum,29.55
2025-11-17 10:06:18,lan/sala1/sensor/temp,29.4
2025-11-17 10:06:18,lan/sala2/sensor/temp,23.8
2025-11-17 10:06:19,lan/sala1/sensor/hum,25.53
2025-11-17 10:06:20,lan/sala1/sensor/temp,18.02
2025-11-17 10:06:20,lan/sala2/sensor/temp,24.53
2025-11-17 10:06:21,lan/sala1/sensor/hum,19.79
2025-11-17 10:06:22,lan/sala1/sensor/temp,22.34
2025-11-17 10:06:22,lan/sala2/sensor/temp,22.9
2025-11-17 10:06:23,lan/sala1/sensor/hum,20.72
2025-11-17 10:06:24,lan/sala1/sensor/temp,18.1
2025-11-17 10:06:24,lan/sala2/sensor/temp,29.1
2025-11-17 10:06:25,lan/sala1/sensor/hum,19.89
2025-11-17 10:06:26,lan/sala1/sensor/temp,28.53
2025-11-17 10:06:26,lan/sala2/sensor/temp,26.26
2025-11-17 10:06:27,lan/sala1/sensor/hum,27.68
2025-11-17 10:06:28,lan/sala1/sensor/temp,29.38
2025-11-17 10:06:28,lan/sala2/sensor/temp,20.1
2025-11-17 10:06:29,lan/sala1/sensor/hum,25.46
2025-11-17 10:06:30,lan/sala1/sensor/temp,22.56
2025-11-17 10:06:30,lan/sala2/sensor/temp,25.7
2025-11-17 10:06:31,lan/sala1/sensor/hum,22.41
2025-11-17 10:06:32,lan/sala1/sensor/temp,25.32
2025-11-17 10:06:32,lan/sala2/sensor/temp,21.72
2025-11-17 10:06:33,lan/sala1/sensor/hum,23.86
2025-11-17 10:06:34,lan/sala1/sensor/temp,22.56
2025-11-17 10:06:34,lan/sala2/sensor/temp,25.25
2025-11-17 10:06:35,lan/sala1/sensor/hum,27.13
2025-11-17 10:06:36,lan/sala1/sensor/temp,25.03
2025-11-17 10:06:36,lan/sala2/sensor/temp,27.89
2025-11-17 10:06:37,lan/sala1/sensor/hum,25.13
2025-11-17 10:06:38,lan/sala1/sensor/temp,25.82
2025-11-17 10:06:38,lan/sala2/sensor/temp,23.82
2025-11-17 10:06:39,lan/sala1/sensor/hum,21.04
2025-11-17 10:06:40,lan/sala1/sensor/temp,29.67
2025-11-17 10:06:40,lan/sala2/sensor/temp,27.92
2025-11-17 10:06:41,lan/sala1/sensor/hum,26.96
2025-11-17 10:06:42,lan/sala1/sensor/temp,25.13
2025-11-17 10:06:42,lan/sala2/sensor/temp,21.28
2025-11-17 10:06:43,lan/sala1/sensor/hum,19.0
2025-11-17 10:06:44,lan/sala1/sensor/temp,20.73
2025-11-17 10:06:44,lan/sala2/sensor/temp,24.95
2025-11-17 10:06:45,lan/sala1/sensor/hum,28.92
2025-11-17 10:06:46,lan/sala1/sensor/temp,18.33
2025-11-17 10:06:46,lan/sala2/sensor/temp,23.83
2025-11-17 10:06:47,lan/sala1/sensor/hum,24.16
2025-11-17 10:06:48,lan/sala1/sensor/temp,22.53
2025-11-17 10:06:48,lan/sala2/sensor/temp,27.87
2025-11-17 10:06:49,lan/sala1/sensor/hum,29.05
2025-11-17 10:06:50,lan/sala1/sensor/temp,22.07
2025-11-17 10:06:50,lan/sala2/sensor/temp,24.1
2025-11-17 10:06:51,lan/sala1/sensor/hum,28.09
2025-11-17 10:06:52,lan/sala1/sensor/temp,23.58
2025-11-17 10:06:52,lan/sala2/sensor/temp,27.11
2025-11-17 10:06:53,lan/sala1/sensor/hum,27.42
2025-11-17 10:06:54,lan/sala1/sensor/temp,27.2
2025-11-17 10:06:54,lan/sala2/sensor/temp,20.47
2025-11-17 10:06:55,lan/sala1/sensor/hum,22.45
2025-11-17 10:06:56,lan/sala1/sensor/temp,18.36
2025-11-17 10:06:56,lan/sala2/sensor/temp,22.25
2025-11-17 10:06:57,lan/sala1/sensor/hum,28.58
2025-11-17 10:06:58,lan/sala1/sensor/temp,25.75
2025-11-17 10:06:58,lan/sala2/sensor/temp,23.33
2025-11-17 10:06:59,lan/sala1/sensor/hum,28.68
2025-11-17 10:07:00,lan/sala1/sensor/temp,18.94
2025-11-17 10:07:00,lan/sala2/sensor/temp,29.97
2025-11-17 10:07:01,lan/sala1/sensor/hum,19.74
2025-11-17 10:07:02,lan/sala1/sensor/temp,24.42
2025-11-17 10:07:02,lan/sala2/sensor/temp,28.13
2025-11-17 10:07:03,lan/sala1/sensor/hum,20.86
2025-11-17 10:07:04,lan/sala1/sensor/temp,18.98
2025-11-17 10:07:04,lan/sala2/sensor/temp,23.8
2025-11-17 10:07:05,lan/sala1/sensor/hum,25.85
2025-11-17 10:07:06,lan/sala1/sensor/temp,26.23
2025-11-17 10:07:06,lan/sala2/sensor/temp,21.16
2025-11-17 10:07:07,lan/sala1/sensor/hum,28.64
2025-11-17 10:07:08,lan/sala1/sensor/temp,29.07
2025-11-17 10:07:08,lan/sala2/sensor/temp,18.01
2025-11-17 10:07:09,lan/sala1/sensor/hum,21.48
2025-11-17 10:07:10,lan/sala1/sensor/temp,19.67
2025-11-17 10:07:10,lan/sala2/sensor/temp,20.57
2025-11-17 10:07:11,lan/sala1/sensor/hum,18.63
2025-11-17 10:07:12,lan/sala1/sensor/temp,19.94
2025-11-17 10:07:12,lan/sala2/sensor/temp,27.36
2025-11-17 10:07:13,lan/sala1/sensor/hum,23.78
2025-11-17 10:07:14,lan/sala1/sensor/temp,29.57
2025-11-17 10:07:14,lan/sala2/sensor/temp,28.35
2025-11-17 10:07:15,lan/sala1/sensor/hum,22.76
2025-11-17 10:07:16,lan/sala1/sensor/temp,27.19
2025-11-17 10:07:16,lan/sala2/sensor/temp,27.73
2025-11-17 10:07:17,lan/sala1/sensor/hum,23.19
2025-11-17 10:07:18,lan/sala1/sensor/temp,26.25
2025-11-17 10:07:18,lan/sala2/sensor/temp,21.01
2025-11-17 10:07:19,lan/sala1/sensor/hum,25.18
2025-11-17 10:07:20,lan/sala1/sensor/temp,18.65
2025-11-17 10:07:20,lan/sala2/sensor/temp,19.65
2025-11-17 10:07:21,lan/sala1/sensor/hum,21.21
2025-11-17 10:07:22,lan/sala1/sensor/temp,22.73
2025-11-17 10:07:22,lan/sala2/sensor/temp,19.2
2025-11-17 10:07:23,lan/sala1/sensor/hum,22.31
2025-11-17 10:07:24,lan/sala1/sensor/temp,25.23
2025-11-17 10:07:24,lan/sala2/sensor/temp,22.62
2025-11-17 10:07:25,lan/sala1/sensor/hum,24.4
2025-11-17 10:07:26,lan/sala1/sensor/temp,22.05
2025-11-17 10:07:26,lan/sala2/sensor/temp,26.47
2025-11-17 10:07:27,lan/sala1/sensor/hum,26.63
2025-11-17 10:07:28,lan/sala1/sensor/temp,26.13
2025-11-17 10:07:28,lan/sala2/sensor/temp,22.91
2025-11-17 10:07:29,lan/sala1/sensor/hum,20.52
2025-11-17 10:07:30,lan/sala1/sensor/temp,21.62
2025-11-17 10:07:30,lan/sala2/sensor/temp,21.45
2025-11-17 10:07:31,lan/sala1/sensor/hum,27.6
2025-11-17 10:07:32,lan/sala1/sensor/temp,18.42
2025-11-17 10:07:32,lan/sala2/sensor/temp,27.97
2025-11-17 10:07:33,lan/sala1/sensor/hum,28.68
2025-11-17 10:07:34,lan/sala1/sensor/temp,26.25
2025-11-17 10:07:34,lan/sala2/sensor/temp,25.95
2025-11-17 10:07:35,lan/sala1/sensor/hum,28.33
2025-11-17 10:07:36,lan/sala1/sensor/temp,18.8
2025-11-17 10:07:36,lan/sala2/sensor/temp,24.79
2025-11-17 10:07:37,lan/sala1/sensor/hum,21.24
2025-11-17 10:07:38,lan/sala1/sensor/temp,24.12
2025-11-17 10:07:38,lan/sala2/sensor/temp,25.82
2025-11-17 10:07:39,lan/sala1/sensor/hum,24.93
2025-11-17 10:07:40,lan/sala1/sensor/temp,24.56
2025-11-17 10:07:40,lan/sala2/sensor/temp,26.84
2025-11-17 10:07:41,lan/sala1/sensor/hum,22.61
2025-11-17 10:07:42,lan/sala1/sensor/temp,18.38
2025-11-17 10:07:42,lan/sala2/sensor/temp,26.13
2025-11-17 10:07:43,lan/sala1/sensor/hum,23.31
2025-11-17 10:07:44,lan/sala1/sensor/temp,18.38
2025-11-17 10:07:44,lan/sala2/sensor/temp,23.67
2025-11-17 10:07:45,lan/sala1/sensor/hum,27.2
2025-11-17 10:07:46,lan/sala1/sensor/temp,23.58
2025-11-17 10:07:46,lan/sala2/sensor/temp,19.85
2025-11-17 10:07:47,lan/sala1/sensor/hum,18.19
2025-11-17 10:07:48,lan/sala1/sensor/temp,25.56
2025-11-17 10:07:48,lan/sala2/sensor/temp,28.02
2025-11-17 10:07:49,lan/sala1/sensor/hum,22.79
2025-11-17 10:07:50,lan/sala1/sensor/temp,23.73
2025-11-17 10:07:50,lan/sala2/sensor/temp,21.93
2025-11-17 10:07:51,lan/sala1/sensor/hum,23.16
2025-11-17 10:07:52,lan/sala1/sensor/temp,27.44
2025-11-17 10:07:52,lan/sala2/sensor/temp,22.74
2025-11-17 10:07:53,lan/sala1/sensor/hum,24.75
2025-11-17 10:07:54,lan/sala1/sensor/temp,26.38
2025-11-17 10:07:54,lan/sala2/sensor/temp,22.79
2025-11-17 10:07:55,lan/sala1/sensor/hum,25.81
2025-11-17 10:07:56,lan/sala1/sensor/temp,21.75
2025-11-17 10:07:56,lan/sala2/sensor/temp,29.72
2025-11-17 10:07:57,lan/sala1/sensor/hum,22.21
2025-11-17 10:07:58,lan/sala1/sensor/temp,19.33
2025-11-17 10:07:58,lan/sala2/sensor/temp,19.43
2025-11-17 10:07:59,lan/sala1/sensor/hum,28.06
2025-11-17 10:08:00,lan/sala1/sensor/temp,18.09
2025-11-17 10:08:00,lan/sala2/sensor/temp,29.32
2025-11-17 10:08:01,lan/sala1/sensor/hum,29.98
2025-11-17 10:08:02,lan/sala1/sensor/temp,26.55
2025-11-17 10:08:02,lan/sala2/sensor/temp,26.49
2025-11-17 10:08:03,lan/sala1/sensor/hum,27.69
2025-11-17 10:08:04,lan/sala1/sensor/temp,19.55
2025-11-17 10:08:04,lan/sala2/sensor/temp,19.77
2025-11-17 10:08:05,lan/sala1/sensor/hum,24.67
2025-11-17 10:08:06,lan/sala1/sensor/temp,18.71
2025-11-17 10:08:06,lan/sala2/sensor/temp,18.28
2025-11-17 10:08:07,lan/sala1/sensor/hum,23.97
2025-11-17 10:08:08,lan/sala1/sensor/temp,28.32
2025-11-17 10:08:08,lan/sala2/sensor/temp,18.49
2025-11-17 10:08:09,lan/sala1/sensor/hum,24.6
2025-11-17 10:08:10,lan/sala1/sensor/temp,29.53
2025-11-17 10:08:10,lan/sala2/sensor/temp,19.57
2025-11-17 10:08:11,lan/sala1/sensor/hum,24.47
2025-11-17 10:08:12,lan/sala1/sensor/temp,19.04
2025-11-17 10:08:12,lan/sala2/sensor/temp,27.06
2025-11-17 10:08:13,lan/sala1/sensor/hum,18.16
2025-11-17 10:08:14,lan/sala1/sensor/temp,18.81
2025-11-17 10:08:14,lan/sala2/sensor/temp,19.04
2025-11-17 10:08:15,lan/sala1/sensor/hum,26.68
2025-11-17 10:08:16,lan/sala1/sensor/temp,25.24
2025-11-17 10:08:16,lan/sala2/sensor/temp,23.41
2025-11-17 10:08:17,lan/sala1/sensor/hum,29.8
2025-11-17 10:08:18,lan/sala1/sensor/temp,25.56
2025-11-17 10:08:18,lan/sala2/sensor/temp,29.84
2025-11-17 10:08:19,lan/sala1/sensor/hum,28.5
2025-11-17 10:08:20,lan/sala1/sensor/temp,27.61
2025-11-17 10:08:20,lan/sala2/sensor/temp,25.32
2025-11-17 10:08:21,lan/sala1/sensor/hum,29.01
2025-11-17 10:08:22,lan/sala1/sensor/temp,29.51
2025-11-17 10:08:22,lan/sala2/sensor/temp,23.11
2025-11-17 10:08:23,lan/sala1/sensor/hum,27.41
2025-11-17 10:08:24,lan/sala1/sensor/temp,19.03
2025-11-17 10:08:24,lan/sala2/sensor/temp,29.37
2025-11-17 10:08:25,lan/sala1/sensor/hum,21.3
2025-11-17 10:08:26,lan/sala1/sensor/temp,25.47
2025-11-17 10:08:26,lan/sala2/sensor/temp,18.06
2025-11-17 10:08:27,lan/sala1/sensor/hum,25.31
2025-11-17 10:08:28,lan/sala1/sensor/temp,23.75
2025-11-17 10:08:28,lan/sala2/sensor/temp,27.66
2025-11-17 10:08:29,lan/sala1/sensor/hum,28.26
2025-11-17 10:08:30,lan/sala1/sensor/temp,20.01
2025-11-17 10:08:30,lan/sala2/sensor/temp,26.78
2025-11-17 10:08:31,lan/sala1/sensor/hum,28.11
2025-11-17 10:08:32,lan/sala1/sensor/temp,20.08
2025-11-17 10:08:32,lan/sala2/sensor/temp,18.45
2025-11-17 10:08:33,lan/sala1/sensor/hum,18.26
2025-11-17 10:08:34,lan/sala1/sensor/temp,21.37
2025-11-17 10:08:34,lan/sala2/sensor/temp,24.52
2025-11-17 10:08:35,lan/sala1/sensor/hum,28.81
2025-11-17 10:08:36,lan/sala1/sensor/temp,28.5
2025-11-17 10:08:36,lan/sala2/sensor/temp,27.08
2025-11-17 10:08:37,lan/sala1/sensor/hum,20.28
2025-11-17 10:08:38,lan/sala1/sensor/temp,27.98
2025-11-17 10:08:38,lan/sala2/sensor/temp,25.72
2025-11-17 10:08:39,lan/sala1/sensor/hum,19.46
2025-11-17 10:08:40,lan/sala1/sensor/temp,28.33
2025-11-17 10:08:40,lan/sala2/sensor/temp,23.46
2025-11-17 10:08:41,lan/sala1/sensor/hum,21.56
2025-11-17 10:08:42,lan/sala1/sensor/temp,28.57
2025-11-17 10:08:42,lan/sala2/sensor/temp,20.71
2025-11-17 10:08:43,lan/sala1/sensor/hum,18.77
2025-11-17 10:08:44,lan/sala1/sensor/temp,26.1
2025-11-17 10:08:44,lan/sala2/sensor/temp,29.41
2025-11-17 10:08:45,lan/sala1/sensor/hum,29.71
2025-11-17 10:08:46,lan/sala1/sensor/temp,19.37
2025-11-17 10:08:46,lan/sala2/sensor/temp,27.06
2025-11-17 10:08:47,lan/sala1/sensor/hum,18.48
2025-11-17 10:08:48,lan/sala1/sensor/temp,27.16
2025-11-17 10:08:50,lan/sala2/sensor/temp,22.0
2025-11-17 10:08:50,lan/sala1/sensor/hum,23.76
2025-11-17 10:08:50,lan/sala1/sensor/temp,22.97
2025-11-17 10:08:51,lan/sala2/sensor/temp,24.89
2025-11-17 10:08:51,lan/sala1/sensor/hum,27.41
2025-11-17 10:08:52,lan/sala1/sensor/temp,22.33
2025-11-17 10:08:52,lan/sala2/sensor/temp,29.02
2025-11-17 10:08:53,lan/sala1/sensor/hum,24.17
2025-11-17 10:08:54,lan/sala1/sensor/temp,20.86
2025-11-17 10:08:54,lan/sala2/sensor/temp,22.37
2025-11-17 10:08:55,lan/sala1/sensor/hum,28.07
2025-11-17 10:08:56,lan/sala1/sensor/temp,19.6
2025-11-17 10:08:56,lan/sala2/sensor/temp,21.87
2025-11-17 10:08:57,lan/sala1/sensor/hum,20.23
2025-11-17 10:08:58,lan/sala1/sensor/temp,24.27
2025-11-17 10:08:58,lan/sala2/sensor/temp,21.67
2025-11-17 10:08:59,lan/sala1/sensor/hum,25.18
2025-11-17 10:09:00,lan/sala1/sensor/temp,25.21
2025-11-17 10:09:01,lan/sala2/sensor/temp,20.75
2025-11-17 10:09:01,lan/sala1/sensor/hum,26.15
2025-11-17 10:09:02,lan/sala1/sensor/temp,19.06
2025-11-17 10:09:02,lan/sala2/sensor/temp,20.33
2025-11-17 10:09:03,lan/sala1/sensor/hum,25.45
2025-11-17 10:09:04,lan/sala1/sensor/temp,21.16
2025-11-17 10:09:04,lan/sala2/sensor/temp,24.07
2025-11-17 10:09:05,lan/sala1/sensor/hum,20.7
2025-11-17 10:09:06,lan/sala1/sensor/temp,21.95
2025-11-17 10:09:06,lan/sala2/sensor/temp,26.55
2025-11-17 10:09:07,lan/sala1/sensor/hum,27.97
2025-11-17 10:09:08,lan/sala1/sensor/temp,18.05
2025-11-17 10:09:08,lan/sala2/sensor/temp,26.85
2025-11-17 10:09:09,lan/sala1/sensor/hum,29.12
2025-11-17 10:09:10,lan/sala1/sensor/temp,28.69
2025-11-17 10:09:10,lan/sala2/sensor/temp,20.06
2025-11-17 10:09:11,lan/sala1/sensor/hum,27.15
2025-11-17 10:09:12,lan/sala1/sensor/temp,26.47
2025-11-17 10:09:12,lan/sala2/sensor/temp,27.85
2025-11-17 10:09:13,lan/sala1/sensor/hum,29.63
2025-11-17 10:09:14,lan/sala1/sensor/temp,24.74
2025-11-17 10:09:14,lan/sala2/sensor/temp,22.24
2025-11-17 10:09:15,lan/sala1/sensor/hum,23.39
2025-11-17 10:09:16,lan/sala1/sensor/temp,19.63
2025-11-17 10:09:16,lan/sala2/sensor/temp,27.47
2025-11-17 10:09:17,lan/sala1/sensor/hum,19.43
2025-11-17 10:09:18,lan/sala1/sensor/temp,24.33
2025-11-17 10:09:18,lan/sala2/sensor/temp,18.9
2025-11-17 10:09:19,lan/sala1/sensor/hum,27.4
2025-11-17 10:09:20,lan/sala1/sensor/temp,18.55
2025-11-17 10:09:20,lan/sala2/sensor/temp,27.97
2025-11-17 10:09:21,lan/sala1/sensor/hum,29.91
2025-11-17 10:09:22,lan/sala1/sensor/temp,23.13
2025-11-17 10:09:22,lan/sala2/sensor/temp,18.73
2025-11-17 10:09:23,lan/sala1/sensor/hum,26.48
2025-11-17 10:09:24,lan/sala1/sensor/temp,24.6
2025-11-17 10:09:24,lan/sala2/sensor/temp,24.24
2025-11-17 10:09:25,lan/sala1/sensor/hum,19.91
2025-11-17 10:09:26,lan/sala1/sensor/temp,25.0
2025-11-17 10:09:26,lan/sala2/sensor/temp,20.63
2025-11-17 10:09:27,lan/sala1/sensor/hum,27.33
2025-11-17 10:09:28,lan/sala1/sensor/temp,22.14
2025-11-17 10:09:28,lan/sala2/sensor/temp,18.33
2025-11-17 10:09:29,lan/sala1/sensor/hum,22.51
2025-11-17 10:09:30,lan/sala1/sensor/temp,21.79
2025-11-17 10:09:30,lan/sala2/sensor/temp,18.1
2025-11-17 10:09:31,lan/sala1/sensor/hum,28.39
2025-11-17 10:09:32,lan/sala1/sensor/temp,22.96
2025-11-17 10:09:32,lan/sala2/sensor/temp,20.5
2025-11-17 10:09:33,lan/sala1/sensor/hum,18.08
2025-11-17 10:09:34,lan/sala1/sensor/temp,22.19
2025-11-17 10:09:34,lan/sala2/sensor/temp,19.27
2025-11-17 10:09:35,lan/sala1/sensor/hum,21.92
2025-11-17 10:09:36,lan/sala1/sensor/temp,23.62
2025-11-17 10:09:36,lan/sala2/sensor/temp,21.14
2025-11-17 10:09:37,lan/sala1/sensor/hum,19.34
2025-11-17 10:09:38,lan/sala1/sensor/temp,21.09
2025-11-17 10:09:38,lan/sala2/sensor/temp,22.49
2025-11-17 10:09:39,lan/sala1/sensor/hum,22.8
2025-11-17 10:09:40,lan/sala1/sensor/temp,20.45
2025-11-17 10:09:41,lan/sala2/sensor/temp,27.67
2025-11-17 10:09:41,lan/sala1/sensor/hum,18.95
2025-11-17 10:09:42,lan/sala1/sensor/temp,22.03
2025-11-17 10:09:43,lan/sala2/sensor/temp,20.57
2025-11-17 10:09:43,lan/sala1/sensor/hum,18.58
2025-11-17 10:09:44,lan/sala1/sensor/temp,20.59
2025-11-17 10:09:45,lan/sala2/sensor/temp,21.06
2025-11-17 10:09:45,lan/sala1/sensor/hum,27.8
2025-11-17 10:09:46,lan/sala1/sensor/temp,21.97
2025-11-17 10:09:47,lan/sala2/sensor/temp,27.59
2025-11-17 10:09:47,lan/sala1/sensor/hum,29.38
2025-11-17 10:09:48,lan/sala1/sensor/temp,22.39
2025-11-17 10:09:49,lan/sala2/sensor/temp,26.78
2025-11-17 10:09:49,lan/sala1/sensor/hum,23.3
2025-11-17 10:09:50,lan/sala1/sensor/temp,28.84
2025-11-17 10:09:51,lan/sala2/sensor/temp,24.04
2025-11-17 10:09:51,lan/sala1/sensor/hum,20.1
2025-11-17 10:09:52,lan/sala1/sensor/temp,21.97
2025-11-17 10:09:52,lan/sala2/sensor/temp,21.9
2025-11-17 10:09:53,lan/sala1/sensor/hum,26.09
2025-11-17 10:09:54,lan/sala1/sensor/temp,27.08
2025-11-17 10:09:54,lan/sala2/sensor/temp,28.44
2025-11-17 10:09:55,lan/sala1/sensor/hum,22.54
2025-11-17 10:09:56,lan/sala1/sensor/temp,25.85
2025-11-17 10:09:57,lan/sala2/sensor/temp,22.03
2025-11-17 10:09:57,lan/sala1/sensor/hum,28.01
2025-11-17 10:09:58,lan/sala1/sensor/temp,22.19
2025-11-17 10:09:59,lan/sala2/sensor/temp,21.91
2025-11-17 10:09:59,lan/sala1/sensor/hum,23.94
2025-11-17 10:10:00,lan/sala1/sensor/temp,25.75
2025-11-17 10:10:01,lan/sala2/sensor/temp,21.24
2025-11-17 10:10:01,lan/sala1/sensor/hum,22.92
2025-11-17 10:10:02,lan/sala1/sensor/temp,21.15
2025-11-17 10:10:03,lan/sala2/sensor/temp,24.07
2025-11-17 10:10:03,lan/sala1/sensor/hum,24.97
2025-11-17 10:10:04,lan/sala1/sensor/temp,24.81
2025-11-17 10:10:05,lan/sala2/sensor/temp,29.86
2025-11-17 10:10:05,lan/sala1/sensor/hum,29.11
2025-11-17 10:10:06,lan/sala1/sensor/temp,27.28
2025-11-17 10:10:07,lan/sala2/sensor/temp,23.25
2025-11-17 10:10:07,lan/sala1/sensor/hum,24.91
2025-11-17 10:10:08,lan/sala1/sensor/temp,29.76
2025-11-17 10:10:09,lan/sala2/sensor/temp,29.44
2025-11-17 10:10:09,lan/sala1/sensor/hum,19.1
2025-11-17 10:10:10,lan/sala1/sensor/temp,23.11
2025-11-17 10:10:11,lan/sala2/sensor/temp,26.56
2025-11-17 10:10:11,lan/sala1/sensor/hum,18.81
2025-11-17 10:10:12,lan/sala1/sensor/temp,20.47
2025-11-17 10:10:13,lan/sala2/sensor/temp,28.52
2025-11-17 10:10:13,lan/sala1/sensor/hum,19.93
2025-11-17 10:10:14,lan/sala1/sensor/temp,24.7
2025-11-17 10:10:15,lan/sala2/sensor/temp,22.36
2025-11-17 10:10:15,lan/sala1/sensor/hum,22.9
2025-11-17 10:10:16,lan/sala1/sensor/temp,29.33
2025-11-17 10:10:17,lan/sala2/sensor/temp,28.09
2025-11-17 10:10:17,lan/sala1/sensor/hum,18.08
2025-11-17 10:10:18,lan/sala1/sensor/temp,21.43
2025-11-17 10:10:19,lan/sala2/sensor/temp,25.31
2025-11-17 10:10:19,lan/sala1/sensor/hum,22.97
2025-11-17 10:10:20,lan/sala1/sensor/temp,23.13
2025-11-17 10:10:21,lan/sala2/sensor/temp,27.84
2025-11-17 10:10:21,lan/sala1/sensor/hum,24.43
2025-11-17 10:10:22,lan/sala1/sensor/temp,20.29
2025-11-17 10:10:23,lan/sala2/sensor/temp,19.45
2025-11-17 10:10:23,lan/sala1/sensor/hum,29.07
2025-11-17 10:10:24,lan/sala1/sensor/temp,18.84
2025-11-17 10:10:25,lan/sala2/sensor/temp,18.07
2025-11-17 10:10:25,lan/sala1/sensor/hum,25.86
2025-11-17 10:10:26,lan/sala1/sensor/temp,18.89
2025-11-17 10:10:27,lan/sala2/sensor/temp,18.73
2025-11-17 10:10:27,lan/sala1/sensor/hum,22.93
2025-11-17 10:10:28,lan/sala1/sensor/temp,19.43
2025-11-17 10:10:29,lan/sala2/sensor/temp,29.38
2025-11-17 10:10:29,lan/sala1/sensor/hum,23.93
2025-11-17 10:10:30,lan/sala1/sensor/temp,28.55
2025-11-17 10:10:31,lan/sala2/sensor/temp,24.87
2025-11-17 10:10:31,lan/sala1/sensor/hum,23.67
2025-11-17 10:10:32,lan/sala1/sensor/temp,21.2
2025-11-17 10:10:33,lan/sala2/sensor/temp,21.61
2025-11-17 10:10:33,lan/sala1/sensor/hum,23.62
2025-11-17 10:10:34,lan/sala1/sensor/temp,29.36
2025-11-17 10:10:35,lan/sala2/sensor/temp,25.74
2025-11-17 10:10:35,lan/sala1/sensor/hum,25.72
2025-11-17 10:10:36,lan/sala1/sensor/temp,20.47
2025-11-17 10:10:37,lan/sala2/sensor/temp,19.06
2025-11-17 10:10:37,lan/sala1/sensor/hum,28.62
2025-11-17 10:10:38,lan/sala1/sensor/temp,21.96
2025-11-17 10:10:39,lan/sala2/sensor/temp,28.64
2025-11-17 10:10:39,lan/sala1/sensor/hum,18.66
2025-11-17 10:10:40,lan/sala1/sensor/temp,18.73
2025-11-17 10:10:41,lan/sala2/sensor/temp,23.52
2025-11-17 10:10:41,lan/sala1/sensor/hum,22.38
2025-11-17 10:10:42,lan/sala1/sensor/temp,20.0
2025-11-17 10:10:43,lan/sala2/sensor/temp,22.14
2025-11-17 10:10:43,lan/sala1/sensor/hum,22.1
2025-11-17 10:10:44,lan/sala1/sensor/temp,21.24
2025-11-17 10:10:45,lan/sala2/sensor/temp,29.58
2025-11-17 10:10:45,lan/sala1/sensor/hum,27.29
2025-11-17 10:10:46,lan/sala1/sensor/temp,27.38
2025-11-17 10:10:47,lan/sala2/sensor/temp,22.23
2025-11-17 10:10:47,lan/sala1/sensor/hum,29.25
2025-11-17 10:10:48,lan/sala1/sensor/temp,29.31
2025-11-17 10:10:49,lan/sala2/sensor/temp,23.75
2025-11-17 10:10:49,lan/sala1/sensor/hum,25.31
2025-11-17 10:10:50,lan/sala1/sensor/temp,21.64
2025-11-17 10:10:51,lan/sala2/sensor/temp,25.58
2025-11-17 10:10:51,lan/sala1/sensor/hum,28.68
2025-11-17 10:10:52,lan/sala1/sensor/temp,24.71
2025-11-17 10:10:53,lan/sala2/sensor/temp,28.93
2025-11-17 10:10:53,lan/sala1/sensor/hum,23.24
2025-11-17 10:10:54,lan/sala1/sensor/temp,19.88
2025-11-17 10:10:55,lan/sala2/sensor/temp,24.09
2025-11-17 10:10:55,lan/sala1/sensor/hum,26.37
2025-11-17 10:10:56,lan/sala1/sensor/temp,21.58
2025-11-17 10:10:57,lan/sala2/sensor/temp,24.65
2025-11-17 10:10:57,lan/sala1/sensor/hum,18.42
2025-11-17 10:10:58,lan/sala1/sensor/temp,20.28
2025-11-17 10:10:59,lan/sala2/sensor/temp,26.59
2025-11-17 10:10:59,lan/sala1/sensor/hum,23.29
2025-11-17 10:11:00,lan/sala1/sensor/temp,23.44
2025-11-17 10:11:01,lan/sala2/sensor/temp,20.44
2025-11-17 10:11:01,lan/sala1/sensor/hum,26.62
2025-11-17 10:11:02,lan/sala1/sensor/temp,23.7
2025-11-17 10:11:03,lan/sala2/sensor/temp,27.86
2025-11-17 10:11:03,lan/sala1/sensor/hum,28.47
2025-11-17 10:11:04,lan/sala1/sensor/temp,21.34
2025-11-17 10:11:05,lan/sala2/sensor/temp,19.2
2025-11-17 10:11:05,lan/sala1/sensor/hum,24.59
2025-11-17 10:11:06,lan/sala1/sensor/temp,20.45
2025-11-17 10:11:07,lan/sala2/sensor/temp,29.35
2025-11-17 10:11:07,lan/sala1/sensor/hum,19.67
2025-11-17 10:11:08,lan/sala1/sensor/temp,27.27
2025-11-17 10:11:09,lan/sala2/sensor/temp,22.45
2025-11-17 10:11:09,lan/sala1/sensor/hum,27.38
2025-11-17 10:11:10,lan/sala1/sensor/temp,26.76
2025-11-17 10:11:11,lan/sala2/sensor/temp,25.13
2025-11-17 10:11:11,lan/sala1/sensor/hum,28.95
2025-11-17 10:11:12,lan/sala1/sensor/temp,20.8
2025-11-17 10:11:13,lan/sala2/sensor/temp,23.3
2025-11-17 10:11:13,lan/sala1/sensor/hum,26.21
2025-11-17 10:11:14,lan/sala1/sensor/temp,27.92
2025-11-17 10:11:15,lan/sala2/sensor/temp,19.72
2025-11-17 10:11:15,lan/sala1/sensor/hum,29.13
2025-11-17 10:11:16,lan/sala1/sensor/temp,27.04
2025-11-17 10:11:17,lan/sala2/sensor/temp,19.84
2025-11-17 10:11:17,lan/sala1/sensor/hum,21.05
2025-11-17 10:11:18,lan/sala1/sensor/temp,24.41
2025-11-17 10:11:19,lan/sala2/sensor/temp,19.32
2025-11-17 10:11:19,lan/sala1/sensor/hum,23.42
2025-11-17 10:11:20,lan/sala1/sensor/temp,20.27
2025-11-17 10:11:21,lan/sala2/sensor/temp,25.1
2025-11-17 10:11:21,lan/sala1/sensor/hum,24.62
2025-11-17 10:11:22,lan/sala1/sensor/temp,22.88
2025-11-17 10:11:23,lan/sala2/sensor/temp,27.04
2025-11-17 10:11:23,lan/sala1/sensor/hum,27.47
2025-11-17 10:11:24,lan/sala1/sensor/temp,24.96
2025-11-17 10:11:25,lan/sala2/sensor/temp,25.9
2025-11-17 10:11:25,lan/sala1/sensor/hum,29.1
2025-11-17 10:11:26,lan/sala1/sensor/temp,26.77
2025-11-17 10:11:27,lan/sala2/sensor/temp,22.0
2025-11-17 10:11:27,lan/sala1/sensor/hum,23.26
2025-11-17 10:11:28,lan/sala1/sensor/temp,28.81
2025-11-17 10:11:29,lan/sala2/sensor/temp,27.09
2025-11-17 10:11:29,lan/sala1/sensor/hum,23.07
2025-11-17 10:11:30,lan/sala1/sensor/temp,19.77
2025-11-17 10:11:31,lan/sala2/sensor/temp,27.95
2025-11-17 10:11:31,lan/sala1/sensor/hum,23.3
2025-11-17 10:11:32,lan/sala1/sensor/temp,25.94
2025-11-17 10:11:33,lan/sala2/sensor/temp,18.25
2025-11-17 10:11:33,lan/sala1/sensor/hum,19.1
2025-11-17 10:11:34,lan/sala1/sensor/temp,27.46
2025-11-17 10:11:35,lan/sala2/sensor/temp,21.39
2025-11-17 10:11:35,lan/sala1/sensor/hum,21.14
2025-11-17 10:11:36,lan/sala1/sensor/temp,21.09
2025-11-17 10:11:37,lan/sala2/sensor/temp,22.67
2025-11-17 10:11:37,lan/sala1/sensor/hum,20.21
2025-11-17 10:11:38,lan/sala1/sensor/temp,20.72
2025-11-17 10:11:39,lan/sala2/sensor/temp,21.93
2025-11-17 10:11:39,lan/sala1/sensor/hum,27.53
2025-11-17 10:11:40,lan/sala1/sensor/temp,24.96
2025-11-17 10:11:41,lan/sala2/sensor/temp,26.51
2025-11-17 10:11:41,lan/sala1/sensor/hum,28.71
2025-11-17 10:11:42,lan/sala1/sensor/temp,19.37
2025-11-17 10:11:43,lan/sala2/sensor/temp,28.21
2025-11-17 10:11:43,lan/sala1/sensor/hum,24.66
2025-11-17 10:11:44,lan/sala1/sensor/temp,28.1
2025-11-17 10:11:45,lan/sala2/sensor/temp,26.4
2025-11-17 10:11:45,lan/sala1/sensor/hum,29.15
2025-11-17 10:11:46,lan/sala1/sensor/temp,23.07
2025-11-17 10:11:47,lan/sala2/sensor/temp,28.03
2025-11-17 10:11:47,lan/sala1/sensor/hum,21.77
2025-11-17 10:11:48,lan/sala1/sensor/temp,23.9
2025-11-17 10:11:49,lan/sala2/sensor/temp,19.8
2025-11-17 10:11:49,lan/sala1/sensor/hum,29.81
2025-11-17 10:11:50,lan/sala1/sensor/temp,24.42
2025-11-17 10:11:51,lan/sala2/sensor/temp,18.81
2025-11-17 10:11:51,lan/sala1/sensor/hum,29.58
2025-11-17 10:11:52,lan/sala1/sensor/temp,20.75
2025-11-17 10:11:53,lan/sala2/sensor/temp,19.05
2025-11-17 10:11:53,lan/sala1/sensor/hum,22.13
2025-11-17 10:11:54,lan/sala1/sensor/temp,19.71
2025-11-17 10:11:55,lan/sala2/sensor/temp,24.71
2025-11-17 10:11:55,lan/sala1/sensor/hum,25.04
2025-11-17 10:11:56,lan/sala1/sensor/temp,29.1
2025-11-17 10:11:57,lan/sala2/sensor/temp,27.0
2025-11-17 10:11:57,lan/sala1/sensor/hum,20.24
2025-11-17 10:11:58,lan/sala1/sensor/temp,25.57
2025-11-17 10:11:59,lan/sala2/sensor/temp,20.53
2025-11-17 10:11:59,lan/sala1/sensor/hum,28.86
2025-11-17 10:12:00,lan/sala1/sensor/temp,29.59
2025-11-17 10:12:01,lan/sala2/sensor/temp,28.72
2025-11-17 10:12:01,lan/sala1/sensor/hum,20.29
2025-11-17 10:12:02,lan/sala1/sensor/temp,27.95
2025-11-17 10:12:03,lan/sala2/sensor/temp,20.8
2025-11-17 10:12:03,lan/sala1/sensor/hum,29.7
2025-11-17 10:12:04,lan/sala1/sensor/temp,26.78
2025-11-17 10:12:05,lan/sala2/sensor/temp,22.66
2025-11-17 10:12:05,lan/sala1/sensor/hum,29.23
2025-11-17 10:12:06,lan/sala1/sensor/temp,29.2
2025-11-17 10:12:07,lan/sala2/sensor/temp,23.31
2025-11-17 10:12:07,lan/sala1/sensor/hum,20.69
2025-11-17 10:12:08,lan/sala1/sensor/temp,21.41
2025-11-17 10:12:09,lan/sala2/sensor/temp,24.01
2025-11-17 10:12:09,lan/sala1/sensor/hum,28.79
2025-11-17 10:12:10,lan/sala1/sensor/temp,19.45
2025-11-17 10:12:11,lan/sala2/sensor/temp,23.71
2025-11-17 10:12:11,lan/sala1/sensor/hum,24.25
2025-11-17 10:12:12,lan/sala1/sensor/temp,29.68
2025-11-17 10:12:13,lan/sala2/sensor/temp,25.32
2025-11-17 10:12:13,lan/sala1/sensor/hum,26.44
2025-11-17 10:12:14,lan/sala1/sensor/temp,18.12
2025-11-17 10:12:15,lan/sala2/sensor/temp,19.66
2025-11-17 10:12:15,lan/sala1/sensor/hum,27.0
2025-11-17 10:12:16,lan/sala1/sensor/temp,26.0
2025-11-17 10:12:17,lan/sala2/sensor/temp,28.22
2025-11-17 10:12:17,lan/sala1/sensor/hum,27.09
2025-11-17 10:12:18,lan/sala1/sensor/temp,27.97
2025-11-17 10:12:19,lan/sala2/sensor/temp,26.32
2025-11-17 10:12:19,lan/sala1/sensor/hum,27.61
2025-11-17 10:12:20,lan/sala1/sensor/temp,22.36
2025-11-17 10:12:21,lan/sala2/sensor/temp,27.56
2025-11-17 10:12:21,lan/sala1/sensor/hum,20.65
2025-11-17 10:12:22,lan/sala1/sensor/temp,29.92
2025-11-17 10:12:23,lan/sala2/sensor/temp,19.74
2025-11-17 10:12:23,lan/sala1/sensor/hum,27.31
2025-11-17 10:12:24,lan/sala1/sensor/temp,23.8
2025-11-17 10:12:25,lan/sala2/sensor/temp,24.8
2025-11-17 10:12:25,lan/sala1/sensor/hum,18.63
2025-11-17 10:12:26,lan/sala1/sensor/temp,22.38
2025-11-17 10:12:27,lan/sala2/sensor/temp,25.5
2025-11-17 10:12:27,lan/sala1/sensor/hum,27.85
2025-11-17 10:12:28,lan/sala1/sensor/temp,19.24
2025-11-17 10:12:29,lan/sala2/sensor/temp,22.84
2025-11-17 10:12:29,lan/sala1/sensor/hum,26.13
2025-11-17 10:12:30,lan/sala1/sensor/temp,25.49
2025-11-17 10:12:31,lan/sala2/sensor/temp,25.63
2025-11-17 10:12:31,lan/sala1/sensor/hum,20.14
2025-11-17 10:12:32,lan/sala1/sensor/temp,24.99
2025-11-17 10:12:33,lan/sala2/sensor/temp,23.61
2025-11-17 10:12:33,lan/sala1/sensor/hum,19.66
2025-11-17 10:12:34,lan/sala1/sensor/temp,24.65
2025-11-17 10:12:35,lan/sala2/sensor/temp,19.42
2025-11-17 10:12:35,lan/sala1/sensor/hum,18.14
2025-11-17 10:12:36,lan/sala1/sensor/temp,20.26
2025-11-17 10:12:37,lan/sala2/sensor/temp,24.93
2025-11-17 10:12:37,lan/sala1/sensor/hum,23.92
2025-11-17 10:12:38,lan/sala1/sensor/temp,21.89
2025-11-17 10:12:39,lan/sala2/sensor/temp,22.02
2025-11-17 10:12:39,lan/sala1/sensor/hum,18.16
2025-11-17 10:12:40,lan/sala1/sensor/temp,18.38
2025-11-17 10:12:41,lan/sala2/sensor/temp,28.77
2025-11-17 10:12:41,lan/sala1/sensor/hum,25.69
2025-11-17 10:12:42,lan/sala1/sensor/temp,24.25
2025-11-17 10:12:43,lan/sala2/sensor/temp,22.42
2025-11-17 10:12:43,lan/sala1/sensor/hum,27.74
2025-11-17 10:12:44,lan/sala1/sensor/temp,25.53
2025-11-17 10:12:45,lan/sala2/sensor/temp,20.5
2025-11-17 10:12:45,lan/sala1/sensor/hum,19.68
2025-11-17 10:12:46,lan/sala1/sensor/temp,25.15
2025-11-17 10:12:47,lan/sala2/sensor/temp,25.04
2025-11-17 10:12:47,lan/sala1/sensor/hum,20.04
2025-11-17 10:12:48,lan/sala1/sensor/temp,28.76
2025-11-17 10:12:49,lan/sala2/sensor/temp,20.64
2025-11-17 10:12:49,lan/sala1/sensor/hum,26.77
2025-11-17 10:12:50,lan/sala1/sensor/temp,19.71
2025-11-17 10:12:51,lan/sala2/sensor/temp,21.31
2025-11-17 10:12:51,lan/sala1/sensor/hum,19.34
2025-11-17 10:12:52,lan/sala1/sensor/temp,20.99
2025-11-17 10:12:53,lan/sala2/sensor/temp,18.57
2025-11-17 10:12:53,lan/sala1/sensor/hum,24.37
2025-11-17 10:12:54,lan/sala1/sensor/temp,28.54
2025-11-17 10:12:55,lan/sala2/sensor/temp,19.9
2025-11-17 10:12:55,lan/sala1/sensor/hum,21.97
2025-11-17 10:12:56,lan/sala1/sensor/temp,28.44
2025-11-17 10:12:57,lan/sala2/sensor/temp,27.02
2025-11-17 10:12:57,lan/sala1/sensor/hum,23.6
2025-11-17 10:12:58,lan/sala1/sensor/temp,26.47
2025-11-17 10:12:59,lan/sala2/sensor/temp,24.93
2025-11-17 10:12:59,lan/sala1/sensor/hum,28.59
2025-11-17 10:13:00,lan/sala1/sensor/temp,21.39
2025-11-17 10:13:01,lan/sala2/sensor/temp,29.37
2025-11-17 10:13:01,lan/sala1/sensor/hum,28.92
2025-11-17 10:13:02,lan/sala1/sensor/temp,18.77
2025-11-17 10:13:03,lan/sala2/sensor/temp,22.29
2025-11-17 10:13:03,lan/sala1/sensor/hum,28.66
2025-11-17 10:13:04,lan/sala1/sensor/temp,23.96
2025-11-17 10:13:05,lan/sala2/sensor/temp,20.85
2025-11-17 10:13:05,lan/sala1/sensor/hum,21.84
2025-11-17 10:13:06,lan/sala1/sensor/temp,18.47
2025-11-17 10:13:07,lan/sala2/sensor/temp,25.2
2025-11-17 10:13:07,lan/sala1/sensor/hum,20.44
2025-11-17 10:13:08,lan/sala1/sensor/temp,23.11
2025-11-17 10:13:09,lan/sala2/sensor/temp,23.13
2025-11-17 10:13:09,lan/sala1/sensor/hum,22.01
2025-11-17 10:13:10,lan/sala1/sensor/temp,23.03
2025-11-17 10:13:11,lan/sala2/sensor/temp,24.58
2025-11-17 10:13:11,lan/sala1/sensor/hum,19.65
2025-11-17 10:13:12,lan/sala1/sensor/temp,20.89
2025-11-17 10:13:13,lan/sala2/sensor/temp,18.37
2025-11-17 10:13:13,lan/sala1/sensor/hum,21.12
2025-11-17 10:13:14,lan/sala1/sensor/temp,18.39
2025-11-17 10:13:15,lan/sala2/sensor/temp,26.59
2025-11-17 10:13:15,lan/sala1/sensor/hum,29.2
2025-11-17 10:13:16,lan/sala1/sensor/temp,26.0
2025-11-17 10:13:17,lan/sala2/sensor/temp,23.0
2025-11-17 10:13:17,lan/sala1/sensor/hum,26.28
2025-11-17 10:13:18,lan/sala1/sensor/temp,28.37
2025-11-17 10:13:19,lan/sala2/sensor/temp,19.65
2025-11-17 10:13:19,lan/sala1/sensor/hum,20.59
2025-11-17 10:13:20,lan/sala1/sensor/temp,19.9
2025-11-17 10:13:21,lan/sala2/sensor/temp,22.22
2025-11-17 10:13:21,lan/sala1/sensor/hum,22.09
2025-11-17 10:13:22,lan/sala1/sensor/temp,21.85
2025-11-17 10:13:23,lan/sala2/sensor/temp,20.94
2025-11-17 10:13:23,lan/sala1/sensor/hum,20.95
2025-11-17 10:13:24,lan/sala1/sensor/temp,26.05
2025-11-17 10:13:25,lan/sala2/sensor/temp,27.64
2025-11-17 10:13:25,lan/sala1/sensor/hum,26.92
2025-11-17 10:13:26,lan/sala1/sensor/temp,24.2
2025-11-17 10:13:27,lan/sala2/sensor/temp,29.61
2025-11-17 10:13:27,lan/sala1/sensor/hum,25.09
2025-11-17 10:13:28,lan/sala1/sensor/temp,26.96
2025-11-17 10:13:29,lan/sala2/sensor/temp,24.36
2025-11-17 10:13:29,lan/sala1/sensor/hum,22.12
2025-11-17 10:13:30,lan/sala1/sensor/temp,22.71
2025-11-17 10:13:31,lan/sala2/sensor/temp,26.12
2025-11-17 10:13:31,lan/sala1/sensor/hum,18.16
2025-11-17 10:13:32,lan/sala1/sensor/temp,26.36
2025-11-17 10:13:33,lan/sala2/sensor/temp,18.56
2025-11-17 10:13:33,lan/sala1/sensor/hum,25.41
2025-11-17 10:13:34,lan/sala1/sensor/temp,21.32
2025-11-17 10:13:35,lan/sala2/sensor/temp,26.51
2025-11-17 10:13:35,lan/sala1/sensor/hum,23.03
2025-11-17 10:13:36,lan/sala1/sensor/temp,24.35
2025-11-17 10:13:37,lan/sala2/sensor/temp,29.81
2025-11-17 10:13:37,lan/sala1/sensor/hum,27.7
2025-11-17 10:13:38,lan/sala1/sensor/temp,29.73
2025-11-17 10:13:39,lan/sala2/sensor/temp,28.11
2025-11-17 10:13:39,lan/sala1/sensor/hum,19.51
2025-11-17 10:13:40,lan/sala1/sensor/temp,29.83
2025-11-17 10:13:41,lan/sala2/sensor/temp,22.55
2025-11-17 10:13:41,lan/sala1/sensor/hum,19.55
2025-11-17 10:13:42,lan/sala1/sensor/temp,18.5
2025-11-17 10:13:43,lan/sala2/sensor/temp,19.77
2025-11-17 10:13:43,lan/sala1/sensor/hum,22.56
2025-11-17 10:13:44,lan/sala1/sensor/temp,25.9
2025-11-17 10:13:45,lan/sala2/sensor/temp,19.28
2025-11-17 10:13:45,lan/sala1/sensor/hum,22.82
2025-11-17 10:13:46,lan/sala1/sensor/temp,27.09
2025-11-17 10:13:47,lan/sala2/sensor/temp,20.43
2025-11-17 10:13:47,lan/sala1/sensor/hum,23.02
2025-11-17 10:13:48,lan/sala1/sensor/temp,19.73
2025-11-17 10:13:49,lan/sala2/sensor/temp,25.42
2025-11-17 10:13:49,lan/sala1/sensor/hum,24.48
2025-11-17 10:13:50,lan/sala1/sensor/temp,21.58
2025-11-17 10:13:51,lan/sala2/sensor/temp,27.01
2025-11-17 10:13:51,lan/sala1/sensor/hum,23.68
2025-11-17 10:13:52,lan/sala1/sensor/temp,24.73
2025-11-17 10:13:53,lan/sala2/sensor/temp,24.08
2025-11-17 10:13:53,lan/sala1/sensor/hum,26.57
2025-11-17 10:13:54,lan/sala1/sensor/temp,25.46
2025-11-17 10:13:55,lan/sala2/sensor/temp,22.85
2025-11-17 10:13:55,lan/sala1/sensor/hum,26.06
2025-11-17 10:13:56,lan/sala1/sensor/temp,20.85
2025-11-17 10:13:57,lan/sala2/sensor/temp,18.06
2025-11-17 10:13:57,lan/sala1/sensor/hum,19.79
2025-11-17 10:13:58,lan/sala1/sensor/temp,19.19
2025-11-17 10:13:59,lan/sala2/sensor/temp,28.94
2025-11-17 10:13:59,lan/sala1/sensor/hum,22.01
2025-11-17 10:14:00,lan/sala1/sensor/temp,27.76
2025-11-17 10:14:01,lan/sala2/sensor/temp,21.02
2025-11-17 10:14:01,lan/sala1/sensor/hum,21.22
2025-11-17 10:14:02,lan/sala1/sensor/temp,27.13
2025-11-17 10:14:03,lan/sala2/sensor/temp,21.43
2025-11-17 10:14:03,lan/sala1/sensor/hum,19.92
2025-11-17 10:14:04,lan/sala1/sensor/temp,20.88
2025-11-17 10:14:05,lan/sala2/sensor/temp,22.42
2025-11-17 10:14:05,lan/sala1/sensor/hum,28.44
2025-11-17 10:14:06,lan/sala1/sensor/temp,25.89
2025-11-17 10:14:07,lan/sala2/sensor/temp,25.75
2025-11-17 10:14:07,lan/sala1/sensor/hum,26.34
2025-11-17 10:14:08,lan/sala1/sensor/temp,28.32
2025-11-17 10:14:09,lan/sala2/sensor/temp,23.95
2025-11-17 10:14:09,lan/sala1/sensor/hum,21.66
2025-11-17 10:14:10,lan/sala1/sensor/temp,24.59
2025-11-17 10:14:11,lan/sala2/sensor/temp,21.0
2025-11-17 10:14:11,lan/sala1/sensor/hum,18.02
2025-11-17 10:14:12,lan/sala1/sensor/temp,29.08
2025-11-17 10:14:13,lan/sala2/sensor/temp,23.59
2025-11-17 10:14:13,lan/sala1/sensor/hum,28.13
2025-11-17 10:14:14,lan/sala1/sensor/temp,18.11
2025-11-17 10:14:15,lan/sala2/sensor/temp,28.09
2025-11-17 10:14:15,lan/sala1/sensor/hum,28.49
2025-11-17 10:14:16,lan/sala1/sensor/temp,19.81
2025-11-17 10:14:17,lan/sala2/sensor/temp,18.67
2025-11-17 10:14:17,lan/sala1/sensor/hum,18.56
2025-11-17 10:14:18,lan/sala1/sensor/temp,26.17
2025-11-17 10:14:19,lan/sala2/sensor/temp,18.92
2025-11-17 10:14:19,lan/sala1/sensor/hum,24.31
2025-11-17 10:14:20,lan/sala1/sensor/temp,23.79
2025-11-17 10:14:21,lan/sala2/sensor/temp,20.8
2025-11-17 10:14:21,lan/sala1/sensor/hum,26.77
2025-11-17 10:14:22,lan/sala1/sensor/temp,20.92
2025-11-17 10:14:23,lan/sala2/sensor/temp,18.65
2025-11-17 10:14:23,lan/sala1/sensor/hum,21.65
2025-11-17 10:14:24,lan/sala1/sensor/temp,24.72
2025-11-17 10:14:25,lan/sala2/sensor/temp,23.46
2025-11-17 10:14:25,lan/sala1/sensor/hum,20.25
2025-11-17 10:14:26,lan/sala1/sensor/temp,29.51
2025-11-17 10:14:27,lan/sala2/sensor/temp,24.36
2025-11-17 10:14:27,lan/sala1/sensor/hum,28.52
2025-11-17 10:14:28,lan/sala1/sensor/temp,27.77
2025-11-17 10:14:29,lan/sala2/sensor/temp,24.13
2025-11-17 10:14:29,lan/sala1/sensor/hum,19.68
2025-11-17 10:14:30,lan/sala1/sensor/temp,28.13
2025-11-17 10:14:31,lan/sala2/sensor/temp,20.85
2025-11-17 10:14:31,lan/sala1/sensor/hum,25.27
2025-11-17 10:14:32,lan/sala1/sensor/temp,18.8
2025-11-17 10:14:33,lan/sala2/sensor/temp,26.31
2025-11-17 10:14:33,lan/sala1/sensor/hum,23.86
2025-11-17 10:14:34,lan/sala1/sensor/temp,23.7
2025-11-17 10:14:35,lan/sala2/sensor/temp,25.31
2025-11-17 10:14:35,lan/sala1/sensor/hum,26.64
2025-11-17 10:14:36,lan/sala1/sensor/temp,22.18
2025-11-17 10:14:37,lan/sala2/sensor/temp,25.63
2025-11-17 10:14:37,lan/sala1/sensor/hum,18.26
2025-11-17 10:14:38,lan/sala1/sensor/temp,22.27
2025-11-17 10:14:39,lan/sala2/sensor/temp,25.5
2025-11-17 10:14:39,lan/sala1/sensor/hum,19.78
2025-11-17 10:14:40,lan/sala1/sensor/temp,21.07
2025-11-17 10:14:41,lan/sala2/sensor/temp,24.19
2025-11-17 10:14:41,lan/sala1/sensor/hum,26.53
2025-11-17 10:14:42,lan/sala1/sensor/temp,26.75
2025-11-17 10:14:43,lan/sala2/sensor/temp,28.51
2025-11-17 10:14:43,lan/sala1/sensor/hum,20.88
2025-11-17 10:14:44,lan/sala1/sensor/temp,22.86
2025-11-17 10:14:45,lan/sala2/sensor/temp,26.57
2025-11-17 10:14:45,lan/sala1/sensor/hum,23.27
2025-11-17 10:14:46,lan/sala1/sensor/temp,18.91
2025-11-17 10:14:47,lan/sala2/sensor/temp,27.56
2025-11-17 10:14:47,lan/sala1/sensor/hum,29.51
2025-11-17 10:14:48,lan/sala1/sensor/temp,25.22
2025-11-17 10:14:49,lan/sala2/sensor/temp,21.15
2025-11-17 10:14:49,lan/sala1/sensor/hum,23.42
2025-11-17 10:14:50,lan/sala1/sensor/temp,29.79
2025-11-17 10:14:51,lan/sala2/sensor/temp,27.86
2025-11-17 10:14:51,lan/sala1/sensor/hum,28.84
2025-11-17 10:14:52,lan/sala1/sensor/temp,21.47
2025-11-17 10:14:53,lan/sala2/sensor/temp,25.02
2025-11-17 10:14:53,lan/sala1/sensor/hum,19.7
2025-11-17 10:14:54,lan/sala1/sensor/temp,24.91
2025-11-17 10:14:55,lan/sala2/sensor/temp,26.48
2025-11-17 10:14:55,lan/sala1/sensor/hum,23.29
2025-11-17 10:14:56,lan/sala1/sensor/temp,19.64
2025-11-17 10:14:57,lan/sala2/sensor/temp,21.23
2025-11-17 10:14:57,lan/sala1/sensor/hum,28.18
2025-11-17 10:14:58,lan/sala1/sensor/temp,25.96
2025-11-17 10:14:59,lan/sala2/sensor/temp,23.81
2025-11-17 10:15:00,lan/sala1/sensor/hum,21.1
2025-11-17 10:15:00,lan/sala1/sensor/temp,20.32
2025-11-17 10:15:01,lan/sala2/sensor/temp,27.78
2025-11-17 10:15:01,lan/sala1/sensor/hum,20.33
2025-11-17 10:15:02,lan/sala1/sensor/temp,25.02
2025-11-17 10:15:03,lan/sala2/sensor/temp,26.22
2025-11-17 10:15:03,lan/sala1/sensor/hum,22.49
2025-11-17 10:15:04,lan/sala1/sensor/temp,22.02
2025-11-17 10:15:05,lan/sala2/sensor/temp,23.98
2025-11-17 10:15:05,lan/sala1/sensor/hum,23.57
2025-11-17 10:15:06,lan/sala1/sensor/temp,26.87
2025-11-17 10:15:07,lan/sala2/sensor/temp,23.78
2025-11-17 10:15:07,lan/sala1/sensor/hum,19.03
2025-11-17 10:15:08,lan/sala1/sensor/temp,29.09
2025-11-17 10:15:09,lan/sala2/sensor/temp,29.34
2025-11-17 10:15:09,lan/sala1/sensor/hum,22.82
2025-11-17 10:15:10,lan/sala1/sensor/temp,26.7
2025-11-17 10:15:11,lan/sala2/sensor/temp,20.46
2025-11-17 10:15:11,lan/sala1/sensor/hum,22.77
2025-11-17 10:15:12,lan/sala1/sensor/temp,18.58
2025-11-17 10:15:13,lan/sala2/sensor/temp,19.44
2025-11-17 10:15:13,lan/sala1/sensor/hum,21.38
2025-11-17 10:15:14,lan/sala1/sensor/temp,19.92
2025-11-17 10:15:15,lan/sala2/sensor/temp,20.05
2025-11-17 10:15:15,lan/sala1/sensor/hum,28.5
2025-11-17 10:15:16,lan/sala1/sensor/temp,21.88
2025-11-17 10:15:17,lan/sala2/sensor/temp,18.17
2025-11-17 10:15:17,lan/sala1/sensor/hum,19.08
2025-11-17 10:15:18,lan/sala1/sensor/temp,26.35
2025-11-17 10:15:19,lan/sala2/sensor/temp,26.01
2025-11-17 10:15:19,lan/sala1/sensor/hum,27.8
2025-11-17 10:15:20,lan/sala1/sensor/temp,23.35
2025-11-17 10:15:21,lan/sala2/sensor/temp,19.71
2025-11-17 10:15:21,lan/sala1/sensor/hum,29.19
2025-11-17 10:15:22,lan/sala1/sensor/temp,24.23
2025-11-17 10:15:23,lan/sala2/sensor/temp,29.04
2025-11-17 10:15:23,lan/sala1/sensor/hum,25.22
2025-11-17 10:15:24,lan/sala1/sensor/temp,22.09
2025-11-17 10:15:25,lan/sala2/sensor/temp,23.54
2025-11-17 10:15:25,lan/sala1/sensor/hum,25.65
2025-11-17 10:15:26,lan/sala1/sensor/temp,21.26
2025-11-17 10:15:27,lan/sala2/sensor/temp,18.53
2025-11-17 10:15:27,lan/sala1/sensor/hum,22.66
2025-11-17 10:15:28,lan/sala1/sensor/temp,19.7
2025-11-17 10:15:29,lan/sala2/sensor/temp,28.02
2025-11-17 10:15:29,lan/sala1/sensor/hum,18.6
2025-11-17 10:15:30,lan/sala1/sensor/temp,20.72
2025-11-17 10:15:31,lan/sala2/sensor/temp,24.55
2025-11-17 10:15:31,lan/sala1/sensor/hum,23.84
2025-11-17 10:15:32,lan/sala1/sensor/temp,26.29
2025-11-17 10:15:33,lan/sala2/sensor/temp,24.38
2025-11-17 10:15:33,lan/sala1/sensor/hum,27.23
2025-11-17 10:15:34,lan/sala1/sensor/temp,26.46
2025-11-17 10:15:35,lan/sala2/sensor/temp,29.42
2025-11-17 10:15:35,lan/sala1/sensor/hum,18.15
2025-11-17 10:15:36,lan/sala1/sensor/temp,29.85
2025-11-17 10:15:37,lan/sala2/sensor/temp,19.3
2025-11-17 10:15:38,lan/sala1/sensor/hum,29.78
2025-11-17 10:15:38,lan/sala1/sensor/temp,19.2
2025-11-17 10:15:39,lan/sala2/sensor/temp,19.26
2025-11-17 10:15:39,lan/sala1/sensor/hum,26.41
2025-11-17 10:15:40,lan/sala1/sensor/temp,29.69
2025-11-17 10:15:41,lan/sala2/sensor/temp,18.97
2025-11-17 10:15:41,lan/sala1/sensor/hum,27.58
2025-11-17 10:15:42,lan/sala1/sensor/temp,26.56
2025-11-17 10:15:43,lan/sala2/sensor/temp,27.96
2025-11-17 10:15:43,lan/sala1/sensor/hum,28.56
2025-11-17 10:15:44,lan/sala1/sensor/temp,28.81
2025-11-17 10:15:45,lan/sala2/sensor/temp,20.09
2025-11-17 10:15:45,lan/sala1/sensor/hum,27.77
2025-11-17 10:15:46,lan/sala1/sensor/temp,23.78
2025-11-17 10:15:47,lan/sala2/sensor/temp,27.82
2025-11-17 10:15:47,lan/sala1/sensor/hum,23.39
2025-11-17 10:15:48,lan/sala1/sensor/temp,21.12
2025-11-17 10:15:49,lan/sala2/sensor/temp,19.61
2025-11-17 10:15:49,lan/sala1/sensor/hum,24.72
2025-11-17 10:15:50,lan/sala1/sensor/temp,20.57
2025-11-17 10:15:51,lan/sala2/sensor/temp,24.93
2025-11-17 10:15:51,lan/sala1/sensor/hum,26.63
2025-11-17 10:15:52,lan/sala1/sensor/temp,26.44
2025-11-17 10:15:53,lan/sala2/sensor/temp,20.79
2025-11-17 10:15:53,lan/sala1/sensor/hum,27.29
2025-11-17 10:15:54,lan/sala1/sensor/temp,21.88
2025-11-17 10:15:55,lan/sala2/sensor/temp,25.51
2025-11-17 10:15:55,lan/sala1/sensor/hum,29.94
2025-11-17 10:15:56,lan/sala1/sensor/temp,19.07
2025-11-17 10:15:57,lan/sala2/sensor/temp,23.94
2025-11-17 10:15:57,lan/sala1/sensor/hum,26.55
2025-11-17 10:15:58,lan/sala1/sensor/temp,21.62
2025-11-17 10:15:59,lan/sala2/sensor/temp,22.43
2025-11-17 10:15:59,lan/sala1/sensor/hum,22.46
2025-11-17 10:16:00,lan/sala1/sensor/temp,28.16
2025-11-17 10:16:01,lan/sala2/sensor/temp,23.88
2025-11-17 10:16:01,lan/sala1/sensor/hum,21.87
2025-11-17 10:16:02,lan/sala1/sensor/temp,19.14
2025-11-17 10:16:03,lan/sala2/sensor/temp,27.93
2025-11-17 10:16:04,lan/sala1/sensor/hum,29.13
2025-11-17 10:16:05,lan/sala1/sensor/temp,19.56
2025-11-17 10:16:06,lan/sala2/sensor/temp,24.13
2025-11-17 10:16:06,lan/sala1/sensor/hum,26.63
2025-11-17 10:16:08,lan/sala1/sensor/temp,29.61
2025-11-17 10:16:08,lan/sala2/sensor/temp,18.22
2025-11-17 10:16:11,lan/sala1/sensor/hum,21.92
2025-11-17 10:16:11,lan/sala1/sensor/temp,18.66
2025-11-17 10:16:11,lan/sala2/sensor/temp,28.93
2025-11-17 10:16:12,lan/sala1/sensor/hum,24.29
2025-11-17 10:16:12,lan/sala1/sensor/temp,26.0
2025-11-17 10:16:12,lan/sala2/sensor/temp,21.75
2025-11-17 10:16:12,lan/sala1/sensor/hum,29.55
2025-11-17 10:16:13,lan/sala1/sensor/temp,19.33
2025-11-17 10:16:13,lan/sala2/sensor/temp,23.79
2025-11-17 10:16:14,lan/sala1/sensor/hum,18.25
2025-11-17 10:16:14,lan/sala1/sensor/temp,28.64
2025-11-17 10:16:15,lan/sala2/sensor/temp,24.44
2025-11-17 10:16:15,lan/sala1/sensor/hum,19.91
2025-11-17 10:16:16,lan/sala1/sensor/temp,21.81
2025-11-17 10:16:17,lan/sala2/sensor/temp,23.96
2025-11-17 10:16:17,lan/sala1/sensor/hum,25.89
2025-11-17 10:16:18,lan/sala1/sensor/temp,20.77
2025-11-17 10:16:19,lan/sala2/sensor/temp,18.38
2025-11-17 10:16:20,lan/sala1/sensor/hum,29.74
2025-11-17 10:16:21,lan/sala1/sensor/temp,21.32
2025-11-17 10:16:21,lan/sala2/sensor/temp,28.94
2025-11-17 10:16:21,lan/sala1/sensor/hum,21.25
2025-11-17 10:16:22,lan/sala1/sensor/temp,23.49
2025-11-17 10:16:23,lan/sala2/sensor/temp,18.14
2025-11-17 10:16:23,lan/sala1/sensor/hum,23.16
2025-11-17 10:16:24,lan/sala1/sensor/temp,23.04
2025-11-17 10:16:25,lan/sala2/sensor/temp,23.29
2025-11-17 10:16:25,lan/sala1/sensor/hum,25.31
2025-11-17 10:16:26,lan/sala1/sensor/temp,28.38
2025-11-17 10:16:27,lan/sala2/sensor/temp,20.14
2025-11-17 10:16:27,lan/sala1/sensor/hum,24.83
2025-11-17 10:16:28,lan/sala1/sensor/temp,20.97
2025-11-17 10:16:29,lan/sala2/sensor/temp,21.77
2025-11-17 10:16:29,lan/sala1/sensor/hum,27.51
2025-11-17 10:16:30,lan/sala1/sensor/temp,26.99
2025-11-17 10:16:31,lan/sala2/sensor/temp,18.95
2025-11-17 10:16:31,lan/sala1/sensor/hum,23.9
2025-11-17 10:16:32,lan/sala1/sensor/temp,23.31
2025-11-17 10:16:33,lan/sala2/sensor/temp,21.26
2025-11-17 10:16:33,lan/sala1/sensor/hum,28.08
2025-11-17 10:16:34,lan/sala1/sensor/temp,27.24
2025-11-17 10:16:35,lan/sala2/sensor/temp,18.88
2025-11-17 10:16:35,lan/sala1/sensor/hum,26.25
2025-11-17 10:16:36,lan/sala1/sensor/temp,22.57
2025-11-17 10:16:37,lan/sala2/sensor/temp,22.38
2025-11-17 10:16:37,lan/sala1/sensor/hum,19.73
2025-11-17 10:16:38,lan/sala1/sensor/temp,21.3
2025-11-17 10:16:39,lan/sala2/sensor/temp,23.29
2025-11-17 10:16:39,lan/sala1/sensor/hum,24.06
2025-11-17 10:16:40,lan/sala1/sensor/temp,26.21
2025-11-17 10:16:41,lan/sala2/sensor/temp,26.47
2025-11-17 10:16:41,lan/sala1/sensor/hum,24.5
2025-11-17 10:16:42,lan/sala1/sensor/temp,21.28
2025-11-17 10:16:43,lan/sala2/sensor/temp,19.85
2025-11-17 10:16:43,lan/sala1/sensor/hum,18.08
2025-11-17 10:16:44,lan/sala1/sensor/temp,18.55
2025-11-17 10:16:45,lan/sala2/sensor/temp,28.06
2025-11-17 10:16:45,lan/sala1/sensor/hum,18.09
2025-11-17 10:16:46,lan/sala1/sensor/temp,27.93
2025-11-17 10:16:47,lan/sala2/sensor/temp,18.3
2025-11-17 10:16:47,lan/sala1/sensor/hum,27.28
2025-11-17 10:16:48,lan/sala1/sensor/temp,29.15
2025-11-17 10:16:49,lan/sala2/sensor/temp,25.65
2025-11-17 10:16:49,lan/sala1/sensor/hum,21.33
2025-11-17 10:16:50,lan/sala1/sensor/temp,21.06
2025-11-17 10:16:51,lan/sala2/sensor/temp,23.52
2025-11-17 10:16:51,lan/sala1/sensor/hum,18.19
2025-11-17 10:16:52,lan/sala1/sensor/temp,20.65
2025-11-17 10:16:53,lan/sala2/sensor/temp,20.43
2025-11-17 10:16:53,lan/sala1/sensor/hum,21.41
2025-11-17 10:16:54,lan/sala1/sensor/temp,23.38
2025-11-17 10:16:55,lan/sala2/sensor/temp,29.62
2025-11-17 10:16:55,lan/sala1/sensor/hum,29.28
2025-11-17 10:16:56,lan/sala1/sensor/temp,28.19
2025-11-17 10:16:57,lan/sala2/sensor/temp,29.1
2025-11-17 10:16:57,lan/sala1/sensor/hum,26.83
2025-11-17 10:16:58,lan/sala1/sensor/temp,29.14
2025-11-17 10:16:59,lan/sala2/sensor/temp,23.72
2025-11-17 10:16:59,lan/sala1/sensor/hum,18.08
2025-11-17 10:17:00,lan/sala1/sensor/temp,29.96
2025-11-17 10:17:01,lan/sala2/sensor/temp,28.64
2025-11-17 10:17:01,lan/sala1/sensor/hum,25.8
2025-11-17 10:17:02,lan/sala1/sensor/temp,28.1
2025-11-17 10:17:03,lan/sala2/sensor/temp,22.86
2025-11-17 10:17:03,lan/sala1/sensor/hum,27.58
2025-11-17 10:17:04,lan/sala1/sensor/temp,26.33
2025-11-17 10:17:05,lan/sala2/sensor/temp,29.02
2025-11-17 10:17:05,lan/sala1/sensor/hum,21.54
2025-11-17 10:17:06,lan/sala1/sensor/temp,22.32
2025-11-17 10:17:07,lan/sala2/sensor/temp,28.3
2025-11-17 10:17:07,lan/sala1/sensor/hum,22.11
2025-11-17 10:17:08,lan/sala1/sensor/temp,23.11
2025-11-17 10:17:09,lan/sala2/sensor/temp,21.87
2025-11-17 10:17:09,lan/sala1/sensor/hum,22.53
2025-11-17 10:17:10,lan/sala1/sensor/temp,20.3
2025-11-17 10:17:11,lan/sala2/sensor/temp,28.36
2025-11-17 10:17:11,lan/sala1/sensor/hum,24.5
2025-11-17 10:17:12,lan/sala1/sensor/temp,28.98
2025-11-17 10:17:13,lan/sala2/sensor/temp,18.56
2025-11-17 10:17:13,lan/sala1/sensor/hum,21.62
2025-11-17 10:17:14,lan/sala1/sensor/temp,29.1
2025-11-17 10:17:15,lan/sala2/sensor/temp,21.68
2025-11-17 10:17:15,lan/sala1/sensor/hum,26.47
2025-11-17 10:17:16,lan/sala1/sensor/temp,28.84
2025-11-17 10:17:17,lan/sala2/sensor/temp,29.12
2025-11-17 10:17:17,lan/sala1/sensor/hum,21.24
2025-11-17 10:17:18,lan/sala1/sensor/temp,24.22
2025-11-17 10:17:19,lan/sala2/sensor/temp,23.21
2025-11-17 10:17:19,lan/sala1/sensor/hum,28.91
2025-11-17 10:17:20,lan/sala1/sensor/temp,27.06
2025-11-17 10:17:21,lan/sala2/sensor/temp,25.78
2025-11-17 10:17:21,lan/sala1/sensor/hum,22.99
2025-11-17 10:17:22,lan/sala1/sensor/temp,22.87
2025-11-17 10:17:23,lan/sala2/sensor/temp,27.47
2025-11-17 10:17:23,lan/sala1/sensor/hum,24.72
2025-11-17 10:17:24,lan/sala1/sensor/temp,18.64
2025-11-17 10:17:25,lan/sala2/sensor/temp,19.62
2025-11-17 10:17:25,lan/sala1/sensor/hum,24.51
2025-11-17 10:17:26,lan/sala1/sensor/temp,23.16
2025-11-17 10:17:27,lan/sala2/sensor/temp,28.01
2025-11-17 10:17:27,lan/sala1/sensor/hum,23.09
2025-11-17 10:17:28,lan/sala1/sensor/temp,22.74
2025-11-17 10:17:29,lan/sala2/sensor/temp,26.48
2025-11-17 10:17:29,lan/sala1/sensor/hum,29.22
2025-11-17 10:17:30,lan/sala1/sensor/temp,25.87
2025-11-17 10:17:31,lan/sala2/sensor/temp,21.09
2025-11-17 10:17:31,lan/sala1/sensor/hum,29.45
2025-11-17 10:17:32,lan/sala1/sensor/temp,22.93
2025-11-17 10:17:33,lan/sala2/sensor/temp,27.57
2025-11-17 10:17:33,lan/sala1/sensor/hum,23.49
2025-11-17 10:17:34,lan/sala1/sensor/temp,26.17
2025-11-17 10:17:35,lan/sala2/sensor/temp,25.2
2025-11-17 10:17:35,lan/sala1/sensor/hum,23.37
2025-11-17 10:17:36,lan/sala1/sensor/temp,19.01
2025-11-17 10:17:37,lan/sala2/sensor/temp,18.49
2025-11-17 10:17:37,lan/sala1/sensor/hum,23.76
2025-11-17 10:17:38,lan/sala1/sensor/temp,28.3
2025-11-17 10:17:39,lan/sala2/sensor/temp,27.13
2025-11-17 10:17:39,lan/sala1/sensor/hum,22.63
2025-11-17 10:17:40,lan/sala1/sensor/temp,21.77
2025-11-17 10:17:41,lan/sala2/sensor/temp,25.76
2025-11-17 10:17:42,lan/sala1/sensor/hum,22.7
2025-11-17 10:17:42,lan/sala1/sensor/temp,26.62
2025-11-17 10:17:43,lan/sala2/sensor/temp,28.69
2025-11-17 10:17:44,lan/sala1/sensor/hum,20.71
2025-11-17 10:17:44,lan/sala1/sensor/temp,19.42
2025-11-17 10:17:45,lan/sala2/sensor/temp,24.51
2025-11-17 10:17:45,lan/sala1/sensor/hum,19.58
2025-11-17 10:17:46,lan/sala1/sensor/temp,28.14
2025-11-17 10:17:47,lan/sala2/sensor/temp,24.79
2025-11-17 10:17:47,lan/sala1/sensor/hum,23.17
2025-11-17 10:17:48,lan/sala1/sensor/temp,23.3
2025-11-17 10:17:49,lan/sala2/sensor/temp,24.89
2025-11-17 10:17:49,lan/sala1/sensor/hum,21.47
2025-11-17 10:17:50,lan/sala1/sensor/temp,18.13
2025-11-17 10:17:51,lan/sala2/sensor/temp,25.73
2025-11-17 10:17:51,lan/sala1/sensor/hum,22.95
2025-11-17 10:17:52,lan/sala1/sensor/temp,23.77
2025-11-17 10:17:53,lan/sala2/sensor/temp,27.02
2025-11-17 10:17:53,lan/sala1/sensor/hum,26.52
2025-11-17 10:17:54,lan/sala1/sensor/temp,19.62
2025-11-17 10:17:55,lan/sala2/sensor/temp,25.34
2025-11-17 10:17:55,lan/sala1/sensor/hum,26.15
2025-11-17 10:17:56,lan/sala1/sensor/temp,26.14
2025-11-17 10:17:57,lan/sala2/sensor/temp,18.93
2025-11-17 10:17:57,lan/sala1/sensor/hum,28.87
2025-11-17 10:17:58,lan/sala1/sensor/temp,23.37
2025-11-17 10:17:59,lan/sala2/sensor/temp,28.12
2025-11-17 10:17:59,lan/sala1/sensor/hum,24.11
2025-11-17 10:18:00,lan/sala1/sensor/temp,19.33
2025-11-17 10:18:01,lan/sala2/sensor/temp,27.66
2025-11-17 10:18:01,lan/sala1/sensor/hum,19.93
2025-11-17 10:18:02,lan/sala1/sensor/temp,29.88
2025-11-17 10:18:03,lan/sala2/sensor/temp,29.2
2025-11-17 10:18:04,lan/sala1/sensor/hum,20.04
2025-11-17 10:18:04,lan/sala1/sensor/temp,22.87
2025-11-17 10:18:05,lan/sala2/sensor/temp,22.51
2025-11-17 10:18:05,lan/sala1/sensor/hum,21.05
2025-11-17 10:18:06,lan/sala1/sensor/temp,28.33
2025-11-17 10:18:07,lan/sala2/sensor/temp,20.0
2025-11-17 10:18:07,lan/sala1/sensor/hum,27.22
2025-11-17 10:18:08,lan/sala1/sensor/temp,20.25
2025-11-17 10:18:09,lan/sala2/sensor/temp,21.28
2025-11-17 10:18:10,lan/sala1/sensor/hum,19.5
2025-11-17 10:18:10,lan/sala1/sensor/temp,28.09
2025-11-17 10:18:11,lan/sala2/sensor/temp,22.2
2025-11-17 10:18:11,lan/sala1/sensor/hum,24.75
2025-11-17 10:18:12,lan/sala1/sensor/temp,27.33
2025-11-17 10:18:13,lan/sala2/sensor/temp,25.66
2025-11-17 10:18:13,lan/sala1/sensor/hum,29.23
2025-11-17 10:18:14,lan/sala1/sensor/temp,23.55
2025-11-17 10:18:15,lan/sala2/sensor/temp,24.9
2025-11-17 10:18:16,lan/sala1/sensor/hum,29.78
2025-11-17 10:18:16,lan/sala1/sensor/temp,24.42
2025-11-17 10:18:17,lan/sala2/sensor/temp,23.97
2025-11-17 10:18:17,lan/sala1/sensor/hum,24.78
2025-11-17 10:18:18,lan/sala1/sensor/temp,25.82
2025-11-17 10:18:19,lan/sala2/sensor/temp,28.77
2025-11-17 10:18:20,lan/sala1/sensor/hum,20.22
2025-11-17 10:18:20,lan/sala1/sensor/temp,20.78
2025-11-17 10:18:21,lan/sala2/sensor/temp,22.51
2025-11-17 10:18:22,lan/sala1/sensor/hum,20.08
2025-11-17 10:18:22,lan/sala1/sensor/temp,23.16
2025-11-17 10:18:23,lan/sala2/sensor/temp,27.59
2025-11-17 10:18:24,lan/sala1/sensor/hum,19.49
2025-11-17 10:18:24,lan/sala1/sensor/temp,19.67
2025-11-17 10:18:25,lan/sala2/sensor/temp,19.77
2025-11-17 10:18:25,lan/sala1/sensor/hum,22.78
2025-11-17 10:18:26,lan/sala1/sensor/temp,18.26
2025-11-17 10:18:27,lan/sala2/sensor/temp,24.58
2025-11-17 10:18:28,lan/sala1/sensor/hum,24.12
2025-11-17 10:18:28,lan/sala1/sensor/temp,21.97
2025-11-17 10:18:29,lan/sala2/sensor/temp,27.39
2025-11-17 10:18:29,lan/sala1/sensor/hum,19.51
2025-11-17 10:18:30,lan/sala1/sensor/temp,23.28
2025-11-17 10:18:31,lan/sala2/sensor/temp,21.54
2025-11-17 10:18:31,lan/sala1/sensor/hum,20.6
2025-11-17 10:18:32,lan/sala1/sensor/temp,27.71
2025-11-17 10:18:33,lan/sala2/sensor/temp,18.69
2025-11-17 10:18:33,lan/sala1/sensor/hum,22.39
2025-11-17 10:18:34,lan/sala1/sensor/temp,28.21
2025-11-17 10:18:35,lan/sala2/sensor/temp,19.37
2025-11-17 10:18:36,lan/sala1/sensor/hum,21.24
2025-11-17 10:18:36,lan/sala1/sensor/temp,21.76
2025-11-17 10:18:37,lan/sala2/sensor/temp,29.33
2025-11-17 10:18:38,lan/sala1/sensor/hum,27.04
2025-11-17 10:18:38,lan/sala1/sensor/temp,21.7
2025-11-17 10:18:39,lan/sala2/sensor/temp,21.3
2025-11-17 10:18:40,lan/sala1/sensor/hum,27.07
2025-11-17 10:18:40,lan/sala1/sensor/temp,25.3
2025-11-17 10:18:41,lan/sala2/sensor/temp,24.21
2025-11-17 10:18:42,lan/sala1/sensor/hum,27.51
2025-11-17 10:18:42,lan/sala1/sensor/temp,23.4
2025-11-17 10:18:43,lan/sala2/sensor/temp,23.0
2025-11-17 10:18:43,lan/sala1/sensor/hum,29.96
2025-11-17 10:18:44,lan/sala1/sensor/temp,28.05
2025-11-17 10:18:45,lan/sala2/sensor/temp,22.87
2025-11-17 10:18:45,lan/sala1/sensor/hum,26.56
2025-11-17 10:18:46,lan/sala1/sensor/temp,20.89
2025-11-17 10:18:47,lan/sala2/sensor/temp,18.42
2025-11-17 10:18:48,lan/sala1/sensor/hum,25.95
2025-11-17 10:18:48,lan/sala1/sensor/temp,18.47
2025-11-17 10:18:49,lan/sala2/sensor/temp,25.82
2025-11-17 10:18:49,lan/sala1/sensor/hum,18.1
2025-11-17 10:18:50,lan/sala1/sensor/temp,18.36
2025-11-17 10:18:51,lan/sala2/sensor/temp,28.55
2025-11-17 10:18:51,lan/sala1/sensor/hum,21.88
2025-11-17 10:18:52,lan/sala1/sensor/temp,18.21
2025-11-17 10:18:53,lan/sala2/sensor/temp,23.58
2025-11-17 10:18:53,lan/sala1/sensor/hum,22.09
2025-11-17 10:18:54,lan/sala1/sensor/temp,26.84
2025-11-17 10:18:55,lan/sala2/sensor/temp,29.2
2025-11-17 10:18:56,lan/sala1/sensor/hum,23.25
2025-11-17 10:18:56,lan/sala1/sensor/temp,28.08
2025-11-17 10:18:57,lan/sala2/sensor/temp,20.01
2025-11-17 10:18:58,lan/sala1/sensor/hum,29.14
2025-11-17 10:18:58,lan/sala1/sensor/temp,24.48
2025-11-17 10:18:59,lan/sala2/sensor/temp,21.26
2025-11-17 10:18:59,lan/sala1/sensor/hum,28.0
2025-11-17 10:19:00,lan/sala1/sensor/temp,23.52
2025-11-17 10:19:01,lan/sala2/sensor/temp,24.03
2025-11-17 10:19:02,lan/sala1/sensor/hum,21.45
2025-11-17 10:19:02,lan/sala1/sensor/temp,24.25
2025-11-17 10:19:03,lan/sala2/sensor/temp,27.99
2025-11-17 10:19:04,lan/sala1/sensor/hum,20.1
2025-11-17 10:19:04,lan/sala1/sensor/temp,24.65
2025-11-17 10:19:05,lan/sala2/sensor/temp,20.04
2025-11-17 10:19:06,lan/sala1/sensor/hum,25.58
2025-11-17 10:19:06,lan/sala1/sensor/temp,23.35
2025-11-17 10:19:07,lan/sala2/sensor/temp,22.91
2025-11-17 10:19:08,lan/sala1/sensor/hum,19.47
2025-11-17 10:19:08,lan/sala1/sensor/temp,23.54
2025-11-17 10:19:09,lan/sala2/sensor/temp,24.69
2025-11-17 10:19:10,lan/sala1/sensor/hum,24.92
2025-11-17 10:19:10,lan/sala1/sensor/temp,24.02
2025-11-17 10:19:11,lan/sala2/sensor/temp,23.75
2025-11-17 10:19:12,lan/sala1/sensor/hum,24.95
2025-11-17 10:19:12,lan/sala1/sensor/temp,19.74
2025-11-17 10:19:13,lan/sala2/sensor/temp,19.34
2025-11-17 10:19:14,lan/sala1/sensor/hum,28.79
2025-11-17 10:19:14,lan/sala1/sensor/temp,27.06
2025-11-17 10:19:15,lan/sala2/sensor/temp,25.07
2025-11-17 10:19:16,lan/sala1/sensor/hum,21.02
2025-11-17 10:19:16,lan/sala1/sensor/temp,18.23
2025-11-17 10:19:17,lan/sala2/sensor/temp,27.95
2025-11-17 10:19:18,lan/sala1/sensor/hum,23.84
2025-11-17 10:19:18,lan/sala1/sensor/temp,22.9
2025-11-17 10:19:19,lan/sala2/sensor/temp,21.85
2025-11-17 10:19:20,lan/sala1/sensor/hum,29.79
2025-11-17 10:19:20,lan/sala1/sensor/temp,22.44
2025-11-17 10:19:21,lan/sala2/sensor/temp,24.13
2025-11-17 10:19:22,lan/sala1/sensor/hum,18.02
2025-11-17 10:19:22,lan/sala1/sensor/temp,22.39
2025-11-17 10:19:23,lan/sala2/sensor/temp,20.33
2025-11-17 10:19:24,lan/sala1/sensor/hum,29.96
2025-11-17 10:19:24,lan/sala1/sensor/temp,22.5
2025-11-17 10:19:25,lan/sala2/sensor/temp,29.92
2025-11-17 10:19:26,lan/sala1/sensor/hum,22.07
2025-11-17 10:19:26,lan/sala1/sensor/temp,22.74
2025-11-17 10:19:27,lan/sala2/sensor/temp,22.76
2025-11-17 10:19:28,lan/sala1/sensor/hum,28.46
2025-11-17 10:19:28,lan/sala1/sensor/temp,21.53
2025-11-17 10:19:29,lan/sala2/sensor/temp,21.63
2025-11-17 10:19:30,lan/sala1/sensor/hum,18.83
2025-11-17 10:19:30,lan/sala1/sensor/temp,25.67
2025-11-17 10:19:31,lan/sala2/sensor/temp,23.12
2025-11-17 10:19:32,lan/sala1/sensor/hum,20.7
2025-11-17 10:19:32,lan/sala1/sensor/temp,25.58
2025-11-17 10:19:33,lan/sala2/sensor/temp,22.58
2025-11-17 10:19:34,lan/sala1/sensor/hum,27.32
2025-11-17 10:19:34,lan/sala1/sensor/temp,21.7
2025-11-17 10:19:35,lan/sala2/sensor/temp,28.73
2025-11-17 10:19:36,lan/sala1/sensor/hum,21.9
2025-11-17 10:19:36,lan/sala1/sensor/temp,19.46
2025-11-17 10:19:37,lan/sala2/sensor/temp,18.66
2025-11-17 10:19:38,lan/sala1/sensor/hum,24.52
2025-11-17 10:19:38,lan/sala1/sensor/temp,28.73
2025-11-17 10:19:39,lan/sala2/sensor/temp,23.87
2025-11-17 10:19:40,lan/sala1/sensor/hum,18.01
2025-11-17 10:19:40,lan/sala1/sensor/temp,19.01
2025-11-17 10:19:41,lan/sala2/sensor/temp,29.74
2025-11-17 10:19:42,lan/sala1/sensor/hum,25.04
2025-11-17 10:19:42,lan/sala1/sensor/temp,20.21
2025-11-17 10:19:43,lan/sala2/sensor/temp,23.84
2025-11-17 10:19:44,lan/sala1/sensor/hum,23.15
2025-11-17 10:19:44,lan/sala1/sensor/temp,27.01
2025-11-17 10:19:45,lan/sala2/sensor/temp,29.96
2025-11-17 10:19:46,lan/sala1/sensor/hum,22.86
2025-11-17 10:19:46,lan/sala1/sensor/temp,25.12
2025-11-17 10:19:47,lan/sala2/sensor/temp,19.28
2025-11-17 10:19:48,lan/sala1/sensor/hum,25.81
2025-11-17 10:19:48,lan/sala1/sensor/temp,25.64
2025-11-17 10:19:49,lan/sala2/sensor/temp,24.26
2025-11-17 10:19:50,lan/sala1/sensor/hum,22.23
2025-11-17 10:19:50,lan/sala1/sensor/temp,21.9
2025-11-17 10:19:51,lan/sala2/sensor/temp,26.83
2025-11-17 10:19:52,lan/sala1/sensor/hum,27.34
2025-11-17 10:19:52,lan/sala1/sensor/temp,23.76
2025-11-17 10:19:53,lan/sala2/sensor/temp,21.03
2025-11-17 10:19:54,lan/sala1/sensor/hum,25.34
2025-11-17 10:19:54,lan/sala1/sensor/temp,20.42
2025-11-17 10:19:55,lan/sala2/sensor/temp,23.54
2025-11-17 10:19:56,lan/sala1/sensor/hum,21.67
2025-11-17 10:19:56,lan/sala1/sensor/temp,23.53
2025-11-17 10:19:57,lan/sala2/sensor/temp,21.69
2025-11-17 10:19:58,lan/sala1/sensor/hum,27.24
2025-11-17 10:19:58,lan/sala1/sensor/temp,27.9
2025-11-17 10:19:59,lan/sala2/sensor/temp,19.64
2025-11-17 10:20:00,lan/sala1/sensor/hum,24.22
2025-11-17 10:20:00,lan/sala1/sensor/temp,29.54
2025-11-17 10:20:01,lan/sala2/sensor/temp,23.98
2025-11-17 10:20:02,lan/sala1/sensor/hum,18.81
2025-11-17 10:20:02,lan/sala1/sensor/temp,23.9
2025-11-17 10:20:03,lan/sala2/sensor/temp,22.5
2025-11-17 10:20:04,lan/sala1/sensor/hum,28.99
2025-11-17 10:20:04,lan/sala1/sensor/temp,19.34
2025-11-17 10:20:05,lan/sala2/sensor/temp,19.77
2025-11-17 10:20:06,lan/sala1/sensor/hum,18.77
2025-11-17 10:20:06,lan/sala1/sensor/temp,20.94
2025-11-17 10:20:07,lan/sala2/sensor/temp,29.0
2025-11-17 10:20:08,lan/sala1/sensor/hum,22.93
2025-11-17 10:20:08,lan/sala1/sensor/temp,20.98
2025-11-17 10:20:09,lan/sala2/sensor/temp,18.17
2025-11-17 10:20:10,lan/sala1/sensor/hum,21.2
2025-11-17 10:20:10,lan/sala1/sensor/temp,25.38
2025-11-17 10:20:11,lan/sala2/sensor/temp,26.64
2025-11-17 10:20:12,lan/sala1/sensor/hum,21.58
2025-11-17 10:20:12,lan/sala1/sensor/temp,27.59
2025-11-17 10:20:13,lan/sala2/sensor/temp,27.88
2025-11-17 10:20:14,lan/sala1/sensor/hum,29.51
2025-11-17 10:20:14,lan/sala1/sensor/temp,27.47
2025-11-17 10:20:15,lan/sala2/sensor/temp,26.0
2025-11-17 10:20:16,lan/sala1/sensor/hum,27.69
2025-11-17 10:20:16,lan/sala1/sensor/temp,24.39
2025-11-17 10:20:17,lan/sala2/sensor/temp,28.91
2025-11-17 10:20:18,lan/sala1/sensor/hum,25.65
2025-11-17 10:20:18,lan/sala1/sensor/temp,23.77
2025-11-17 10:20:19,lan/sala2/sensor/temp,26.27
2025-11-17 10:20:20,lan/sala1/sensor/hum,29.5
2025-11-17 10:20:20,lan/sala1/sensor/temp,25.16
2025-11-17 10:20:21,lan/sala2/sensor/temp,28.12
2025-11-17 10:20:22,lan/sala1/sensor/hum,21.13
2025-11-17 10:20:22,lan/sala1/sensor/temp,21.52
2025-11-17 10:20:23,lan/sala2/sensor/temp,28.79
2025-11-17 10:20:24,lan/sala1/sensor/hum,18.52
2025-11-17 10:20:24,lan/sala1/sensor/temp,29.97
2025-11-17 10:20:25,lan/sala2/sensor/temp,21.68
2025-11-17 10:20:26,lan/sala1/sensor/hum,25.63
2025-11-17 10:20:26,lan/sala1/sensor/temp,20.89
2025-11-17 10:20:27,lan/sala2/sensor/temp,20.83
2025-11-17 10:20:28,lan/sala1/sensor/hum,18.33
2025-11-17 10:20:28,lan/sala1/sensor/temp,20.68
2025-11-17 10:20:29,lan/sala2/sensor/temp,28.71
2025-11-17 10:20:30,lan/sala1/sensor/hum,19.06
2025-11-17 10:20:30,lan/sala1/sensor/temp,18.44
2025-11-17 10:20:31,lan/sala2/sensor/temp,22.9
2025-11-17 10:20:32,lan/sala1/sensor/hum,23.33
2025-11-17 10:20:32,lan/sala1/sensor/temp,20.33
2025-11-17 10:20:33,lan/sala2/sensor/temp,28.52
2025-11-17 10:20:34,lan/sala1/sensor/hum,20.95
2025-11-17 10:20:34,lan/sala1/sensor/temp,27.08
2025-11-17 10:20:35,lan/sala2/sensor/temp,19.13
2025-11-17 10:20:36,lan/sala1/sensor/hum,20.08
2025-11-17 10:20:36,lan/sala1/sensor/temp,23.66
2025-11-17 10:20:37,lan/sala2/sensor/temp,28.35
2025-11-17 10:20:38,lan/sala1/sensor/hum,23.17
2025-11-17 10:20:38,lan/sala1/sensor/temp,29.03
2025-11-17 10:20:39,lan/sala2/sensor/temp,24.39
2025-11-17 10:20:40,lan/sala1/sensor/hum,19.06
2025-11-17 10:20:40,lan/sala1/sensor/temp,25.85
2025-11-17 10:20:41,lan/sala2/sensor/temp,29.36
2025-11-17 10:20:42,lan/sala1/sensor/hum,23.58
2025-11-17 10:20:42,lan/sala1/sensor/temp,27.07
2025-11-17 10:20:43,lan/sala2/sensor/temp,21.81
2025-11-17 10:20:44,lan/sala1/sensor/hum,24.0
2025-11-17 10:20:44,lan/sala1/sensor/temp,29.94
2025-11-17 10:20:45,lan/sala2/sensor/temp,29.48
2025-11-17 10:20:46,lan/sala1/sensor/hum,24.46
2025-11-17 10:20:46,lan/sala1/sensor/temp,29.16
2025-11-17 10:20:47,lan/sala2/sensor/temp,29.18
2025-11-17 10:20:48,lan/sala1/sensor/hum,26.32
2025-11-17 10:20:48,lan/sala1/sensor/temp,18.3
2025-11-17 10:20:49,lan/sala2/sensor/temp,27.36
2025-11-17 10:20:50,lan/sala1/sensor/hum,28.35
2025-11-17 10:20:50,lan/sala1/sensor/temp,24.99
2025-11-17 10:20:51,lan/sala2/sensor/temp,28.33
2025-11-17 10:20:52,lan/sala1/sensor/hum,21.29
2025-11-17 10:20:52,lan/sala1/sensor/temp,18.78
2025-11-17 10:20:53,lan/sala2/sensor/temp,29.84
2025-11-17 10:20:54,lan/sala1/sensor/hum,29.52
2025-11-17 10:20:54,lan/sala1/sensor/temp,22.81
2025-11-17 10:20:55,lan/sala2/sensor/temp,29.31
2025-11-17 10:20:56,lan/sala1/sensor/hum,21.17
2025-11-17 10:20:56,lan/sala1/sensor/temp,23.43
2025-11-17 10:20:57,lan/sala2/sensor/temp,28.44
2025-11-17 10:20:58,lan/sala1/sensor/hum,28.56
2025-11-17 10:20:58,lan/sala1/sensor/temp,25.09
2025-11-17 10:20:59,lan/sala2/sensor/temp,21.83
2025-11-17 10:21:00,lan/sala1/sensor/hum,28.62
2025-11-17 10:21:00,lan/sala1/sensor/temp,26.08
2025-11-17 10:21:01,lan/sala2/sensor/temp,28.97
2025-11-17 10:21:02,lan/sala1/sensor/hum,21.3
2025-11-17 10:21:02,lan/sala1/sensor/temp,22.11
2025-11-17 10:21:03,lan/sala2/sensor/temp,27.9
2025-11-17 10:21:04,lan/sala1/sensor/hum,28.41
2025-11-17 10:21:04,lan/sala1/sensor/temp,24.44
2025-11-17 10:21:05,lan/sala2/sensor/temp,18.41
2025-11-17 10:21:06,lan/sala1/sensor/hum,21.83
2025-11-17 10:21:06,lan/sala1/sensor/temp,19.36
2025-11-17 10:21:07,lan/sala2/sensor/temp,25.41
2025-11-17 10:21:08,lan/sala1/sensor/hum,28.3
2025-11-17 10:21:08,lan/sala1/sensor/temp,28.1
2025-11-17 10:21:09,lan/sala2/sensor/temp,24.17
2025-11-17 10:21:10,lan/sala1/sensor/hum,22.43
2025-11-17 10:21:10,lan/sala1/sensor/temp,20.27
2025-11-17 10:21:11,lan/sala2/sensor/temp,20.61
2025-11-17 10:21:12,lan/sala1/sensor/hum,20.35
2025-11-17 10:21:12,lan/sala1/sensor/temp,19.82
2025-11-17 10:21:13,lan/sala2/sensor/temp,26.07
2025-11-17 10:21:14,lan/sala1/sensor/hum,29.22
2025-11-17 10:21:14,lan/sala1/sensor/temp,27.35
2025-11-17 10:21:15,lan/sala2/sensor/temp,18.38
2025-11-17 10:21:16,lan/sala1/sensor/hum,18.72
2025-11-17 10:21:16,lan/sala1/sensor/temp,23.59
2025-11-17 10:21:17,lan/sala2/sensor/temp,24.23
2025-11-17 10:21:18,lan/sala1/sensor/hum,26.28
2025-11-17 10:21:18,lan/sala1/sensor/temp,26.13
2025-11-17 10:21:19,lan/sala2/sensor/temp,20.26
2025-11-17 10:21:20,lan/sala1/sensor/hum,26.96
2025-11-17 10:21:20,lan/sala1/sensor/temp,29.21
2025-11-17 10:21:21,lan/sala2/sensor/temp,23.7
2025-11-17 10:21:22,lan/sala1/sensor/hum,23.33
2025-11-17 10:21:22,lan/sala1/sensor/temp,28.89
2025-11-17 10:21:23,lan/sala2/sensor/temp,20.36
2025-11-17 10:21:24,lan/sala1/sensor/hum,29.18
2025-11-17 10:21:24,lan/sala1/sensor/temp,22.86
2025-11-17 10:21:25,lan/sala2/sensor/temp,26.41
2025-11-17 10:21:26,lan/sala1/sensor/hum,23.84
2025-11-17 10:21:26,lan/sala1/sensor/temp,25.29
2025-11-17 10:21:27,lan/sala2/sensor/temp,21.02
2025-11-17 10:21:28,lan/sala1/sensor/hum,25.6
2025-11-17 10:21:28,lan/sala1/sensor/temp,22.77
2025-11-17 10:21:29,lan/sala2/sensor/temp,21.98
2025-11-17 10:21:30,lan/sala1/sensor/hum,25.9
2025-11-17 10:21:30,lan/sala1/sensor/temp,26.89
2025-11-17 10:21:31,lan/sala2/sensor/temp,27.26
2025-11-17 10:21:32,lan/sala1/sensor/hum,21.46
2025-11-17 10:21:32,lan/sala1/sensor/temp,20.25
2025-11-17 10:21:33,lan/sala2/sensor/temp,19.36
2025-11-17 10:21:34,lan/sala1/sensor/hum,24.84
2025-11-17 10:21:34,lan/sala1/sensor/temp,18.33
2025-11-17 10:21:35,lan/sala2/sensor/temp,20.33
2025-11-17 10:21:36,lan/sala1/sensor/hum,22.51
2025-11-17 10:21:36,lan/sala1/sensor/temp,26.36
2025-11-17 10:21:37,lan/sala2/sensor/temp,24.7
2025-11-17 10:21:38,lan/sala1/sensor/hum,21.93
2025-11-17 10:21:38,lan/sala1/sensor/temp,22.19
2025-11-17 10:21:39,lan/sala2/sensor/temp,28.9
2025-11-17 10:21:40,lan/sala1/sensor/hum,22.34
2025-11-17 10:21:40,lan/sala1/sensor/temp,25.1
2025-11-17 10:21:41,lan/sala2/sensor/temp,21.79
2025-11-17 10:21:42,lan/sala1/sensor/hum,23.12
2025-11-17 10:21:42,lan/sala1/sensor/temp,26.15
2025-11-17 10:21:43,lan/sala2/sensor/temp,23.34
2025-11-17 10:21:44,lan/sala1/sensor/hum,18.48
2025-11-17 10:21:44,lan/sala1/sensor/temp,21.26
2025-11-17 10:21:45,lan/sala2/sensor/temp,29.12
2025-11-17 10:21:46,lan/sala1/sensor/hum,18.98
2025-11-17 10:21:46,lan/sala1/sensor/temp,22.2
2025-11-17 10:21:47,lan/sala2/sensor/temp,20.44
2025-11-17 10:21:48,lan/sala1/sensor/hum,25.41
2025-11-17 10:21:48,lan/sala1/sensor/temp,22.24
2025-11-17 10:21:49,lan/sala2/sensor/temp,18.15
2025-11-17 10:21:50,lan/sala1/sensor/hum,26.23
2025-11-17 10:21:50,lan/sala1/sensor/temp,18.33
2025-11-17 10:21:51,lan/sala2/sensor/temp,22.02
2025-11-17 10:21:52,lan/sala1/sensor/hum,27.05
2025-11-17 10:21:52,lan/sala1/sensor/temp,23.49
2025-11-17 10:21:53,lan/sala2/sensor/temp,20.39
2025-11-17 10:21:54,lan/sala1/sensor/hum,25.4
2025-11-17 10:21:54,lan/sala1/sensor/temp,24.69
2025-11-17 10:21:55,lan/sala2/sensor/temp,23.91
2025-11-17 10:21:56,lan/sala1/sensor/hum,18.93
2025-11-17 10:21:56,lan/sala1/sensor/temp,21.71
2025-11-17 10:21:57,lan/sala2/sensor/temp,29.1
2025-11-17 10:21:58,lan/sala1/sensor/hum,20.12
2025-11-17 10:21:58,lan/sala1/sensor/temp,24.87
2025-11-17 10:21:59,lan/sala2/sensor/temp,29.45
2025-11-17 10:22:00,lan/sala1/sensor/hum,22.36
2025-11-17 10:22:00,lan/sala1/sensor/temp,26.15
2025-11-17 10:22:01,lan/sala2/sensor/temp,22.16
2025-11-17 10:22:02,lan/sala1/sensor/hum,22.76
2025-11-17 10:22:02,lan/sala1/sensor/temp,27.88
2025-11-17 10:22:03,lan/sala2/sensor/temp,24.6
2025-11-17 10:22:04,lan/sala1/sensor/hum,26.85
2025-11-17 10:22:04,lan/sala1/sensor/temp,25.99
2025-11-17 10:22:05,lan/sala2/sensor/temp,20.37
2025-11-17 10:22:06,lan/sala1/sensor/hum,21.17
2025-11-17 10:22:06,lan/sala1/sensor/temp,26.21
2025-11-17 10:22:07,lan/sala2/sensor/temp,25.42
2025-11-17 10:22:08,lan/sala1/sensor/hum,24.42
2025-11-17 10:22:08,lan/sala1/sensor/temp,18.87
2025-11-17 10:22:09,lan/sala2/sensor/temp,25.86
2025-11-17 10:22:10,lan/sala1/sensor/hum,22.12
2025-11-17 10:22:10,lan/sala1/sensor/temp,22.58
2025-11-17 10:22:11,lan/sala2/sensor/temp,20.79
2025-11-17 10:22:12,lan/sala1/sensor/hum,21.26
2025-11-17 10:22:12,lan/sala1/sensor/temp,18.45
2025-11-17 10:22:13,lan/sala2/sensor/temp,23.43
2025-11-17 10:22:14,lan/sala1/sensor/hum,28.76
2025-11-17 10:22:14,lan/sala1/sensor/temp,20.44
2025-11-17 10:22:15,lan/sala2/sensor/temp,25.87
2025-11-17 10:22:16,lan/sala1/sensor/hum,25.06
2025-11-17 10:22:16,lan/sala1/sensor/temp,28.59
2025-11-17 10:22:17,lan/sala2/sensor/temp,25.62
2025-11-17 10:22:18,lan/sala1/sensor/hum,21.13
2025-11-17 10:22:18,lan/sala1/sensor/temp,29.38
2025-11-17 10:22:19,lan/sala2/sensor/temp,20.31
2025-11-17 10:22:20,lan/sala1/sensor/hum,22.18
2025-11-17 10:22:20,lan/sala1/sensor/temp,27.29
2025-11-17 10:22:21,lan/sala2/sensor/temp,22.6
2025-11-17 10:22:22,lan/sala1/sensor/hum,25.0
2025-11-17 10:22:22,lan/sala1/sensor/temp,29.9
2025-11-17 10:22:23,lan/sala2/sensor/temp,28.3
2025-11-17 10:22:24,lan/sala1/sensor/hum,27.25
2025-11-17 10:22:24,lan/sala1/sensor/temp,21.47
2025-11-17 10:22:25,lan/sala2/sensor/temp,24.83
2025-11-17 10:22:26,lan/sala1/sensor/hum,25.5
2025-11-17 10:22:26,lan/sala1/sensor/temp,29.75
2025-11-17 10:22:27,lan/sala2/sensor/temp,25.88
2025-11-17 10:22:28,lan/sala1/sensor/hum,24.14
2025-11-17 10:22:28,lan/sala1/sensor/temp,28.25
2025-11-17 10:22:29,lan/sala2/sensor/temp,22.71
2025-11-17 10:22:30,lan/sala1/sensor/hum,22.75
2025-11-17 10:22:30,lan/sala1/sensor/temp,20.3
2025-11-17 10:22:31,lan/sala2/sensor/temp,23.12
2025-11-17 10:22:32,lan/sala1/sensor/hum,18.3
2025-11-17 10:22:32,lan/sala1/sensor/temp,25.29
2025-11-17 10:22:33,lan/sala2/sensor/temp,23.42
2025-11-17 10:22:34,lan/sala1/sensor/hum,21.67
2025-11-17 10:22:34,lan/sala1/sensor/temp,25.86
2025-11-17 10:22:35,lan/sala2/sensor/temp,25.31
2025-11-17 10:22:36,lan/sala1/sensor/hum,22.11
2025-11-17 10:22:36,lan/sala1/sensor/temp,28.52
2025-11-17 10:22:37,lan/sala2/sensor/temp,18.93
2025-11-17 10:22:38,lan/sala1/sensor/hum,20.39
2025-11-17 10:22:38,lan/sala1/sensor/temp,24.33
2025-11-17 10:22:39,lan/sala2/sensor/temp,22.78
2025-11-17 10:22:40,lan/sala1/sensor/hum,25.8
2025-11-17 10:22:40,lan/sala1/sensor/temp,27.36
2025-11-17 10:22:41,lan/sala2/sensor/temp,22.92
2025-11-17 10:22:44,lan/sala1/sensor/hum,29.18
2025-11-17 10:22:44,lan/sala1/sensor/temp,29.87
2025-11-17 10:22:44,lan/sala2/sensor/temp,27.55
2025-11-17 10:22:44,lan/sala1/sensor/hum,22.33
2025-11-17 10:22:44,lan/sala1/sensor/temp,22.15
2025-11-17 10:22:45,lan/sala2/sensor/temp,29.63
2025-11-17 10:22:46,lan/sala1/sensor/hum,22.74
2025-11-17 10:22:46,lan/sala1/sensor/temp,22.09
2025-11-17 10:22:47,lan/sala2/sensor/temp,24.6
2025-11-17 10:22:48,lan/sala1/sensor/hum,23.81
2025-11-17 10:22:48,lan/sala1/sensor/temp,29.07
2025-11-17 10:22:49,lan/sala2/sensor/temp,27.63
2025-11-17 10:22:50,lan/sala1/sensor/hum,21.87
2025-11-17 10:22:51,lan/sala1/sensor/temp,18.27
2025-11-17 10:22:52,lan/sala2/sensor/temp,24.87
2025-11-17 10:22:53,lan/sala1/sensor/hum,20.66
2025-11-17 10:22:53,lan/sala1/sensor/temp,22.57
2025-11-17 10:22:53,lan/sala2/sensor/temp,18.12
2025-11-17 10:22:54,lan/sala1/sensor/hum,24.29
2025-11-17 10:22:54,lan/sala1/sensor/temp,25.63
2025-11-17 10:22:55,lan/sala2/sensor/temp,22.45
2025-11-17 10:22:56,lan/sala1/sensor/hum,22.99
2025-11-17 10:22:56,lan/sala1/sensor/temp,27.41
2025-11-17 10:22:57,lan/sala2/sensor/temp,21.57
2025-11-17 10:22:58,lan/sala1/sensor/hum,23.94
2025-11-17 10:22:58,lan/sala1/sensor/temp,23.83
2025-11-17 10:22:59,lan/sala2/sensor/temp,25.49
2025-11-17 10:23:00,lan/sala1/sensor/hum,26.9
2025-11-17 10:23:00,lan/sala1/sensor/temp,20.54
2025-11-17 10:23:01,lan/sala2/sensor/temp,24.48
2025-11-17 10:23:02,lan/sala1/sensor/hum,18.48
2025-11-17 10:23:02,lan/sala1/sensor/temp,29.0
2025-11-17 10:23:03,lan/sala2/sensor/temp,28.86
2025-11-17 10:23:04,lan/sala1/sensor/hum,28.51
2025-11-17 10:23:04,lan/sala1/sensor/temp,19.96
2025-11-17 10:23:05,lan/sala2/sensor/temp,25.03
2025-11-17 10:23:06,lan/sala1/sensor/hum,29.87
2025-11-17 10:23:06,lan/sala1/sensor/temp,22.63
2025-11-17 10:23:07,lan/sala2/sensor/temp,23.3
2025-11-17 10:23:08,lan/sala1/sensor/hum,21.61
2025-11-17 10:23:08,lan/sala1/sensor/temp,25.18
2025-11-17 10:23:09,lan/sala2/sensor/temp,29.57
2025-11-17 10:23:10,lan/sala1/sensor/hum,26.08
2025-11-17 10:23:10,lan/sala1/sensor/temp,27.72
2025-11-17 10:23:11,lan/sala2/sensor/temp,20.33
2025-11-17 10:23:12,lan/sala1/sensor/hum,18.44
2025-11-17 10:23:12,lan/sala1/sensor/temp,18.45
2025-11-17 10:23:13,lan/sala2/sensor/temp,19.38
2025-11-17 10:23:14,lan/sala1/sensor/hum,28.71
2025-11-17 10:23:14,lan/sala1/sensor/temp,20.01
2025-11-17 10:23:15,lan/sala2/sensor/temp,27.63
2025-11-17 10:23:16,lan/sala1/sensor/hum,21.16
2025-11-17 10:23:16,lan/sala1/sensor/temp,18.55
2025-11-17 10:23:17,lan/sala2/sensor/temp,23.84
2025-11-17 10:23:18,lan/sala1/sensor/hum,21.34
2025-11-17 10:23:18,lan/sala1/sensor/temp,25.67
2025-11-17 10:23:19,lan/sala2/sensor/temp,23.45
2025-11-17 10:23:20,lan/sala1/sensor/hum,22.91
2025-11-17 10:23:20,lan/sala1/sensor/temp,19.23
2025-11-17 10:23:21,lan/sala2/sensor/temp,18.51
2025-11-17 10:23:22,lan/sala1/sensor/hum,26.14
2025-11-17 10:23:22,lan/sala1/sensor/temp,26.83
2025-11-17 10:23:23,lan/sala2/sensor/temp,21.77
2025-11-17 10:23:24,lan/sala1/sensor/hum,27.03
2025-11-17 10:23:24,lan/sala1/sensor/temp,20.45
2025-11-17 10:23:25,lan/sala2/sensor/temp,23.9
2025-11-17 10:23:26,lan/sala1/sensor/hum,29.56
2025-11-17 10:23:26,lan/sala1/sensor/temp,20.19
2025-11-17 10:23:27,lan/sala2/sensor/temp,29.38
2025-11-17 10:23:28,lan/sala1/sensor/hum,20.94
2025-11-17 10:23:28,lan/sala1/sensor/temp,24.32
2025-11-17 10:23:29,lan/sala2/sensor/temp,24.14
2025-11-17 10:23:30,lan/sala1/sensor/hum,19.99
2025-11-17 10:23:30,lan/sala1/sensor/temp,25.65
2025-11-17 10:23:31,lan/sala2/sensor/temp,21.82
2025-11-17 10:23:32,lan/sala1/sensor/hum,21.69
2025-11-17 10:23:32,lan/sala1/sensor/temp,23.0
2025-11-17 10:23:33,lan/sala2/sensor/temp,18.59
2025-11-17 10:23:34,lan/sala1/sensor/hum,29.74
2025-11-17 10:23:34,lan/sala1/sensor/temp,19.55
2025-11-17 10:23:35,lan/sala2/sensor/temp,20.34
2025-11-17 10:23:36,lan/sala1/sensor/hum,29.34
2025-11-17 10:23:36,lan/sala1/sensor/temp,20.56
2025-11-17 10:23:37,lan/sala2/sensor/temp,21.67
2025-11-17 10:23:38,lan/sala1/sensor/hum,19.16
2025-11-17 10:23:38,lan/sala1/sensor/temp,19.8
2025-11-17 10:23:39,lan/sala2/sensor/temp,28.88
2025-11-17 10:23:40,lan/sala1/sensor/hum,27.39
2025-11-17 10:23:40,lan/sala1/sensor/temp,18.9
2025-11-17 10:23:41,lan/sala2/sensor/temp,27.86
2025-11-17 10:23:42,lan/sala1/sensor/hum,29.98
2025-11-17 10:23:42,lan/sala1/sensor/temp,19.6
2025-11-17 10:23:43,lan/sala2/sensor/temp,18.04
2025-11-17 10:23:44,lan/sala1/sensor/hum,24.88
2025-11-17 10:23:44,lan/sala1/sensor/temp,29.36
2025-11-17 10:23:45,lan/sala2/sensor/temp,18.01
2025-11-17 10:23:46,lan/sala1/sensor/hum,23.51
2025-11-17 10:23:46,lan/sala1/sensor/temp,18.95
2025-11-17 10:23:47,lan/sala2/sensor/temp,25.12
2025-11-17 10:23:48,lan/sala1/sensor/hum,24.03
2025-11-17 10:23:48,lan/sala1/sensor/temp,25.61
2025-11-17 10:23:49,lan/sala2/sensor/temp,26.44
2025-11-17 10:23:50,lan/sala1/sensor/hum,27.57
2025-11-17 10:23:50,lan/sala1/sensor/temp,25.06
2025-11-17 10:23:51,lan/sala2/sensor/temp,25.91
2025-11-17 10:23:52,lan/sala1/sensor/hum,20.17
2025-11-17 10:23:52,lan/sala1/sensor/temp,20.89
2025-11-17 10:23:53,lan/sala2/sensor/temp,24.4
2025-11-17 10:23:54,lan/sala1/sensor/hum,20.28
2025-11-17 10:23:54,lan/sala1/sensor/temp,18.58
2025-11-17 10:23:55,lan/sala2/sensor/temp,28.29
2025-11-17 10:23:56,lan/sala1/sensor/hum,18.48
2025-11-17 10:23:56,lan/sala1/sensor/temp,20.7
2025-11-17 10:23:57,lan/sala2/sensor/temp,25.91
2025-11-17 10:23:58,lan/sala1/sensor/hum,20.95
2025-11-17 10:23:58,lan/sala1/sensor/temp,25.24
2025-11-17 10:24:00,lan/sala1/sensor/hum,22.22
2025-11-17 10:24:00,lan/sala2/sensor/temp,27.45
2025-11-17 10:24:00,lan/sala1/sensor/temp,19.27
2025-11-17 10:24:01,lan/sala2/sensor/temp,25.38
2025-11-17 10:24:02,lan/sala1/sensor/hum,29.59
2025-11-17 10:24:02,lan/sala1/sensor/temp,22.69
2025-11-17 10:24:03,lan/sala2/sensor/temp,20.61
2025-11-17 10:24:04,lan/sala1/sensor/hum,23.46
2025-11-17 10:24:04,lan/sala1/sensor/temp,25.46
2025-11-17 10:24:05,lan/sala2/sensor/temp,25.08
2025-11-17 10:24:06,lan/sala1/sensor/hum,23.64
2025-11-17 10:24:06,lan/sala1/sensor/temp,20.29
2025-11-17 10:24:07,lan/sala2/sensor/temp,20.03
2025-11-17 10:24:08,lan/sala1/sensor/hum,18.45
2025-11-17 10:24:08,lan/sala1/sensor/temp,28.09
2025-11-17 10:24:09,lan/sala2/sensor/temp,25.72
2025-11-17 10:24:10,lan/sala1/sensor/hum,26.23
2025-11-17 10:24:11,lan/sala1/sensor/temp,25.74
2025-11-17 10:24:11,lan/sala2/sensor/temp,20.54
2025-11-17 10:24:12,lan/sala1/sensor/hum,18.54
2025-11-17 10:24:12,lan/sala1/sensor/temp,23.87
2025-11-17 10:24:13,lan/sala2/sensor/temp,19.86
2025-11-17 10:24:14,lan/sala1/sensor/hum,26.68
2025-11-17 10:24:14,lan/sala1/sensor/temp,20.2
2025-11-17 10:24:15,lan/sala2/sensor/temp,22.02
2025-11-17 10:24:16,lan/sala1/sensor/hum,20.55
2025-11-17 10:24:16,lan/sala1/sensor/temp,20.11
2025-11-17 10:24:17,lan/sala2/sensor/temp,28.85
2025-11-17 10:24:18,lan/sala1/sensor/hum,18.22
2025-11-17 10:24:18,lan/sala1/sensor/temp,27.45
2025-11-17 10:24:19,lan/sala2/sensor/temp,25.57
2025-11-17 10:24:20,lan/sala1/sensor/hum,29.81
2025-11-17 10:24:20,lan/sala1/sensor/temp,24.08
2025-11-17 10:24:21,lan/sala2/sensor/temp,23.49
2025-11-17 10:24:22,lan/sala1/sensor/hum,20.97
2025-11-17 10:24:22,lan/sala1/sensor/temp,29.82
2025-11-17 10:24:23,lan/sala2/sensor/temp,24.91
2025-11-17 10:24:24,lan/sala1/sensor/hum,24.59
2025-11-17 10:24:24,lan/sala1/sensor/temp,22.49
2025-11-17 10:24:25,lan/sala2/sensor/temp,20.7
2025-11-17 10:24:26,lan/sala1/sensor/hum,18.14
2025-11-17 10:24:26,lan/sala1/sensor/temp,22.34
2025-11-17 10:24:27,lan/sala2/sensor/temp,20.2
2025-11-17 10:24:28,lan/sala1/sensor/hum,23.34
2025-11-17 10:24:29,lan/sala1/sensor/temp,28.41
2025-11-17 10:24:29,lan/sala2/sensor/temp,22.9
2025-11-17 10:24:30,lan/sala1/sensor/hum,29.88
2025-11-17 10:24:30,lan/sala1/sensor/temp,20.16
2025-11-17 10:24:31,lan/sala2/sensor/temp,25.83
2025-11-17 10:24:32,lan/sala1/sensor/hum,21.6
2025-11-17 10:24:32,lan/sala1/sensor/temp,22.92
2025-11-17 10:24:33,lan/sala2/sensor/temp,22.31
2025-11-17 10:24:34,lan/sala1/sensor/hum,25.07
2025-11-17 10:24:34,lan/sala1/sensor/temp,23.29
2025-11-17 10:24:35,lan/sala2/sensor/temp,19.83
2025-11-17 10:24:36,lan/sala1/sensor/hum,25.35
2025-11-17 10:24:36,lan/sala1/sensor/temp,19.17
2025-11-17 10:24:37,lan/sala2/sensor/temp,26.1
2025-11-17 10:24:38,lan/sala1/sensor/hum,27.61
2025-11-17 10:24:38,lan/sala1/sensor/temp,19.74
2025-11-17 10:24:39,lan/sala2/sensor/temp,24.03
2025-11-17 10:24:40,lan/sala1/sensor/hum,26.89
2025-11-17 10:24:40,lan/sala1/sensor/temp,26.53
2025-11-17 10:24:41,lan/sala2/sensor/temp,28.22
2025-11-17 10:24:42,lan/sala1/sensor/hum,18.41
2025-11-17 10:24:43,lan/sala1/sensor/temp,25.64
2025-11-17 10:24:43,lan/sala2/sensor/temp,28.44
2025-11-17 10:24:44,lan/sala1/sensor/hum,21.06
2025-11-17 10:24:44,lan/sala1/sensor/temp,22.78
2025-11-17 10:24:45,lan/sala2/sensor/temp,20.87
2025-11-17 10:24:46,lan/sala1/sensor/hum,26.56
2025-11-17 10:24:47,lan/sala1/sensor/temp,26.47
2025-11-17 10:24:47,lan/sala2/sensor/temp,20.45
2025-11-17 10:24:48,lan/sala1/sensor/hum,28.34
2025-11-17 10:24:48,lan/sala1/sensor/temp,27.13
2025-11-17 10:24:49,lan/sala2/sensor/temp,29.91
2025-11-17 10:24:50,lan/sala1/sensor/hum,20.84
2025-11-17 10:24:50,lan/sala1/sensor/temp,23.34
2025-11-17 10:24:51,lan/sala2/sensor/temp,29.26
2025-11-17 10:24:52,lan/sala1/sensor/hum,19.6
2025-11-17 10:24:52,lan/sala1/sensor/temp,23.79
2025-11-17 10:24:53,lan/sala2/sensor/temp,29.31
2025-11-17 10:24:54,lan/sala1/sensor/hum,18.28
2025-11-17 10:24:54,lan/sala1/sensor/temp,23.72
2025-11-17 10:24:55,lan/sala2/sensor/temp,26.22
2025-11-17 10:24:56,lan/sala1/sensor/hum,23.73
2025-11-17 10:24:56,lan/sala1/sensor/temp,25.3
2025-11-17 10:24:57,lan/sala2/sensor/temp,24.26
2025-11-17 10:24:58,lan/sala1/sensor/hum,18.46
2025-11-17 10:24:58,lan/sala1/sensor/temp,18.32
2025-11-17 10:24:59,lan/sala2/sensor/temp,27.18
2025-11-17 10:25:00,lan/sala1/sensor/hum,27.33
2025-11-17 10:25:00,lan/sala1/sensor/temp,20.19
2025-11-17 10:25:01,lan/sala2/sensor/temp,24.74
2025-11-17 10:25:02,lan/sala1/sensor/hum,22.47
2025-11-17 10:25:02,lan/sala1/sensor/temp,25.34
2025-11-17 10:25:03,lan/sala2/sensor/temp,21.18
2025-11-17 10:25:04,lan/sala1/sensor/hum,27.08
2025-11-17 10:25:05,lan/sala1/sensor/temp,22.75
2025-11-17 10:25:05,lan/sala2/sensor/temp,24.98
2025-11-17 10:25:06,lan/sala1/sensor/hum,20.28
2025-11-17 10:25:06,lan/sala1/sensor/temp,24.48
2025-11-17 10:25:07,lan/sala2/sensor/temp,25.17
2025-11-17 10:25:08,lan/sala1/sensor/hum,19.51
2025-11-17 10:25:08,lan/sala1/sensor/temp,19.76
2025-11-17 10:25:09,lan/sala2/sensor/temp,20.02
2025-11-17 10:25:10,lan/sala1/sensor/hum,22.31
2025-11-17 10:25:10,lan/sala1/sensor/temp,25.87
2025-11-17 10:25:11,lan/sala2/sensor/temp,19.44
2025-11-17 10:25:12,lan/sala1/sensor/hum,20.56
2025-11-17 10:25:12,lan/sala1/sensor/temp,26.46
2025-11-17 10:25:13,lan/sala2/sensor/temp,18.73
2025-11-17 10:25:14,lan/sala1/sensor/hum,29.9
2025-11-17 10:25:14,lan/sala1/sensor/temp,18.84
2025-11-17 10:25:15,lan/sala2/sensor/temp,21.95
2025-11-17 10:25:16,lan/sala1/sensor/hum,27.96
2025-11-17 10:25:16,lan/sala1/sensor/temp,22.93
2025-11-17 10:25:17,lan/sala2/sensor/temp,27.82
2025-11-17 10:25:18,lan/sala1/sensor/hum,24.21
2025-11-17 10:25:18,lan/sala1/sensor/temp,18.04
2025-11-17 10:25:19,lan/sala2/sensor/temp,28.71
2025-11-17 10:25:20,lan/sala1/sensor/hum,27.93
2025-11-17 10:25:20,lan/sala1/sensor/temp,21.81
2025-11-17 10:25:21,lan/sala2/sensor/temp,25.71
2025-11-17 10:25:22,lan/sala1/sensor/hum,27.93
2025-11-17 10:25:22,lan/sala1/sensor/temp,18.56
2025-11-17 10:25:23,lan/sala2/sensor/temp,19.21
2025-11-17 10:25:24,lan/sala1/sensor/hum,24.63
2025-11-17 10:25:24,lan/sala1/sensor/temp,26.63
2025-11-17 10:25:25,lan/sala2/sensor/temp,20.53
2025-11-17 10:25:26,lan/sala1/sensor/hum,23.31
2025-11-17 10:25:27,lan/sala1/sensor/temp,25.77
2025-11-17 10:25:27,lan/sala2/sensor/temp,27.73
2025-11-17 10:25:28,lan/sala1/sensor/hum,24.68
2025-11-17 10:25:29,lan/sala1/sensor/temp,24.56
2025-11-17 10:25:29,lan/sala2/sensor/temp,21.81
2025-11-17 10:25:30,lan/sala1/sensor/hum,29.14
2025-11-17 10:25:30,lan/sala1/sensor/temp,25.21
2025-11-17 10:25:31,lan/sala2/sensor/temp,20.25
2025-11-17 10:25:32,lan/sala1/sensor/hum,29.29
2025-11-17 10:25:32,lan/sala1/sensor/temp,27.44
2025-11-17 10:25:33,lan/sala2/sensor/temp,23.71
2025-11-17 10:25:34,lan/sala1/sensor/hum,24.49
2025-11-17 10:25:34,lan/sala1/sensor/temp,26.35
2025-11-17 10:25:35,lan/sala2/sensor/temp,21.96
2025-11-17 10:25:36,lan/sala1/sensor/hum,27.75
2025-11-17 10:25:36,lan/sala1/sensor/temp,28.67
2025-11-17 10:25:37,lan/sala2/sensor/temp,20.12
2025-11-17 10:25:38,lan/sala1/sensor/hum,29.01
2025-11-17 10:25:38,lan/sala1/sensor/temp,26.31
2025-11-17 10:25:39,lan/sala2/sensor/temp,27.65
2025-11-17 10:25:40,lan/sala1/sensor/hum,18.75
2025-11-17 10:25:40,lan/sala1/sensor/temp,25.76
2025-11-17 10:25:41,lan/sala2/sensor/temp,29.72
2025-11-17 10:25:42,lan/sala1/sensor/hum,19.83
2025-11-17 10:25:42,lan/sala1/sensor/temp,27.74
2025-11-17 10:25:43,lan/sala2/sensor/temp,27.74
2025-11-17 10:25:44,lan/sala1/sensor/hum,27.38
2025-11-17 10:25:44,lan/sala1/sensor/temp,28.29
2025-11-17 10:25:45,lan/sala2/sensor/temp,22.4
2025-11-17 10:25:46,lan/sala1/sensor/hum,24.82
2025-11-17 10:25:46,lan/sala1/sensor/temp,29.31
2025-11-17 10:25:47,lan/sala2/sensor/temp,23.09
2025-11-17 10:25:48,lan/sala1/sensor/hum,23.69
2025-11-17 10:25:48,lan/sala1/sensor/temp,23.53
2025-11-17 10:25:49,lan/sala2/sensor/temp,24.88
2025-11-17 10:25:50,lan/sala1/sensor/hum,21.35
2025-11-17 10:25:50,lan/sala1/sensor/temp,23.96
2025-11-17 10:25:51,lan/sala2/sensor/temp,22.02
2025-11-17 10:25:52,lan/sala1/sensor/hum,25.14
2025-11-17 10:25:52,lan/sala1/sensor/temp,26.99
2025-11-17 10:25:53,lan/sala2/sensor/temp,26.47
2025-11-17 10:25:54,lan/sala1/sensor/hum,28.57
2025-11-17 10:25:54,lan/sala1/sensor/temp,18.02
2025-11-17 10:25:55,lan/sala2/sensor/temp,27.66
2025-11-17 10:25:56,lan/sala1/sensor/hum,25.81
2025-11-17 10:25:56,lan/sala1/sensor/temp,20.75
2025-11-17 10:25:57,lan/sala2/sensor/temp,22.45
2025-11-17 10:25:58,lan/sala1/sensor/hum,23.02
2025-11-17 10:25:59,lan/sala1/sensor/temp,29.23
2025-11-17 10:25:59,lan/sala2/sensor/temp,18.94
2025-11-17 10:26:00,lan/sala1/sensor/hum,22.3
2025-11-17 10:26:00,lan/sala1/sensor/temp,18.87
2025-11-17 10:26:01,lan/sala2/sensor/temp,23.43
2025-11-17 10:26:02,lan/sala1/sensor/hum,22.2
2025-11-17 10:26:03,lan/sala1/sensor/temp,22.62
2025-11-17 10:26:03,lan/sala2/sensor/temp,25.1
2025-11-17 10:26:04,lan/sala1/sensor/hum,28.17
2025-11-17 10:26:05,lan/sala1/sensor/temp,24.72
2025-11-17 10:26:05,lan/sala2/sensor/temp,28.26
2025-11-17 10:26:06,lan/sala1/sensor/hum,22.6
2025-11-17 10:26:07,lan/sala1/sensor/temp,27.84
2025-11-17 10:26:07,lan/sala2/sensor/temp,20.43
2025-11-17 10:26:08,lan/sala1/sensor/hum,21.87
2025-11-17 10:26:09,lan/sala1/sensor/temp,23.1
2025-11-17 10:26:09,lan/sala2/sensor/temp,22.91
2025-11-17 10:26:10,lan/sala1/sensor/hum,29.09
2025-11-17 10:26:11,lan/sala1/sensor/temp,22.45
2025-11-17 10:26:11,lan/sala2/sensor/temp,24.13
2025-11-17 10:26:12,lan/sala1/sensor/hum,28.99
2025-11-17 10:26:13,lan/sala1/sensor/temp,27.75
2025-11-17 10:26:13,lan/sala2/sensor/temp,19.15
2025-11-17 10:26:14,lan/sala1/sensor/hum,28.4
2025-11-17 10:26:14,lan/sala1/sensor/temp,23.34
2025-11-17 10:26:15,lan/sala2/sensor/temp,28.41
2025-11-17 10:26:16,lan/sala1/sensor/hum,26.82
2025-11-17 10:26:17,lan/sala1/sensor/temp,27.93
2025-11-17 10:26:17,lan/sala2/sensor/temp,28.67
2025-11-17 10:26:18,lan/sala1/sensor/hum,25.94
2025-11-17 10:26:18,lan/sala1/sensor/temp,23.34
2025-11-17 10:26:19,lan/sala2/sensor/temp,27.36
2025-11-17 10:26:20,lan/sala1/sensor/hum,28.87
2025-11-17 10:26:21,lan/sala1/sensor/temp,24.59
2025-11-17 10:26:21,lan/sala2/sensor/temp,22.02
2025-11-17 10:26:22,lan/sala1/sensor/hum,21.35
2025-11-17 10:26:22,lan/sala1/sensor/temp,19.33
2025-11-17 10:26:23,lan/sala2/sensor/temp,23.24
2025-11-17 10:26:24,lan/sala1/sensor/hum,22.67
2025-11-17 10:26:25,lan/sala1/sensor/temp,27.3
2025-11-17 10:26:25,lan/sala2/sensor/temp,18.81
2025-11-17 10:26:26,lan/sala1/sensor/hum,28.66
2025-11-17 10:26:27,lan/sala1/sensor/temp,19.68
2025-11-17 10:26:27,lan/sala2/sensor/temp,25.35
2025-11-17 10:26:28,lan/sala1/sensor/hum,21.19
2025-11-17 10:26:29,lan/sala1/sensor/temp,25.35
2025-11-17 10:26:29,lan/sala2/sensor/temp,22.42
2025-11-17 10:26:30,lan/sala1/sensor/hum,20.53
2025-11-17 10:26:31,lan/sala1/sensor/temp,25.02
2025-11-17 10:26:31,lan/sala2/sensor/temp,24.97
2025-11-17 10:26:32,lan/sala1/sensor/hum,19.79
2025-11-17 10:26:33,lan/sala1/sensor/temp,20.13
2025-11-17 10:26:33,lan/sala2/sensor/temp,29.85
2025-11-17 10:26:34,lan/sala1/sensor/hum,18.95
2025-11-17 10:26:35,lan/sala1/sensor/temp,23.96
2025-11-17 10:26:35,lan/sala2/sensor/temp,26.23
2025-11-17 10:26:36,lan/sala1/sensor/hum,21.8
2025-11-17 10:26:37,lan/sala1/sensor/temp,18.16
2025-11-17 10:26:37,lan/sala2/sensor/temp,21.68
2025-11-17 10:26:38,lan/sala1/sensor/hum,25.62
2025-11-17 10:26:39,lan/sala1/sensor/temp,29.41
2025-11-17 10:26:39,lan/sala2/sensor/temp,27.78
2025-11-17 10:26:40,lan/sala1/sensor/hum,26.03
2025-11-17 10:26:41,lan/sala1/sensor/temp,21.67
2025-11-17 10:26:41,lan/sala2/sensor/temp,29.08
2025-11-17 10:26:42,lan/sala1/sensor/hum,24.44
2025-11-17 10:26:43,lan/sala1/sensor/temp,18.16
2025-11-17 10:26:43,lan/sala2/sensor/temp,20.94
2025-11-17 10:26:44,lan/sala1/sensor/hum,21.59
2025-11-17 10:26:45,lan/sala1/sensor/temp,20.48
2025-11-17 10:26:45,lan/sala2/sensor/temp,18.02
2025-11-17 10:26:46,lan/sala1/sensor/hum,20.76
2025-11-17 10:26:47,lan/sala1/sensor/temp,29.26
2025-11-17 10:26:47,lan/sala2/sensor/temp,28.28
2025-11-17 10:26:48,lan/sala1/sensor/hum,24.83
2025-11-17 10:26:49,lan/sala1/sensor/temp,28.36
2025-11-17 10:26:49,lan/sala2/sensor/temp,27.27
2025-11-17 10:26:50,lan/sala1/sensor/hum,22.44
2025-11-17 10:26:51,lan/sala1/sensor/temp,19.93
2025-11-17 10:26:51,lan/sala2/sensor/temp,21.26
2025-11-17 10:26:52,lan/sala1/sensor/hum,29.33
2025-11-17 10:26:53,lan/sala1/sensor/temp,22.41
2025-11-17 10:26:53,lan/sala2/sensor/temp,20.01
2025-11-17 10:26:54,lan/sala1/sensor/hum,28.86
2025-11-17 10:26:55,lan/sala1/sensor/temp,22.77
2025-11-17 10:26:55,lan/sala2/sensor/temp,27.33
2025-11-17 10:26:56,lan/sala1/sensor/hum,23.89
2025-11-17 10:26:57,lan/sala1/sensor/temp,19.34
2025-11-17 10:26:57,lan/sala2/sensor/temp,29.24
2025-11-17 10:26:58,lan/sala1/sensor/hum,22.05
2025-11-17 10:26:59,lan/sala1/sensor/temp,29.51
2025-11-17 10:26:59,lan/sala2/sensor/temp,24.17
2025-11-17 10:27:00,lan/sala1/sensor/hum,22.04
2025-11-17 10:27:01,lan/sala1/sensor/temp,21.62
2025-11-17 10:27:01,lan/sala2/sensor/temp,26.23
2025-11-17 10:27:02,lan/sala1/sensor/hum,23.35
2025-11-17 10:27:03,lan/sala1/sensor/temp,27.18
2025-11-17 10:27:03,lan/sala2/sensor/temp,19.71
2025-11-17 10:27:04,lan/sala1/sensor/hum,27.74
2025-11-17 10:27:05,lan/sala1/sensor/temp,18.73
2025-11-17 10:27:05,lan/sala2/sensor/temp,20.23
2025-11-17 10:27:06,lan/sala1/sensor/hum,28.84
2025-11-17 10:27:07,lan/sala1/sensor/temp,28.59
2025-11-17 10:27:07,lan/sala2/sensor/temp,19.11
2025-11-17 10:27:08,lan/sala1/sensor/hum,20.73
2025-11-17 10:27:09,lan/sala1/sensor/temp,27.82
2025-11-17 10:27:09,lan/sala2/sensor/temp,28.58
2025-11-17 10:27:10,lan/sala1/sensor/hum,22.02
2025-11-17 10:27:11,lan/sala1/sensor/temp,20.43
2025-11-17 10:27:11,lan/sala2/sensor/temp,22.57
2025-11-17 10:27:12,lan/sala1/sensor/hum,29.14
2025-11-17 10:27:13,lan/sala1/sensor/temp,27.2
2025-11-17 10:27:13,lan/sala2/sensor/temp,23.67
2025-11-17 10:27:14,lan/sala1/sensor/hum,27.63
2025-11-17 10:27:15,lan/sala1/sensor/temp,28.52
2025-11-17 10:27:15,lan/sala2/sensor/temp,20.32
2025-11-17 10:27:16,lan/sala1/sensor/hum,20.36
2025-11-17 10:27:17,lan/sala1/sensor/temp,19.34
2025-11-17 10:27:17,lan/sala2/sensor/temp,29.28
2025-11-17 10:27:18,lan/sala1/sensor/hum,25.49
2025-11-17 10:27:19,lan/sala1/sensor/temp,28.18
2025-11-17 10:27:19,lan/sala2/sensor/temp,27.95
2025-11-17 10:27:20,lan/sala1/sensor/hum,22.56
2025-11-17 10:27:21,lan/sala1/sensor/temp,24.35
2025-11-17 10:27:21,lan/sala2/sensor/temp,25.97
2025-11-17 10:27:22,lan/sala1/sensor/hum,24.22
2025-11-17 10:27:23,lan/sala1/sensor/temp,22.46
2025-11-17 10:27:23,lan/sala2/sensor/temp,24.99
2025-11-17 10:27:24,lan/sala1/sensor/hum,29.04
2025-11-17 10:27:25,lan/sala1/sensor/temp,22.92
2025-11-17 10:27:25,lan/sala2/sensor/temp,23.64
2025-11-17 10:27:26,lan/sala1/sensor/hum,18.37
2025-11-17 10:27:27,lan/sala1/sensor/temp,25.04
2025-11-17 10:27:27,lan/sala2/sensor/temp,21.25
2025-11-17 10:27:28,lan/sala1/sensor/hum,24.32
2025-11-17 10:27:29,lan/sala1/sensor/temp,24.28
2025-11-17 10:27:29,lan/sala2/sensor/temp,19.05
2025-11-17 10:27:30,lan/sala1/sensor/hum,26.44
2025-11-17 10:27:31,lan/sala1/sensor/temp,26.42
2025-11-17 10:27:31,lan/sala2/sensor/temp,28.83
2025-11-17 10:27:32,lan/sala1/sensor/hum,23.42
2025-11-17 10:27:33,lan/sala1/sensor/temp,20.39
2025-11-17 10:27:33,lan/sala2/sensor/temp,21.36
2025-11-17 10:27:34,lan/sala1/sensor/hum,29.91
2025-11-17 10:27:35,lan/sala1/sensor/temp,24.85
2025-11-17 10:27:35,lan/sala2/sensor/temp,23.76
2025-11-17 10:27:36,lan/sala1/sensor/hum,26.41
2025-11-17 10:27:37,lan/sala1/sensor/temp,18.62
2025-11-17 10:27:37,lan/sala2/sensor/temp,23.54
2025-11-17 10:27:38,lan/sala1/sensor/hum,26.44
2025-11-17 10:27:39,lan/sala1/sensor/temp,24.21
2025-11-17 10:27:39,lan/sala2/sensor/temp,20.38
2025-11-17 10:27:40,lan/sala1/sensor/hum,23.52
2025-11-17 10:27:41,lan/sala1/sensor/temp,27.49
2025-11-17 10:27:41,lan/sala2/sensor/temp,19.06
2025-11-17 10:27:42,lan/sala1/sensor/hum,29.5
2025-11-17 10:27:43,lan/sala1/sensor/temp,29.01
2025-11-17 10:27:43,lan/sala2/sensor/temp,28.04
2025-11-17 10:27:44,lan/sala1/sensor/hum,21.37
2025-11-17 10:27:45,lan/sala1/sensor/temp,22.53
2025-11-17 10:27:45,lan/sala2/sensor/temp,24.44
2025-11-17 10:27:46,lan/sala1/sensor/hum,20.44
2025-11-17 10:27:47,lan/sala1/sensor/temp,22.16
2025-11-17 10:27:47,lan/sala2/sensor/temp,28.4
2025-11-17 10:27:48,lan/sala1/sensor/hum,22.87
2025-11-17 10:27:49,lan/sala1/sensor/temp,23.7
2025-11-17 10:27:49,lan/sala2/sensor/temp,23.16
2025-11-17 10:27:50,lan/sala1/sensor/hum,25.71
2025-11-17 10:27:51,lan/sala1/sensor/temp,26.17
2025-11-17 10:27:51,lan/sala2/sensor/temp,29.61
2025-11-17 10:27:52,lan/sala1/sensor/hum,27.17
2025-11-17 10:27:53,lan/sala1/sensor/temp,28.31
2025-11-17 10:27:53,lan/sala2/sensor/temp,24.07
2025-11-17 10:27:54,lan/sala1/sensor/hum,24.62
2025-11-17 10:27:55,lan/sala1/sensor/temp,25.9
2025-11-17 10:27:55,lan/sala2/sensor/temp,26.76
2025-11-17 10:27:56,lan/sala1/sensor/hum,25.58
2025-11-17 10:27:57,lan/sala1/sensor/temp,22.85
2025-11-17 10:27:57,lan/sala2/sensor/temp,18.03
2025-11-17 10:27:58,lan/sala1/sensor/hum,18.69
2025-11-17 10:27:59,lan/sala1/sensor/temp,23.1
2025-11-17 10:27:59,lan/sala2/sensor/temp,25.74
2025-11-17 10:28:00,lan/sala1/sensor/hum,20.76
2025-11-17 10:28:01,lan/sala1/sensor/temp,25.96
2025-11-17 10:28:01,lan/sala2/sensor/temp,18.89
2025-11-17 10:28:02,lan/sala1/sensor/hum,25.54
2025-11-17 10:28:03,lan/sala1/sensor/temp,19.85
2025-11-17 10:28:03,lan/sala2/sensor/temp,25.52
2025-11-17 10:28:04,lan/sala1/sensor/hum,23.18
2025-11-17 10:28:05,lan/sala1/sensor/temp,28.79
2025-11-17 10:28:05,lan/sala2/sensor/temp,25.67
2025-11-17 10:28:06,lan/sala1/sensor/hum,18.91
2025-11-17 10:28:07,lan/sala1/sensor/temp,19.72
2025-11-17 10:28:07,lan/sala2/sensor/temp,19.11
2025-11-17 10:28:08,lan/sala1/sensor/hum,22.27
2025-11-17 10:28:09,lan/sala1/sensor/temp,26.87
2025-11-17 10:28:09,lan/sala2/sensor/temp,23.05
2025-11-17 10:28:10,lan/sala1/sensor/hum,23.23
2025-11-17 10:28:11,lan/sala1/sensor/temp,29.79
2025-11-17 10:28:11,lan/sala2/sensor/temp,27.43
2025-11-17 10:28:12,lan/sala1/sensor/hum,24.87
2025-11-17 10:28:13,lan/sala1/sensor/temp,24.19
2025-11-17 10:28:13,lan/sala2/sensor/temp,22.58
2025-11-17 10:28:14,lan/sala1/sensor/hum,25.97
2025-11-17 10:28:15,lan/sala1/sensor/temp,28.78
2025-11-17 10:28:15,lan/sala2/sensor/temp,26.51
2025-11-17 10:28:16,lan/sala1/sensor/hum,21.13
2025-11-17 10:28:17,lan/sala1/sensor/temp,26.04
2025-11-17 10:28:17,lan/sala2/sensor/temp,28.22
2025-11-17 10:28:18,lan/sala1/sensor/hum,18.84
2025-11-17 10:28:19,lan/sala1/sensor/temp,25.36
2025-11-17 10:28:19,lan/sala2/sensor/temp,22.67
2025-11-17 10:28:20,lan/sala1/sensor/hum,25.81
2025-11-17 10:28:21,lan/sala1/sensor/temp,25.68
2025-11-17 10:28:21,lan/sala2/sensor/temp,26.94
2025-11-17 10:28:22,lan/sala1/sensor/hum,28.95
2025-11-17 10:28:23,lan/sala1/sensor/temp,29.36
2025-11-17 10:28:23,lan/sala2/sensor/temp,20.63
2025-11-17 10:28:24,lan/sala1/sensor/hum,26.24
2025-11-17 10:28:25,lan/sala1/sensor/temp,25.6
2025-11-17 10:28:25,lan/sala2/sensor/temp,26.94
2025-11-17 10:28:26,lan/sala1/sensor/hum,26.46
2025-11-17 10:28:27,lan/sala1/sensor/temp,28.1
2025-11-17 10:28:27,lan/sala2/sensor/temp,26.89
2025-11-17 10:28:28,lan/sala1/sensor/hum,22.98
2025-11-17 10:28:29,lan/sala1/sensor/temp,28.56
2025-11-17 10:28:29,lan/sala2/sensor/temp,21.3
2025-11-17 10:28:30,lan/sala1/sensor/hum,21.95
2025-11-17 10:28:31,lan/sala1/sensor/temp,27.92
2025-11-17 10:28:31,lan/sala2/sensor/temp,29.3
2025-11-17 10:28:32,lan/sala1/sensor/hum,22.69
2025-11-17 10:28:33,lan/sala1/sensor/temp,21.0
2025-11-17 10:28:33,lan/sala2/sensor/temp,20.93
2025-11-17 10:28:34,lan/sala1/sensor/hum,23.92
2025-11-17 10:28:35,lan/sala1/sensor/temp,28.06
2025-11-17 10:28:35,lan/sala2/sensor/temp,23.04
2025-11-17 10:28:36,lan/sala1/sensor/hum,29.23
2025-11-17 10:28:37,lan/sala1/sensor/temp,26.93
2025-11-17 10:28:37,lan/sala2/sensor/temp,23.78
2025-11-17 10:28:38,lan/sala1/sensor/hum,23.81
2025-11-17 10:28:39,lan/sala1/sensor/temp,29.9
2025-11-17 10:28:39,lan/sala2/sensor/temp,19.84
2025-11-17 10:28:40,lan/sala1/sensor/hum,26.21
2025-11-17 10:28:41,lan/sala1/sensor/temp,23.98
2025-11-17 10:28:41,lan/sala2/sensor/temp,21.96
2025-11-17 10:28:42,lan/sala1/sensor/hum,28.22
2025-11-17 10:28:43,lan/sala1/sensor/temp,20.21
2025-11-17 10:28:43,lan/sala2/sensor/temp,20.87
2025-11-17 10:28:44,lan/sala1/sensor/hum,26.44
2025-11-17 10:28:45,lan/sala1/sensor/temp,27.95
2025-11-17 10:28:45,lan/sala2/sensor/temp,20.31
2025-11-17 10:28:46,lan/sala1/sensor/hum,26.23
2025-11-17 10:28:47,lan/sala1/sensor/temp,26.25
2025-11-17 10:28:47,lan/sala2/sensor/temp,20.09
2025-11-17 10:28:48,lan/sala1/sensor/hum,25.45
2025-11-17 10:28:49,lan/sala1/sensor/temp,25.85
2025-11-17 10:28:49,lan/sala2/sensor/temp,28.6
2025-11-17 10:28:50,lan/sala1/sensor/hum,22.5
2025-11-17 10:28:51,lan/sala1/sensor/temp,26.88
2025-11-17 10:28:51,lan/sala2/sensor/temp,21.21
2025-11-17 10:28:52,lan/sala1/sensor/hum,26.48
2025-11-17 10:28:53,lan/sala1/sensor/temp,19.43
2025-11-17 10:28:53,lan/sala2/sensor/temp,21.91
2025-11-17 10:28:54,lan/sala1/sensor/hum,28.55
2025-11-17 10:28:55,lan/sala1/sensor/temp,29.4
2025-11-17 10:28:55,lan/sala2/sensor/temp,25.35
2025-11-17 10:28:56,lan/sala1/sensor/hum,23.56
2025-11-17 10:28:57,lan/sala1/sensor/temp,25.71
2025-11-17 10:28:57,lan/sala2/sensor/temp,26.29
2025-11-17 10:28:58,lan/sala1/sensor/hum,23.27
2025-11-17 10:28:59,lan/sala1/sensor/temp,23.03
2025-11-17 10:28:59,lan/sala2/sensor/temp,26.54
2025-11-17 10:29:00,lan/sala1/sensor/hum,28.93
2025-11-17 10:29:01,lan/sala1/sensor/temp,26.68
2025-11-17 10:29:01,lan/sala2/sensor/temp,29.12
2025-11-17 10:29:02,lan/sala1/sensor/hum,21.33
2025-11-17 10:29:03,lan/sala1/sensor/temp,19.03
2025-11-17 10:29:03,lan/sala2/sensor/temp,25.9
2025-11-17 10:29:04,lan/sala1/sensor/hum,24.08
2025-11-17 10:29:05,lan/sala1/sensor/temp,26.49
2025-11-17 10:29:05,lan/sala2/sensor/temp,27.38
2025-11-17 10:29:06,lan/sala1/sensor/hum,21.18
2025-11-17 10:29:07,lan/sala1/sensor/temp,26.04
2025-11-17 10:29:07,lan/sala2/sensor/temp,20.72
2025-11-17 10:29:08,lan/sala1/sensor/hum,18.1
2025-11-17 10:29:09,lan/sala1/sensor/temp,21.84
2025-11-17 10:29:09,lan/sala2/sensor/temp,21.27
2025-11-17 10:29:10,lan/sala1/sensor/hum,19.05
2025-11-17 10:29:11,lan/sala1/sensor/temp,21.2
2025-11-17 10:29:11,lan/sala2/sensor/temp,30.0
2025-11-17 10:29:12,lan/sala1/sensor/hum,28.25
2025-11-17 10:29:13,lan/sala1/sensor/temp,19.37
2025-11-17 10:29:13,lan/sala2/sensor/temp,23.3
2025-11-17 10:29:14,lan/sala1/sensor/hum,25.11
2025-11-17 10:29:15,lan/sala1/sensor/temp,26.2
2025-11-17 10:29:15,lan/sala2/sensor/temp,25.13
2025-11-17 10:29:16,lan/sala1/sensor/hum,18.52
2025-11-17 10:29:17,lan/sala1/sensor/temp,25.76
2025-11-17 10:29:17,lan/sala2/sensor/temp,28.04
2025-11-17 10:29:18,lan/sala1/sensor/hum,27.03
2025-11-17 10:29:19,lan/sala1/sensor/temp,28.28
2025-11-17 10:29:19,lan/sala2/sensor/temp,27.87
2025-11-17 10:29:20,lan/sala1/sensor/hum,28.92
2025-11-17 10:29:21,lan/sala1/sensor/temp,29.49
2025-11-17 10:29:21,lan/sala2/sensor/temp,20.52
2025-11-17 10:29:22,lan/sala1/sensor/hum,18.89
2025-11-17 10:29:23,lan/sala1/sensor/temp,18.45
2025-11-17 10:29:23,lan/sala2/sensor/temp,19.57
2025-11-17 10:29:24,lan/sala1/sensor/hum,25.2
2025-11-17 10:29:25,lan/sala1/sensor/temp,22.72
2025-11-17 10:29:25,lan/sala2/sensor/temp,25.33
2025-11-17 10:29:26,lan/sala1/sensor/hum,27.41
2025-11-17 10:29:27,lan/sala1/sensor/temp,27.17
2025-11-17 10:29:27,lan/sala2/sensor/temp,21.67
2025-11-17 10:29:28,lan/sala1/sensor/hum,20.57
2025-11-17 10:29:29,lan/sala1/sensor/temp,22.2
2025-11-17 10:29:29,lan/sala2/sensor/temp,18.46
2025-11-17 10:29:30,lan/sala1/sensor/hum,28.7
2025-11-17 10:29:31,lan/sala1/sensor/temp,24.95
2025-11-17 10:29:31,lan/sala2/sensor/temp,19.57
2025-11-17 10:29:32,lan/sala1/sensor/hum,25.0
2025-11-17 10:29:33,lan/sala1/sensor/temp,23.61
2025-11-17 10:29:33,lan/sala2/sensor/temp,28.54
2025-11-17 10:29:34,lan/sala1/sensor/hum,20.31
2025-11-17 10:29:35,lan/sala1/sensor/temp,29.19
2025-11-17 10:29:35,lan/sala2/sensor/temp,19.62
2025-11-17 10:29:36,lan/sala1/sensor/hum,27.09
2025-11-17 10:29:37,lan/sala1/sensor/temp,20.97
2025-11-17 10:29:37,lan/sala2/sensor/temp,24.64
2025-11-17 10:29:38,lan/sala1/sensor/hum,28.12
2025-11-17 10:29:39,lan/sala1/sensor/temp,18.56
2025-11-17 10:29:39,lan/sala2/sensor/temp,18.72
2025-11-17 10:29:40,lan/sala1/sensor/hum,23.1
2025-11-17 10:29:41,lan/sala1/sensor/temp,18.41
2025-11-17 10:29:41,lan/sala2/sensor/temp,29.69
2025-11-17 10:29:42,lan/sala1/sensor/hum,24.13
2025-11-17 10:29:43,lan/sala1/sensor/temp,19.35
2025-11-17 10:29:43,lan/sala2/sensor/temp,21.27
2025-11-17 10:29:44,lan/sala1/sensor/hum,21.37
2025-11-17 10:29:45,lan/sala1/sensor/temp,27.01
2025-11-17 10:29:45,lan/sala2/sensor/temp,25.91
2025-11-17 10:29:46,lan/sala1/sensor/hum,25.65
2025-11-17 10:29:47,lan/sala1/sensor/temp,23.35
2025-11-17 10:29:47,lan/sala2/sensor/temp,29.4
2025-11-17 10:29:48,lan/sala1/sensor/hum,29.28
2025-11-17 10:29:49,lan/sala1/sensor/temp,23.9
2025-11-17 10:29:49,lan/sala2/sensor/temp,18.87
2025-11-17 10:29:50,lan/sala1/sensor/hum,18.51
2025-11-17 10:29:51,lan/sala1/sensor/temp,20.13
2025-11-17 10:29:51,lan/sala2/sensor/temp,25.73
2025-11-17 10:29:52,lan/sala1/sensor/hum,23.34
2025-11-17 10:29:53,lan/sala1/sensor/temp,20.87
2025-11-17 10:29:53,lan/sala2/sensor/temp,21.27
2025-11-17 10:29:54,lan/sala1/sensor/hum,21.86
2025-11-17 10:29:55,lan/sala1/sensor/temp,18.95
2025-11-17 10:29:55,lan/sala2/sensor/temp,19.76
2025-11-17 10:29:56,lan/sala1/sensor/hum,19.46
2025-11-17 10:29:57,lan/sala1/sensor/temp,29.23
2025-11-17 10:29:57,lan/sala2/sensor/temp,27.4
2025-11-17 10:29:58,lan/sala1/sensor/hum,25.54
2025-11-17 10:29:59,lan/sala1/sensor/temp,18.77
2025-11-17 10:30:00,lan/sala2/sensor/temp,29.41
2025-11-17 10:30:01,lan/sala1/sensor/hum,25.6
2025-11-17 10:30:01,lan/sala1/sensor/temp,24.32
2025-11-17 10:30:01,lan/sala2/sensor/temp,29.43
2025-11-17 10:30:02,lan/sala1/sensor/hum,25.58
2025-11-17 10:30:03,lan/sala1/sensor/temp,28.88
2025-11-17 10:30:04,lan/sala2/sensor/temp,24.76
2025-11-17 10:30:04,lan/sala1/sensor/hum,29.05
2025-11-17 10:30:05,lan/sala1/sensor/temp,21.18
2025-11-17 10:30:06,lan/sala2/sensor/temp,29.99
2025-11-17 10:30:06,lan/sala1/sensor/hum,26.93
2025-11-17 10:30:07,lan/sala1/sensor/temp,27.09
2025-11-17 10:30:07,lan/sala2/sensor/temp,29.6
2025-11-17 10:30:08,lan/sala1/sensor/hum,21.01
2025-11-17 10:30:09,lan/sala1/sensor/temp,19.43
2025-11-17 10:30:09,lan/sala2/sensor/temp,29.9
2025-11-17 10:30:10,lan/sala1/sensor/hum,24.58
2025-11-17 10:30:11,lan/sala1/sensor/temp,23.23
2025-11-17 10:30:11,lan/sala2/sensor/temp,18.74
2025-11-17 10:30:12,lan/sala1/sensor/hum,21.45
2025-11-17 10:30:13,lan/sala1/sensor/temp,22.18
2025-11-17 10:30:13,lan/sala2/sensor/temp,24.34
2025-11-17 10:30:14,lan/sala1/sensor/hum,24.49
2025-11-17 10:30:15,lan/sala1/sensor/temp,18.05
2025-11-17 10:30:15,lan/sala2/sensor/temp,21.14
2025-11-17 10:30:16,lan/sala1/sensor/hum,28.95
2025-11-17 10:30:17,lan/sala1/sensor/temp,21.83
2025-11-17 10:30:17,lan/sala2/sensor/temp,26.55
2025-11-17 10:30:18,lan/sala1/sensor/hum,24.47
2025-11-17 10:30:19,lan/sala1/sensor/temp,21.78
2025-11-17 10:30:19,lan/sala2/sensor/temp,26.18
2025-11-17 10:30:20,lan/sala1/sensor/hum,18.91
2025-11-17 10:30:21,lan/sala1/sensor/temp,20.32
2025-11-17 10:30:21,lan/sala2/sensor/temp,23.02
2025-11-17 10:30:22,lan/sala1/sensor/hum,28.7
2025-11-17 10:30:23,lan/sala1/sensor/temp,20.74
2025-11-17 10:30:24,lan/sala2/sensor/temp,25.56
2025-11-17 10:30:24,lan/sala1/sensor/hum,28.87
2025-11-17 10:30:25,lan/sala1/sensor/temp,22.76
2025-11-17 10:30:26,lan/sala2/sensor/temp,26.51
2025-11-17 10:30:27,lan/sala1/sensor/hum,25.91
2025-11-17 10:30:27,lan/sala1/sensor/temp,20.92
2025-11-17 10:30:28,lan/sala2/sensor/temp,23.24
2025-11-17 10:30:28,lan/sala1/sensor/hum,21.5
2025-11-17 10:30:29,lan/sala1/sensor/temp,18.54
2025-11-17 10:30:29,lan/sala2/sensor/temp,25.86
2025-11-17 10:30:30,lan/sala1/sensor/hum,24.2
2025-11-17 10:30:31,lan/sala1/sensor/temp,23.96
2025-11-17 10:30:32,lan/sala2/sensor/temp,18.08
2025-11-17 10:30:32,lan/sala1/sensor/hum,29.64
2025-11-17 10:30:33,lan/sala1/sensor/temp,18.75
2025-11-17 10:30:33,lan/sala2/sensor/temp,21.13
2025-11-17 10:30:34,lan/sala1/sensor/hum,24.93
2025-11-17 10:30:35,lan/sala1/sensor/temp,28.93
2025-11-17 10:30:35,lan/sala2/sensor/temp,25.91
2025-11-17 10:30:36,lan/sala1/sensor/hum,23.19
2025-11-17 10:30:37,lan/sala1/sensor/temp,20.08
2025-11-17 10:30:37,lan/sala2/sensor/temp,20.79
2025-11-17 10:30:38,lan/sala1/sensor/hum,22.89
2025-11-17 10:30:39,lan/sala1/sensor/temp,29.07
2025-11-17 10:30:39,lan/sala2/sensor/temp,24.98
2025-11-17 10:30:40,lan/sala1/sensor/hum,22.68
2025-11-17 10:30:41,lan/sala1/sensor/temp,23.14
2025-11-17 10:30:41,lan/sala2/sensor/temp,24.5
2025-11-17 10:30:42,lan/sala1/sensor/hum,19.18
2025-11-17 10:30:43,lan/sala1/sensor/temp,27.38
2025-11-17 10:30:43,lan/sala2/sensor/temp,21.82
2025-11-17 10:30:44,lan/sala1/sensor/hum,27.27
2025-11-17 10:30:45,lan/sala1/sensor/temp,27.95
2025-11-17 10:30:46,lan/sala2/sensor/temp,26.06
2025-11-17 10:30:46,lan/sala1/sensor/hum,18.88
2025-11-17 10:30:47,lan/sala1/sensor/temp,20.24
2025-11-17 10:30:47,lan/sala2/sensor/temp,23.7
2025-11-17 10:30:48,lan/sala1/sensor/hum,23.55
2025-11-17 10:30:49,lan/sala1/sensor/temp,29.21
2025-11-17 10:30:49,lan/sala2/sensor/temp,22.68
2025-11-17 10:30:50,lan/sala1/sensor/hum,24.26
2025-11-17 10:30:51,lan/sala1/sensor/temp,20.37
2025-11-17 10:30:51,lan/sala2/sensor/temp,18.87
2025-11-17 10:30:52,lan/sala1/sensor/hum,19.18
2025-11-17 10:30:53,lan/sala1/sensor/temp,18.89
2025-11-17 10:30:53,lan/sala2/sensor/temp,23.77
2025-11-17 10:30:54,lan/sala1/sensor/hum,23.75
2025-11-17 10:30:55,lan/sala1/sensor/temp,24.87
2025-11-17 10:30:55,lan/sala2/sensor/temp,24.43
2025-11-17 10:30:56,lan/sala1/sensor/hum,27.39
2025-11-17 10:30:57,lan/sala1/sensor/temp,25.89
2025-11-17 10:30:57,lan/sala2/sensor/temp,25.12
2025-11-17 10:30:58,lan/sala1/sensor/hum,18.67
2025-11-17 10:30:59,lan/sala1/sensor/temp,23.81
2025-11-17 10:30:59,lan/sala2/sensor/temp,24.66
2025-11-17 10:31:00,lan/sala1/sensor/hum,19.27
2025-11-17 10:31:01,lan/sala1/sensor/temp,19.62
2025-11-17 10:31:01,lan/sala2/sensor/temp,21.61
2025-11-17 10:31:02,lan/sala1/sensor/hum,19.48
2025-11-17 10:31:03,lan/sala1/sensor/temp,24.1
2025-11-17 10:31:03,lan/sala2/sensor/temp,27.44
2025-11-17 10:31:04,lan/sala1/sensor/hum,21.38
2025-11-17 10:31:05,lan/sala1/sensor/temp,23.52
2025-11-17 10:31:05,lan/sala2/sensor/temp,29.35
2025-11-17 10:31:06,lan/sala1/sensor/hum,22.57
2025-11-17 10:31:07,lan/sala1/sensor/temp,20.22
2025-11-17 10:31:07,lan/sala2/sensor/temp,25.14
2025-11-17 10:31:08,lan/sala1/sensor/hum,19.57
2025-11-17 10:31:09,lan/sala1/sensor/temp,21.1
2025-11-17 10:31:09,lan/sala2/sensor/temp,26.1
2025-11-17 10:31:10,lan/sala1/sensor/hum,25.45
2025-11-17 10:31:11,lan/sala1/sensor/temp,22.5
2025-11-17 10:31:11,lan/sala2/sensor/temp,18.17
2025-11-17 10:31:12,lan/sala1/sensor/hum,23.6
2025-11-17 10:31:13,lan/sala1/sensor/temp,22.3
2025-11-17 10:31:14,lan/sala2/sensor/temp,26.4
2025-11-17 10:31:14,lan/sala1/sensor/hum,27.12
2025-11-17 10:31:15,lan/sala1/sensor/temp,21.12
2025-11-17 10:31:15,lan/sala2/sensor/temp,18.55
2025-11-17 10:31:16,lan/sala1/sensor/hum,20.86
2025-11-17 10:31:17,lan/sala1/sensor/temp,29.4
2025-11-17 10:31:18,lan/sala2/sensor/temp,29.67
2025-11-17 10:31:18,lan/sala1/sensor/hum,23.3
2025-11-17 10:31:19,lan/sala1/sensor/temp,22.75
2025-11-17 10:31:19,lan/sala2/sensor/temp,28.63
2025-11-17 10:31:20,lan/sala1/sensor/hum,22.17
2025-11-17 10:31:21,lan/sala1/sensor/temp,28.4
2025-11-17 10:31:21,lan/sala2/sensor/temp,29.83
2025-11-17 10:31:22,lan/sala1/sensor/hum,22.6
2025-11-17 10:31:23,lan/sala1/sensor/temp,18.71
2025-11-17 10:31:23,lan/sala2/sensor/temp,18.21
2025-11-17 10:31:24,lan/sala1/sensor/hum,19.37
2025-11-17 10:31:25,lan/sala1/sensor/temp,18.6
2025-11-17 10:31:26,lan/sala2/sensor/temp,25.7
2025-11-17 10:31:26,lan/sala1/sensor/hum,25.35
2025-11-17 10:31:27,lan/sala1/sensor/temp,23.86
2025-11-17 10:31:28,lan/sala2/sensor/temp,26.34
2025-11-17 10:31:28,lan/sala1/sensor/hum,22.18
2025-11-17 10:31:29,lan/sala1/sensor/temp,19.93
2025-11-17 10:31:30,lan/sala2/sensor/temp,24.09
2025-11-17 10:31:30,lan/sala1/sensor/hum,20.38
2025-11-17 10:31:31,lan/sala1/sensor/temp,26.59
2025-11-17 10:31:31,lan/sala2/sensor/temp,23.46
2025-11-17 10:31:32,lan/sala1/sensor/hum,25.44
2025-11-17 10:31:33,lan/sala1/sensor/temp,27.43
2025-11-17 10:31:34,lan/sala2/sensor/temp,27.34
2025-11-17 10:31:34,lan/sala1/sensor/hum,22.1
2025-11-17 10:31:35,lan/sala1/sensor/temp,19.84
2025-11-17 10:31:35,lan/sala2/sensor/temp,28.56
2025-11-17 10:31:36,lan/sala1/sensor/hum,19.04
2025-11-17 10:31:37,lan/sala1/sensor/temp,20.42
2025-11-17 10:31:38,lan/sala2/sensor/temp,28.75
2025-11-17 10:31:38,lan/sala1/sensor/hum,28.5
2025-11-17 10:31:39,lan/sala1/sensor/temp,18.11
2025-11-17 10:31:40,lan/sala2/sensor/temp,26.92
2025-11-17 10:31:40,lan/sala1/sensor/hum,27.28
2025-11-17 10:31:41,lan/sala1/sensor/temp,27.87
2025-11-17 10:31:42,lan/sala2/sensor/temp,19.82
2025-11-17 10:31:42,lan/sala1/sensor/hum,21.91
2025-11-17 10:31:43,lan/sala1/sensor/temp,22.75
2025-11-17 10:31:44,lan/sala2/sensor/temp,20.37
2025-11-17 10:31:44,lan/sala1/sensor/hum,25.21
2025-11-17 10:31:45,lan/sala1/sensor/temp,18.86
2025-11-17 10:31:46,lan/sala2/sensor/temp,24.63
2025-11-17 10:31:46,lan/sala1/sensor/hum,18.42
2025-11-17 10:31:47,lan/sala1/sensor/temp,28.78
2025-11-17 10:31:48,lan/sala2/sensor/temp,23.85
2025-11-17 10:31:48,lan/sala1/sensor/hum,26.05
2025-11-17 10:31:49,lan/sala1/sensor/temp,25.32
2025-11-17 10:31:50,lan/sala2/sensor/temp,24.53
2025-11-17 10:31:50,lan/sala1/sensor/hum,18.89
2025-11-17 10:31:51,lan/sala1/sensor/temp,23.45
2025-11-17 10:31:52,lan/sala2/sensor/temp,18.76
2025-11-17 10:31:52,lan/sala1/sensor/hum,25.5
2025-11-17 10:31:53,lan/sala1/sensor/temp,25.3
2025-11-17 10:31:54,lan/sala2/sensor/temp,25.93
2025-11-17 10:31:54,lan/sala1/sensor/hum,25.86
2025-11-17 10:31:55,lan/sala1/sensor/temp,27.02
2025-11-17 10:31:56,lan/sala2/sensor/temp,23.73
2025-11-17 10:31:56,lan/sala1/sensor/hum,18.34
2025-11-17 10:31:57,lan/sala1/sensor/temp,19.37
2025-11-17 10:31:58,lan/sala2/sensor/temp,18.24
2025-11-17 10:31:58,lan/sala1/sensor/hum,27.11
2025-11-17 10:31:59,lan/sala1/sensor/temp,21.85
2025-11-17 10:32:00,lan/sala2/sensor/temp,18.6
2025-11-17 10:32:00,lan/sala1/sensor/hum,19.04
2025-11-17 10:32:01,lan/sala1/sensor/temp,29.22
2025-11-17 10:32:02,lan/sala2/sensor/temp,21.74
2025-11-17 10:32:02,lan/sala1/sensor/hum,28.19
2025-11-17 10:32:03,lan/sala1/sensor/temp,23.52
2025-11-17 10:32:04,lan/sala2/sensor/temp,18.79
2025-11-17 10:32:04,lan/sala1/sensor/hum,22.16
2025-11-17 10:32:05,lan/sala1/sensor/temp,21.72
2025-11-17 10:32:06,lan/sala2/sensor/temp,23.49
2025-11-17 10:32:06,lan/sala1/sensor/hum,18.86
2025-11-17 10:32:07,lan/sala1/sensor/temp,28.88
2025-11-17 10:32:08,lan/sala2/sensor/temp,23.45
2025-11-17 10:32:08,lan/sala1/sensor/hum,28.48
2025-11-17 10:32:09,lan/sala1/sensor/temp,23.78
2025-11-17 10:32:10,lan/sala2/sensor/temp,26.88
2025-11-17 10:32:10,lan/sala1/sensor/hum,21.56
2025-11-17 10:32:11,lan/sala1/sensor/temp,25.87
2025-11-17 10:32:12,lan/sala2/sensor/temp,28.58
2025-11-17 10:32:12,lan/sala1/sensor/hum,19.21
2025-11-17 10:32:13,lan/sala1/sensor/temp,30.0
2025-11-17 10:32:14,lan/sala2/sensor/temp,18.98
2025-11-17 10:32:14,lan/sala1/sensor/hum,19.67
2025-11-17 10:32:15,lan/sala1/sensor/temp,21.39
2025-11-17 10:32:16,lan/sala2/sensor/temp,29.57
2025-11-17 10:32:16,lan/sala1/sensor/hum,29.08
2025-11-17 10:32:17,lan/sala1/sensor/temp,23.7
2025-11-17 10:32:18,lan/sala2/sensor/temp,28.2
2025-11-17 10:32:18,lan/sala1/sensor/hum,25.58
2025-11-17 10:32:19,lan/sala1/sensor/temp,26.78
2025-11-17 10:32:20,lan/sala2/sensor/temp,27.45
2025-11-17 10:32:20,lan/sala1/sensor/hum,19.82
2025-11-17 10:32:21,lan/sala1/sensor/temp,25.14
2025-11-17 10:32:22,lan/sala2/sensor/temp,23.03
2025-11-17 10:32:22,lan/sala1/sensor/hum,28.14
2025-11-17 10:32:23,lan/sala1/sensor/temp,28.12
2025-11-17 10:32:24,lan/sala2/sensor/temp,23.19
2025-11-17 10:32:24,lan/sala1/sensor/hum,18.81
2025-11-17 10:32:25,lan/sala1/sensor/temp,27.72
2025-11-17 10:32:26,lan/sala2/sensor/temp,24.6
2025-11-17 10:32:26,lan/sala1/sensor/hum,27.16
2025-11-17 10:32:27,lan/sala1/sensor/temp,20.66
2025-11-17 10:32:28,lan/sala2/sensor/temp,23.24
2025-11-17 10:32:28,lan/sala1/sensor/hum,18.06
2025-11-17 10:32:29,lan/sala1/sensor/temp,28.72
2025-11-17 10:32:30,lan/sala2/sensor/temp,23.2
2025-11-17 10:32:30,lan/sala1/sensor/hum,20.03
2025-11-17 10:32:31,lan/sala1/sensor/temp,29.02
2025-11-17 10:32:32,lan/sala2/sensor/temp,24.27
2025-11-17 10:32:32,lan/sala1/sensor/hum,18.57
2025-11-17 10:32:33,lan/sala1/sensor/temp,22.77
2025-11-17 10:32:34,lan/sala2/sensor/temp,18.34
2025-11-17 10:32:34,lan/sala1/sensor/hum,22.66
2025-11-17 10:32:35,lan/sala1/sensor/temp,25.63
2025-11-17 10:32:36,lan/sala2/sensor/temp,22.63
2025-11-17 10:32:36,lan/sala1/sensor/hum,27.25
2025-11-17 10:32:37,lan/sala1/sensor/temp,20.92
2025-11-17 10:32:38,lan/sala2/sensor/temp,25.6
2025-11-17 10:32:38,lan/sala1/sensor/hum,28.7
2025-11-17 10:32:39,lan/sala1/sensor/temp,26.38
2025-11-17 10:32:40,lan/sala2/sensor/temp,27.55
2025-11-17 10:32:40,lan/sala1/sensor/hum,18.88
2025-11-17 10:32:41,lan/sala1/sensor/temp,28.6
2025-11-17 10:32:42,lan/sala2/sensor/temp,19.73
2025-11-17 10:32:42,lan/sala1/sensor/hum,24.19
2025-11-17 10:32:43,lan/sala1/sensor/temp,22.29
2025-11-17 10:32:44,lan/sala2/sensor/temp,29.43
2025-11-17 10:32:44,lan/sala1/sensor/hum,28.0
2025-11-17 10:32:45,lan/sala1/sensor/temp,20.47
2025-11-17 10:32:46,lan/sala2/sensor/temp,26.25
2025-11-17 10:32:46,lan/sala1/sensor/hum,19.98
2025-11-17 10:32:47,lan/sala1/sensor/temp,26.32
2025-11-17 10:32:48,lan/sala2/sensor/temp,20.32
2025-11-17 10:32:48,lan/sala1/sensor/hum,29.11
2025-11-17 10:32:49,lan/sala1/sensor/temp,23.24
2025-11-17 10:32:50,lan/sala2/sensor/temp,24.62
2025-11-17 10:32:50,lan/sala1/sensor/hum,27.43
2025-11-17 10:32:51,lan/sala1/sensor/temp,20.77
2025-11-17 10:32:52,lan/sala2/sensor/temp,25.05
2025-11-17 10:32:52,lan/sala1/sensor/hum,27.51
2025-11-17 10:32:53,lan/sala1/sensor/temp,21.67
2025-11-17 10:32:54,lan/sala2/sensor/temp,29.97
2025-11-17 10:32:54,lan/sala1/sensor/hum,21.87
2025-11-17 10:32:55,lan/sala1/sensor/temp,27.09
2025-11-17 10:32:56,lan/sala2/sensor/temp,23.53
2025-11-17 10:32:56,lan/sala1/sensor/hum,25.06
2025-11-17 10:32:57,lan/sala1/sensor/temp,29.78
2025-11-17 10:32:58,lan/sala2/sensor/temp,23.46
2025-11-17 10:32:58,lan/sala1/sensor/hum,20.77
2025-11-17 10:32:59,lan/sala1/sensor/temp,18.91
2025-11-17 10:33:00,lan/sala2/sensor/temp,18.43
2025-11-17 10:33:00,lan/sala1/sensor/hum,20.58
2025-11-17 10:33:01,lan/sala1/sensor/temp,25.4
2025-11-17 10:33:02,lan/sala2/sensor/temp,26.4
2025-11-17 10:33:02,lan/sala1/sensor/hum,20.74
2025-11-17 10:33:03,lan/sala1/sensor/temp,26.4
2025-11-17 10:33:04,lan/sala2/sensor/temp,21.53
2025-11-17 10:33:04,lan/sala1/sensor/hum,19.14
2025-11-17 10:33:05,lan/sala1/sensor/temp,28.39
2025-11-17 10:33:06,lan/sala2/sensor/temp,21.04
2025-11-17 10:33:06,lan/sala1/sensor/hum,24.7
2025-11-17 10:33:07,lan/sala1/sensor/temp,24.46
2025-11-17 10:33:08,lan/sala2/sensor/temp,19.9
2025-11-17 10:33:08,lan/sala1/sensor/hum,25.83
2025-11-17 10:33:09,lan/sala1/sensor/temp,26.45
2025-11-17 10:33:10,lan/sala2/sensor/temp,23.23
2025-11-17 10:33:10,lan/sala1/sensor/hum,19.41
2025-11-17 10:33:11,lan/sala1/sensor/temp,25.24
2025-11-17 10:33:12,lan/sala2/sensor/temp,18.19
2025-11-17 10:33:12,lan/sala1/sensor/hum,18.54
2025-11-17 10:33:13,lan/sala1/sensor/temp,23.43
2025-11-17 10:33:14,lan/sala2/sensor/temp,29.1
2025-11-17 10:33:14,lan/sala1/sensor/hum,28.62
2025-11-17 10:33:15,lan/sala1/sensor/temp,27.88
2025-11-17 10:33:16,lan/sala2/sensor/temp,20.16
2025-11-17 10:33:16,lan/sala1/sensor/hum,18.96
2025-11-17 10:33:17,lan/sala1/sensor/temp,26.2
2025-11-17 10:33:18,lan/sala2/sensor/temp,21.33
2025-11-17 10:33:18,lan/sala1/sensor/hum,19.73
2025-11-17 10:33:19,lan/sala1/sensor/temp,26.76
2025-11-17 10:33:20,lan/sala2/sensor/temp,21.41
2025-11-17 10:33:20,lan/sala1/sensor/hum,19.69
2025-11-17 10:33:21,lan/sala1/sensor/temp,21.61
2025-11-17 10:33:22,lan/sala2/sensor/temp,26.06
2025-11-17 10:33:22,lan/sala1/sensor/hum,18.17
2025-11-17 10:33:23,lan/sala1/sensor/temp,18.35
2025-11-17 10:33:24,lan/sala2/sensor/temp,26.76
2025-11-17 10:33:24,lan/sala1/sensor/hum,24.77
2025-11-17 10:33:25,lan/sala1/sensor/temp,29.28
2025-11-17 10:33:26,lan/sala2/sensor/temp,20.18
2025-11-17 10:33:26,lan/sala1/sensor/hum,28.25
2025-11-17 10:33:27,lan/sala1/sensor/temp,22.04
2025-11-17 10:33:28,lan/sala2/sensor/temp,26.83
2025-11-17 10:33:28,lan/sala1/sensor/hum,27.83
2025-11-17 10:33:29,lan/sala1/sensor/temp,27.82
2025-11-17 10:33:30,lan/sala2/sensor/temp,23.12
2025-11-17 10:33:30,lan/sala1/sensor/hum,28.8
2025-11-17 10:33:31,lan/sala1/sensor/temp,23.83
2025-11-17 10:33:32,lan/sala2/sensor/temp,19.34
2025-11-17 10:33:32,lan/sala1/sensor/hum,24.17
2025-11-17 10:33:33,lan/sala1/sensor/temp,24.89
2025-11-17 10:33:34,lan/sala2/sensor/temp,24.03
2025-11-17 10:33:34,lan/sala1/sensor/hum,28.49
2025-11-17 10:33:35,lan/sala1/sensor/temp,25.0
2025-11-17 10:33:36,lan/sala2/sensor/temp,22.46
2025-11-17 10:33:36,lan/sala1/sensor/hum,29.38
2025-11-17 10:33:37,lan/sala1/sensor/temp,25.88
2025-11-17 10:33:38,lan/sala2/sensor/temp,20.99
2025-11-17 10:33:38,lan/sala1/sensor/hum,23.0
2025-11-17 10:33:39,lan/sala1/sensor/temp,22.01
2025-11-17 10:33:40,lan/sala2/sensor/temp,19.07
2025-11-17 10:33:40,lan/sala1/sensor/hum,25.9
2025-11-17 10:33:41,lan/sala1/sensor/temp,25.6
2025-11-17 10:33:42,lan/sala2/sensor/temp,28.73
2025-11-17 10:33:42,lan/sala1/sensor/hum,27.6
2025-11-17 10:33:43,lan/sala1/sensor/temp,20.74
2025-11-17 10:33:44,lan/sala2/sensor/temp,24.35
2025-11-17 10:33:44,lan/sala1/sensor/hum,29.3
2025-11-17 10:33:45,lan/sala1/sensor/temp,28.35
2025-11-17 10:33:46,lan/sala2/sensor/temp,27.92
2025-11-17 10:33:46,lan/sala1/sensor/hum,28.55
2025-11-17 10:33:47,lan/sala1/sensor/temp,21.9
2025-11-17 10:33:48,lan/sala2/sensor/temp,19.23
2025-11-17 10:33:48,lan/sala1/sensor/hum,25.42
2025-11-17 10:33:49,lan/sala1/sensor/temp,26.08
2025-11-17 10:33:50,lan/sala2/sensor/temp,24.22
2025-11-17 10:33:50,lan/sala1/sensor/hum,28.31
2025-11-17 10:33:51,lan/sala1/sensor/temp,26.36
2025-11-17 10:33:52,lan/sala2/sensor/temp,21.16
2025-11-17 10:33:52,lan/sala1/sensor/hum,18.18
2025-11-17 10:33:53,lan/sala1/sensor/temp,28.58
2025-11-17 10:33:54,lan/sala2/sensor/temp,23.51
2025-11-17 10:33:54,lan/sala1/sensor/hum,24.41
2025-11-17 10:33:55,lan/sala1/sensor/temp,19.11
2025-11-17 10:33:56,lan/sala2/sensor/temp,24.35
2025-11-17 10:33:56,lan/sala1/sensor/hum,20.21
2025-11-17 10:33:57,lan/sala1/sensor/temp,29.44
2025-11-17 10:33:58,lan/sala2/sensor/temp,21.07
2025-11-17 10:33:58,lan/sala1/sensor/hum,24.16
2025-11-17 10:33:59,lan/sala1/sensor/temp,26.59
2025-11-17 10:34:00,lan/sala2/sensor/temp,27.67
2025-11-17 10:34:00,lan/sala1/sensor/hum,22.9
2025-11-17 10:34:01,lan/sala1/sensor/temp,24.21
2025-11-17 10:34:02,lan/sala2/sensor/temp,27.03
2025-11-17 10:34:02,lan/sala1/sensor/hum,25.2
2025-11-17 10:34:03,lan/sala1/sensor/temp,19.12
2025-11-17 10:34:04,lan/sala2/sensor/temp,23.42
2025-11-17 10:34:04,lan/sala1/sensor/hum,24.59
2025-11-17 10:34:05,lan/sala1/sensor/temp,22.98
2025-11-17 10:34:06,lan/sala2/sensor/temp,22.0
2025-11-17 10:34:06,lan/sala1/sensor/hum,29.04
2025-11-17 10:34:07,lan/sala1/sensor/temp,20.98
2025-11-17 10:34:08,lan/sala2/sensor/temp,29.99
2025-11-17 10:34:08,lan/sala1/sensor/hum,18.48
2025-11-17 10:34:09,lan/sala1/sensor/temp,18.16
2025-11-17 10:34:10,lan/sala2/sensor/temp,29.27
2025-11-17 10:34:10,lan/sala1/sensor/hum,19.77
2025-11-17 10:34:11,lan/sala1/sensor/temp,20.65
2025-11-17 10:34:12,lan/sala2/sensor/temp,26.41
2025-11-17 10:34:12,lan/sala1/sensor/hum,29.75
2025-11-17 10:34:13,lan/sala1/sensor/temp,24.72
2025-11-17 10:34:14,lan/sala2/sensor/temp,28.11
2025-11-17 10:34:14,lan/sala1/sensor/hum,24.08
2025-11-17 10:34:15,lan/sala1/sensor/temp,20.17
2025-11-17 10:34:16,lan/sala2/sensor/temp,19.91
2025-11-17 10:34:16,lan/sala1/sensor/hum,24.67
2025-11-17 10:34:17,lan/sala1/sensor/temp,22.32
2025-11-17 10:34:18,lan/sala2/sensor/temp,27.33
2025-11-17 10:34:18,lan/sala1/sensor/hum,27.85
2025-11-17 10:34:19,lan/sala1/sensor/temp,29.24
2025-11-17 10:34:20,lan/sala2/sensor/temp,18.57
2025-11-17 10:34:20,lan/sala1/sensor/hum,22.71
2025-11-17 10:34:21,lan/sala1/sensor/temp,25.0
2025-11-17 10:34:22,lan/sala2/sensor/temp,21.48
2025-11-17 10:34:22,lan/sala1/sensor/hum,24.39
2025-11-17 10:34:23,lan/sala1/sensor/temp,24.12
2025-11-17 10:34:24,lan/sala2/sensor/temp,24.19
2025-11-17 10:34:24,lan/sala1/sensor/hum,21.44
2025-11-17 10:34:25,lan/sala1/sensor/temp,26.17
2025-11-17 10:34:26,lan/sala2/sensor/temp,20.76
2025-11-17 10:34:26,lan/sala1/sensor/hum,25.74
2025-11-17 10:34:27,lan/sala1/sensor/temp,28.65
2025-11-17 10:34:28,lan/sala2/sensor/temp,25.3
2025-11-17 10:34:28,lan/sala1/sensor/hum,28.51
2025-11-17 10:34:29,lan/sala1/sensor/temp,29.73
2025-11-17 10:34:30,lan/sala2/sensor/temp,24.32
2025-11-17 10:34:30,lan/sala1/sensor/hum,29.74
2025-11-17 10:34:31,lan/sala1/sensor/temp,27.39
2025-11-17 10:34:32,lan/sala2/sensor/temp,25.91
2025-11-17 10:34:32,lan/sala1/sensor/hum,29.49
2025-11-17 10:34:33,lan/sala1/sensor/temp,20.62
2025-11-17 10:34:34,lan/sala2/sensor/temp,21.36
2025-11-17 10:34:34,lan/sala1/sensor/hum,18.95
2025-11-17 10:34:35,lan/sala1/sensor/temp,29.41
2025-11-17 10:34:36,lan/sala2/sensor/temp,24.55
2025-11-17 10:34:36,lan/sala1/sensor/hum,27.44
2025-11-17 10:34:37,lan/sala1/sensor/temp,28.74
2025-11-17 10:34:38,lan/sala2/sensor/temp,29.03
2025-11-17 10:34:38,lan/sala1/sensor/hum,21.17
2025-11-17 10:34:39,lan/sala1/sensor/temp,25.35
2025-11-17 10:34:40,lan/sala2/sensor/temp,20.41
2025-11-17 10:34:40,lan/sala1/sensor/hum,18.46
2025-11-17 10:34:41,lan/sala1/sensor/temp,18.84
2025-11-17 10:34:42,lan/sala2/sensor/temp,18.06
2025-11-17 10:34:42,lan/sala1/sensor/hum,19.16
2025-11-17 10:34:43,lan/sala1/sensor/temp,25.26
2025-11-17 10:34:44,lan/sala2/sensor/temp,28.52
2025-11-17 10:34:44,lan/sala1/sensor/hum,23.55
2025-11-17 10:34:45,lan/sala1/sensor/temp,19.05
2025-11-17 10:34:46,lan/sala2/sensor/temp,24.26
2025-11-17 10:34:46,lan/sala1/sensor/hum,26.46
2025-11-17 10:34:47,lan/sala1/sensor/temp,25.81
2025-11-17 10:34:48,lan/sala2/sensor/temp,21.05
2025-11-17 10:34:48,lan/sala1/sensor/hum,27.14
2025-11-17 10:34:49,lan/sala1/sensor/temp,25.07
2025-11-17 10:34:50,lan/sala2/sensor/temp,23.49
2025-11-17 10:34:50,lan/sala1/sensor/hum,20.7
2025-11-17 10:34:51,lan/sala1/sensor/temp,18.82
2025-11-17 10:34:52,lan/sala2/sensor/temp,22.37
2025-11-17 10:34:52,lan/sala1/sensor/hum,29.44
2025-11-17 10:34:53,lan/sala1/sensor/temp,21.46
2025-11-17 10:34:54,lan/sala2/sensor/temp,18.33
2025-11-17 10:34:54,lan/sala1/sensor/hum,29.21
2025-11-17 10:34:55,lan/sala1/sensor/temp,26.35
2025-11-17 10:34:56,lan/sala2/sensor/temp,20.95
2025-11-17 10:34:56,lan/sala1/sensor/hum,20.36
2025-11-17 10:34:57,lan/sala1/sensor/temp,25.55
2025-11-17 10:34:58,lan/sala2/sensor/temp,28.33
2025-11-17 10:34:58,lan/sala1/sensor/hum,21.54
2025-11-17 10:34:59,lan/sala1/sensor/temp,27.3
2025-11-17 10:35:00,lan/sala2/sensor/temp,22.29
2025-11-17 10:35:00,lan/sala1/sensor/hum,27.23
2025-11-17 10:35:01,lan/sala1/sensor/temp,20.37
2025-11-17 10:35:02,lan/sala2/sensor/temp,25.78
2025-11-17 10:35:02,lan/sala1/sensor/hum,26.19
2025-11-17 10:35:03,lan/sala1/sensor/temp,20.14
2025-11-17 10:35:04,lan/sala2/sensor/temp,20.38
2025-11-17 10:35:04,lan/sala1/sensor/hum,25.29
2025-11-17 10:35:05,lan/sala1/sensor/temp,27.43
2025-11-17 10:35:06,lan/sala2/sensor/temp,25.79
2025-11-17 10:35:06,lan/sala1/sensor/hum,21.32
2025-11-17 10:35:07,lan/sala1/sensor/temp,20.73
2025-11-17 10:35:08,lan/sala2/sensor/temp,28.02
2025-11-17 10:35:08,lan/sala1/sensor/hum,24.85
2025-11-17 10:35:09,lan/sala1/sensor/temp,27.18
2025-11-17 10:35:10,lan/sala2/sensor/temp,24.55
2025-11-17 10:35:10,lan/sala1/sensor/hum,20.01
2025-11-17 10:35:11,lan/sala1/sensor/temp,21.84
2025-11-17 10:35:12,lan/sala2/sensor/temp,21.78
2025-11-17 10:35:12,lan/sala1/sensor/hum,26.23
2025-11-17 10:35:13,lan/sala1/sensor/temp,24.4
2025-11-17 10:35:14,lan/sala2/sensor/temp,25.45
2025-11-17 10:35:14,lan/sala1/sensor/hum,25.7
2025-11-17 10:35:15,lan/sala1/sensor/temp,29.84
2025-11-17 10:35:16,lan/sala2/sensor/temp,26.92
2025-11-17 10:35:16,lan/sala1/sensor/hum,28.87
2025-11-17 10:35:17,lan/sala1/sensor/temp,29.25
2025-11-17 10:35:18,lan/sala2/sensor/temp,21.1
2025-11-17 10:35:18,lan/sala1/sensor/hum,26.0
2025-11-17 10:35:19,lan/sala1/sensor/temp,22.67
2025-11-17 10:35:20,lan/sala2/sensor/temp,19.29
2025-11-17 10:35:20,lan/sala1/sensor/hum,25.19
2025-11-17 10:35:21,lan/sala1/sensor/temp,25.29
2025-11-17 10:35:22,lan/sala2/sensor/temp,22.16
2025-11-17 10:35:22,lan/sala1/sensor/hum,24.3
2025-11-17 10:35:23,lan/sala1/sensor/temp,24.73
2025-11-17 10:35:24,lan/sala2/sensor/temp,20.41
2025-11-17 10:35:24,lan/sala1/sensor/hum,26.55
2025-11-17 10:35:25,lan/sala1/sensor/temp,19.9
2025-11-17 10:35:26,lan/sala2/sensor/temp,22.18
2025-11-17 10:35:26,lan/sala1/sensor/hum,19.28
2025-11-17 10:35:27,lan/sala1/sensor/temp,26.87
2025-11-17 10:35:28,lan/sala2/sensor/temp,22.0
2025-11-17 10:35:28,lan/sala1/sensor/hum,26.33
2025-11-17 10:35:29,lan/sala1/sensor/temp,27.94
2025-11-17 10:35:30,lan/sala2/sensor/temp,20.13
2025-11-17 10:35:30,lan/sala1/sensor/hum,28.41
2025-11-17 10:35:31,lan/sala1/sensor/temp,22.79
2025-11-17 10:35:32,lan/sala2/sensor/temp,29.43
2025-11-17 10:35:32,lan/sala1/sensor/hum,24.31
2025-11-17 10:35:33,lan/sala1/sensor/temp,21.64
2025-11-17 10:35:34,lan/sala2/sensor/temp,29.77
2025-11-17 10:35:34,lan/sala1/sensor/hum,29.22
2025-11-17 10:35:35,lan/sala1/sensor/temp,20.22
2025-11-17 10:35:36,lan/sala2/sensor/temp,21.22
2025-11-17 10:35:36,lan/sala1/sensor/hum,18.05
2025-11-17 10:35:37,lan/sala1/sensor/temp,20.27
2025-11-17 10:35:38,lan/sala2/sensor/temp,27.61
2025-11-17 10:35:38,lan/sala1/sensor/hum,18.06
2025-11-17 10:35:39,lan/sala1/sensor/temp,19.54
2025-11-17 10:35:40,lan/sala2/sensor/temp,18.92
2025-11-17 10:35:40,lan/sala1/sensor/hum,24.45
2025-11-17 10:35:41,lan/sala1/sensor/temp,26.86
2025-11-17 10:35:42,lan/sala2/sensor/temp,21.22
2025-11-17 10:35:42,lan/sala1/sensor/hum,21.08
2025-11-17 10:35:43,lan/sala1/sensor/temp,29.55
2025-11-17 10:35:44,lan/sala2/sensor/temp,20.23
2025-11-17 10:35:44,lan/sala1/sensor/hum,24.81
2025-11-17 10:35:45,lan/sala1/sensor/temp,24.68
2025-11-17 10:35:46,lan/sala2/sensor/temp,19.56
2025-11-17 10:35:46,lan/sala1/sensor/hum,28.22
2025-11-17 10:35:47,lan/sala1/sensor/temp,28.03
2025-11-17 10:35:48,lan/sala2/sensor/temp,24.33
2025-11-17 10:35:48,lan/sala1/sensor/hum,24.27
2025-11-17 10:35:49,lan/sala1/sensor/temp,22.05
2025-11-17 10:35:50,lan/sala2/sensor/temp,19.33
2025-11-17 10:35:50,lan/sala1/sensor/hum,28.08
2025-11-17 10:35:51,lan/sala1/sensor/temp,26.28
2025-11-17 10:35:52,lan/sala2/sensor/temp,19.63
2025-11-17 10:35:52,lan/sala1/sensor/hum,27.59
2025-11-17 10:35:53,lan/sala1/sensor/temp,28.9
2025-11-17 10:35:54,lan/sala2/sensor/temp,25.53
2025-11-17 10:35:54,lan/sala1/sensor/hum,19.74
2025-11-17 10:35:55,lan/sala1/sensor/temp,28.84
2025-11-17 10:35:56,lan/sala2/sensor/temp,29.18
2025-11-17 10:35:56,lan/sala1/sensor/hum,27.49
2025-11-17 10:35:57,lan/sala1/sensor/temp,29.39
2025-11-17 10:35:58,lan/sala2/sensor/temp,28.43
2025-11-17 10:35:58,lan/sala1/sensor/hum,27.07
2025-11-17 10:35:59,lan/sala1/sensor/temp,24.59
2025-11-17 10:36:00,lan/sala2/sensor/temp,23.63
2025-11-17 10:36:01,lan/sala1/sensor/hum,29.81
2025-11-17 10:36:01,lan/sala1/sensor/temp,26.86
2025-11-17 10:36:02,lan/sala2/sensor/temp,27.97
2025-11-17 10:36:02,lan/sala1/sensor/hum,28.66
2025-11-17 10:36:03,lan/sala1/sensor/temp,19.6
2025-11-17 10:36:04,lan/sala2/sensor/temp,24.05
2025-11-17 10:36:04,lan/sala1/sensor/hum,20.3
2025-11-17 10:36:05,lan/sala1/sensor/temp,20.32
2025-11-17 10:36:06,lan/sala2/sensor/temp,20.6
2025-11-17 10:36:06,lan/sala1/sensor/hum,28.85
2025-11-17 10:36:07,lan/sala1/sensor/temp,23.78
2025-11-17 10:36:08,lan/sala2/sensor/temp,21.5
2025-11-17 10:36:08,lan/sala1/sensor/hum,26.72
2025-11-17 10:36:09,lan/sala1/sensor/temp,20.11
2025-11-17 10:36:10,lan/sala2/sensor/temp,29.8
2025-11-17 10:36:10,lan/sala1/sensor/hum,26.63
2025-11-17 10:36:11,lan/sala1/sensor/temp,20.29
2025-11-17 10:36:12,lan/sala2/sensor/temp,28.72
2025-11-17 10:36:12,lan/sala1/sensor/hum,26.71
2025-11-17 10:36:13,lan/sala1/sensor/temp,19.52
2025-11-17 10:36:14,lan/sala2/sensor/temp,25.1
2025-11-17 10:36:14,lan/sala1/sensor/hum,21.02
2025-11-17 10:36:15,lan/sala1/sensor/temp,20.77
2025-11-17 10:36:16,lan/sala2/sensor/temp,21.37
2025-11-17 10:36:16,lan/sala1/sensor/hum,25.8
2025-11-17 10:36:17,lan/sala1/sensor/temp,27.87
2025-11-17 10:36:18,lan/sala2/sensor/temp,24.93
2025-11-17 10:36:18,lan/sala1/sensor/hum,18.26
2025-11-17 10:36:19,lan/sala1/sensor/temp,29.31
2025-11-17 10:36:20,lan/sala2/sensor/temp,21.68
2025-11-17 10:36:20,lan/sala1/sensor/hum,22.47
2025-11-17 10:36:21,lan/sala1/sensor/temp,28.31
2025-11-17 10:36:22,lan/sala2/sensor/temp,27.86
2025-11-17 10:36:22,lan/sala1/sensor/hum,24.23
2025-11-17 10:36:23,lan/sala1/sensor/temp,22.24
2025-11-17 10:36:24,lan/sala2/sensor/temp,18.25
2025-11-17 10:36:24,lan/sala1/sensor/hum,26.81
2025-11-17 10:36:25,lan/sala1/sensor/temp,22.35
2025-11-17 10:36:26,lan/sala2/sensor/temp,27.84
2025-11-17 10:36:26,lan/sala1/sensor/hum,24.05
2025-11-17 10:36:27,lan/sala1/sensor/temp,24.38
2025-11-17 10:36:28,lan/sala2/sensor/temp,21.16
2025-11-17 10:36:28,lan/sala1/sensor/hum,28.83
2025-11-17 10:36:29,lan/sala1/sensor/temp,19.16
2025-11-17 10:36:30,lan/sala2/sensor/temp,21.94
2025-11-17 10:36:30,lan/sala1/sensor/hum,18.82
2025-11-17 10:36:31,lan/sala1/sensor/temp,26.19
2025-11-17 10:36:32,lan/sala2/sensor/temp,28.83
2025-11-17 10:36:32,lan/sala1/sensor/hum,24.57
2025-11-17 10:36:33,lan/sala1/sensor/temp,23.11
2025-11-17 10:36:34,lan/sala2/sensor/temp,23.74
2025-11-17 10:36:34,lan/sala1/sensor/hum,28.87
2025-11-17 10:36:35,lan/sala1/sensor/temp,25.65
2025-11-17 10:36:36,lan/sala2/sensor/temp,25.85
2025-11-17 10:36:37,lan/sala1/sensor/hum,19.97
2025-11-17 10:36:37,lan/sala1/sensor/temp,19.81
2025-11-17 10:36:38,lan/sala2/sensor/temp,28.93
2025-11-17 10:36:39,lan/sala1/sensor/hum,18.8
2025-11-17 10:36:39,lan/sala1/sensor/temp,23.73
2025-11-17 10:36:40,lan/sala2/sensor/temp,18.3
2025-11-17 10:36:41,lan/sala1/sensor/hum,21.44
2025-11-17 10:36:41,lan/sala1/sensor/temp,18.16
2025-11-17 10:36:42,lan/sala2/sensor/temp,28.43
2025-11-17 10:36:43,lan/sala1/sensor/hum,22.47
2025-11-17 10:36:43,lan/sala1/sensor/temp,21.14
2025-11-17 10:36:44,lan/sala2/sensor/temp,18.34
2025-11-17 10:36:44,lan/sala1/sensor/hum,19.61
2025-11-17 10:36:45,lan/sala1/sensor/temp,27.19
2025-11-17 10:36:46,lan/sala2/sensor/temp,23.05
2025-11-17 10:36:46,lan/sala1/sensor/hum,27.99
2025-11-17 10:36:47,lan/sala1/sensor/temp,24.1
2025-11-17 10:36:48,lan/sala2/sensor/temp,19.27
2025-11-17 10:36:48,lan/sala1/sensor/hum,20.25
2025-11-17 10:36:49,lan/sala1/sensor/temp,22.75
2025-11-17 10:36:50,lan/sala2/sensor/temp,26.1
2025-11-17 10:36:51,lan/sala1/sensor/hum,23.48
2025-11-17 10:36:51,lan/sala1/sensor/temp,18.69
2025-11-17 10:36:52,lan/sala2/sensor/temp,28.59
2025-11-17 10:36:52,lan/sala1/sensor/hum,20.19
2025-11-17 10:36:53,lan/sala1/sensor/temp,18.49
2025-11-17 10:36:54,lan/sala2/sensor/temp,25.4
2025-11-17 10:36:55,lan/sala1/sensor/hum,28.94
2025-11-17 10:36:55,lan/sala1/sensor/temp,26.05
2025-11-17 10:36:56,lan/sala2/sensor/temp,22.88
2025-11-17 10:36:57,lan/sala1/sensor/hum,25.4
2025-11-17 10:36:57,lan/sala1/sensor/temp,28.48
2025-11-17 10:36:58,lan/sala2/sensor/temp,28.24
2025-11-17 10:36:59,lan/sala1/sensor/hum,20.05
2025-11-17 10:36:59,lan/sala1/sensor/temp,24.35
2025-11-17 10:37:00,lan/sala2/sensor/temp,29.05
2025-11-17 10:37:01,lan/sala1/sensor/hum,18.98
2025-11-17 10:37:01,lan/sala1/sensor/temp,24.02
2025-11-17 10:37:02,lan/sala2/sensor/temp,19.98
2025-11-17 10:37:03,lan/sala1/sensor/hum,18.09
2025-11-17 10:37:03,lan/sala1/sensor/temp,18.2
2025-11-17 10:37:04,lan/sala2/sensor/temp,24.37
2025-11-17 10:37:05,lan/sala1/sensor/hum,26.64
2025-11-17 10:37:05,lan/sala1/sensor/temp,27.75
2025-11-17 10:37:06,lan/sala2/sensor/temp,21.48
2025-11-17 10:37:07,lan/sala1/sensor/hum,29.85
2025-11-17 10:37:07,lan/sala1/sensor/temp,19.19
2025-11-17 10:37:08,lan/sala2/sensor/temp,19.96
2025-11-17 10:37:09,lan/sala1/sensor/hum,28.08
2025-11-17 10:37:09,lan/sala1/sensor/temp,18.8
2025-11-17 10:37:10,lan/sala2/sensor/temp,26.66
2025-11-17 10:37:11,lan/sala1/sensor/hum,25.51
2025-11-17 10:37:11,lan/sala1/sensor/temp,19.86
2025-11-17 10:37:12,lan/sala2/sensor/temp,28.39
2025-11-17 10:37:13,lan/sala1/sensor/hum,20.88
2025-11-17 10:37:13,lan/sala1/sensor/temp,24.46
2025-11-17 10:37:14,lan/sala2/sensor/temp,26.58
2025-11-17 10:37:15,lan/sala1/sensor/hum,19.45
2025-11-17 10:37:15,lan/sala1/sensor/temp,20.74
2025-11-17 10:37:16,lan/sala2/sensor/temp,24.47
2025-11-17 10:37:17,lan/sala1/sensor/hum,26.76
2025-11-17 10:37:17,lan/sala1/sensor/temp,18.11
2025-11-17 10:37:18,lan/sala2/sensor/temp,22.16
2025-11-17 10:37:19,lan/sala1/sensor/hum,29.0
2025-11-17 10:37:19,lan/sala1/sensor/temp,19.28
2025-11-17 10:37:20,lan/sala2/sensor/temp,26.57
2025-11-17 10:37:21,lan/sala1/sensor/hum,23.99
2025-11-17 10:37:21,lan/sala1/sensor/temp,28.05
2025-11-17 10:37:22,lan/sala2/sensor/temp,19.6
2025-11-17 10:37:23,lan/sala1/sensor/hum,20.81
2025-11-17 10:37:23,lan/sala1/sensor/temp,23.57
2025-11-17 10:37:24,lan/sala2/sensor/temp,21.31
2025-11-17 10:37:25,lan/sala1/sensor/hum,25.99
2025-11-17 10:37:25,lan/sala1/sensor/temp,23.45
2025-11-17 10:37:26,lan/sala2/sensor/temp,29.37
2025-11-17 10:37:27,lan/sala1/sensor/hum,21.39
2025-11-17 10:37:27,lan/sala1/sensor/temp,28.97
2025-11-17 10:37:28,lan/sala2/sensor/temp,29.08
2025-11-17 10:37:29,lan/sala1/sensor/hum,28.27
2025-11-17 10:37:29,lan/sala1/sensor/temp,25.8
2025-11-17 10:37:30,lan/sala2/sensor/temp,25.3
2025-11-17 10:37:31,lan/sala1/sensor/hum,19.17
2025-11-17 10:37:31,lan/sala1/sensor/temp,25.79
2025-11-17 10:37:32,lan/sala2/sensor/temp,23.46
2025-11-17 10:37:33,lan/sala1/sensor/hum,18.86
2025-11-17 10:37:33,lan/sala1/sensor/temp,21.77
2025-11-17 10:37:34,lan/sala2/sensor/temp,18.34
2025-11-17 10:37:35,lan/sala1/sensor/hum,21.92
2025-11-17 10:37:35,lan/sala1/sensor/temp,26.19
2025-11-17 10:37:36,lan/sala2/sensor/temp,19.82
2025-11-17 10:37:37,lan/sala1/sensor/hum,27.93
2025-11-17 10:37:37,lan/sala1/sensor/temp,27.45
2025-11-17 10:37:38,lan/sala2/sensor/temp,24.69
2025-11-17 10:37:39,lan/sala1/sensor/hum,20.48
2025-11-17 10:37:39,lan/sala1/sensor/temp,18.35
2025-11-17 10:37:40,lan/sala2/sensor/temp,21.51
2025-11-17 10:37:41,lan/sala1/sensor/hum,23.17
2025-11-17 10:37:41,lan/sala1/sensor/temp,25.73
2025-11-17 10:37:42,lan/sala2/sensor/temp,18.93
2025-11-17 10:37:43,lan/sala1/sensor/hum,26.66
2025-11-17 10:37:43,lan/sala1/sensor/temp,28.48
2025-11-17 10:37:44,lan/sala2/sensor/temp,24.35
2025-11-17 10:37:45,lan/sala1/sensor/hum,28.69
2025-11-17 10:37:45,lan/sala1/sensor/temp,23.92
2025-11-17 10:37:46,lan/sala2/sensor/temp,20.96
2025-11-17 10:37:47,lan/sala1/sensor/hum,27.51
2025-11-17 10:37:47,lan/sala1/sensor/temp,21.91
2025-11-17 10:37:48,lan/sala2/sensor/temp,21.96
2025-11-17 10:37:49,lan/sala1/sensor/hum,21.29
2025-11-17 10:37:49,lan/sala1/sensor/temp,19.18
2025-11-17 10:37:50,lan/sala2/sensor/temp,26.07
2025-11-17 10:37:51,lan/sala1/sensor/hum,18.56
2025-11-17 10:37:51,lan/sala1/sensor/temp,21.1
2025-11-17 10:37:52,lan/sala2/sensor/temp,22.9
2025-11-17 10:37:53,lan/sala1/sensor/hum,22.7
2025-11-17 10:37:53,lan/sala1/sensor/temp,23.77
2025-11-17 10:37:54,lan/sala2/sensor/temp,18.71
2025-11-17 10:37:55,lan/sala1/sensor/hum,26.12
2025-11-17 10:37:55,lan/sala1/sensor/temp,24.93
2025-11-17 10:37:56,lan/sala2/sensor/temp,24.26
2025-11-17 10:37:57,lan/sala1/sensor/hum,21.54
2025-11-17 10:37:57,lan/sala1/sensor/temp,19.33
2025-11-17 10:37:58,lan/sala2/sensor/temp,21.71
2025-11-17 10:37:59,lan/sala1/sensor/hum,24.28
2025-11-17 10:37:59,lan/sala1/sensor/temp,20.6
2025-11-17 10:38:00,lan/sala2/sensor/temp,24.36
2025-11-17 10:38:01,lan/sala1/sensor/hum,20.42
2025-11-17 10:38:01,lan/sala1/sensor/temp,27.26
2025-11-17 10:38:02,lan/sala2/sensor/temp,19.71
2025-11-17 10:38:03,lan/sala1/sensor/hum,26.63
2025-11-17 10:38:03,lan/sala1/sensor/temp,28.59
2025-11-17 10:38:04,lan/sala2/sensor/temp,23.86
2025-11-17 10:38:05,lan/sala1/sensor/hum,21.32
2025-11-17 10:38:05,lan/sala1/sensor/temp,27.96
2025-11-17 10:38:06,lan/sala2/sensor/temp,27.72
2025-11-17 10:38:07,lan/sala1/sensor/hum,26.79
2025-11-17 10:38:07,lan/sala1/sensor/temp,24.87
2025-11-17 10:38:08,lan/sala2/sensor/temp,24.05
2025-11-17 10:38:09,lan/sala1/sensor/hum,21.51
2025-11-17 10:38:09,lan/sala1/sensor/temp,24.59
2025-11-17 10:38:10,lan/sala2/sensor/temp,25.36
2025-11-17 10:38:11,lan/sala1/sensor/hum,24.82
2025-11-17 10:38:11,lan/sala1/sensor/temp,25.48
2025-11-17 10:38:12,lan/sala2/sensor/temp,24.33
2025-11-17 10:38:13,lan/sala1/sensor/hum,18.39
2025-11-17 10:38:13,lan/sala1/sensor/temp,21.09
2025-11-17 10:38:14,lan/sala2/sensor/temp,24.95
2025-11-17 10:38:15,lan/sala1/sensor/hum,21.23
2025-11-17 10:38:15,lan/sala1/sensor/temp,25.79
2025-11-17 10:38:16,lan/sala2/sensor/temp,21.14
2025-11-17 10:38:17,lan/sala1/sensor/hum,27.08
2025-11-17 10:38:17,lan/sala1/sensor/temp,21.41
2025-11-17 10:38:18,lan/sala2/sensor/temp,29.83
2025-11-17 10:38:19,lan/sala1/sensor/hum,19.85
2025-11-17 10:38:19,lan/sala1/sensor/temp,26.75
2025-11-17 10:38:20,lan/sala2/sensor/temp,21.81
2025-11-17 10:38:21,lan/sala1/sensor/hum,26.7
2025-11-17 10:38:21,lan/sala1/sensor/temp,28.56
2025-11-17 10:38:22,lan/sala2/sensor/temp,25.29
2025-11-17 10:38:23,lan/sala1/sensor/hum,18.51
2025-11-17 10:38:23,lan/sala1/sensor/temp,21.29
2025-11-17 10:38:24,lan/sala2/sensor/temp,18.25
2025-11-17 10:38:25,lan/sala1/sensor/hum,24.11
2025-11-17 10:38:25,lan/sala1/sensor/temp,28.64
2025-11-17 10:38:26,lan/sala2/sensor/temp,23.24
2025-11-17 10:38:27,lan/sala1/sensor/hum,27.82
2025-11-17 10:38:27,lan/sala1/sensor/temp,21.72
2025-11-17 10:38:28,lan/sala2/sensor/temp,25.38
2025-11-17 10:38:29,lan/sala1/sensor/hum,19.52
2025-11-17 10:38:29,lan/sala1/sensor/temp,18.1
2025-11-17 10:38:30,lan/sala2/sensor/temp,19.67
2025-11-17 10:38:31,lan/sala1/sensor/hum,24.17
2025-11-17 10:38:31,lan/sala1/sensor/temp,29.8
2025-11-17 10:38:32,lan/sala2/sensor/temp,19.88
2025-11-17 10:38:33,lan/sala1/sensor/hum,29.98
2025-11-17 10:38:33,lan/sala1/sensor/temp,25.57
2025-11-17 10:38:34,lan/sala2/sensor/temp,25.45
2025-11-17 10:38:35,lan/sala1/sensor/hum,27.89
2025-11-17 10:38:35,lan/sala1/sensor/temp,20.36
2025-11-17 10:38:36,lan/sala2/sensor/temp,29.9
2025-11-17 10:38:37,lan/sala1/sensor/hum,25.48
2025-11-17 10:38:37,lan/sala1/sensor/temp,27.99
2025-11-17 10:38:38,lan/sala2/sensor/temp,21.81
2025-11-17 10:38:39,lan/sala1/sensor/hum,23.75
2025-11-17 10:38:39,lan/sala1/sensor/temp,20.15
2025-11-17 10:38:40,lan/sala2/sensor/temp,21.28
2025-11-17 10:38:41,lan/sala1/sensor/hum,22.96
2025-11-17 10:38:41,lan/sala1/sensor/temp,26.29
2025-11-17 10:38:42,lan/sala2/sensor/temp,29.52
2025-11-17 10:38:43,lan/sala1/sensor/hum,27.34
2025-11-17 10:38:43,lan/sala1/sensor/temp,20.98
2025-11-17 10:38:44,lan/sala2/sensor/temp,22.87
2025-11-17 10:38:45,lan/sala1/sensor/hum,23.26
2025-11-17 10:38:45,lan/sala1/sensor/temp,21.53
2025-11-17 10:38:46,lan/sala2/sensor/temp,29.27
2025-11-17 10:38:47,lan/sala1/sensor/hum,27.11
2025-11-17 10:38:47,lan/sala1/sensor/temp,21.84
2025-11-17 10:38:48,lan/sala2/sensor/temp,18.19
2025-11-17 10:38:49,lan/sala1/sensor/hum,18.42
2025-11-17 10:38:49,lan/sala1/sensor/temp,24.86
2025-11-17 10:38:50,lan/sala2/sensor/temp,28.98
2025-11-17 10:38:51,lan/sala1/sensor/hum,20.99
2025-11-17 10:38:51,lan/sala1/sensor/temp,22.32
2025-11-17 10:38:52,lan/sala2/sensor/temp,24.4
2025-11-17 10:38:53,lan/sala1/sensor/hum,21.18
2025-11-17 10:38:53,lan/sala1/sensor/temp,20.17
2025-11-17 10:38:54,lan/sala2/sensor/temp,18.4
2025-11-17 10:38:55,lan/sala1/sensor/hum,28.88
2025-11-17 10:38:55,lan/sala1/sensor/temp,28.57
2025-11-17 10:38:56,lan/sala2/sensor/temp,28.25
2025-11-17 10:38:57,lan/sala1/sensor/hum,25.35
2025-11-17 10:38:57,lan/sala1/sensor/temp,26.15
2025-11-17 10:38:58,lan/sala2/sensor/temp,25.85
2025-11-17 10:38:59,lan/sala1/sensor/hum,23.61
2025-11-17 10:38:59,lan/sala1/sensor/temp,25.6
2025-11-17 10:39:00,lan/sala2/sensor/temp,29.3
2025-11-17 10:39:01,lan/sala1/sensor/hum,25.45
2025-11-17 10:39:01,lan/sala1/sensor/temp,25.63
2025-11-17 10:39:02,lan/sala2/sensor/temp,28.5
2025-11-17 10:39:03,lan/sala1/sensor/hum,24.98
2025-11-17 10:39:03,lan/sala1/sensor/temp,21.52
2025-11-17 10:39:04,lan/sala2/sensor/temp,26.04
2025-11-17 10:39:05,lan/sala1/sensor/hum,22.42
2025-11-17 10:39:05,lan/sala1/sensor/temp,20.67
2025-11-17 10:39:06,lan/sala2/sensor/temp,27.62
2025-11-17 10:39:07,lan/sala1/sensor/hum,29.26
2025-11-17 10:39:07,lan/sala1/sensor/temp,25.0
2025-11-17 10:39:08,lan/sala2/sensor/temp,28.09
2025-11-17 10:39:09,lan/sala1/sensor/hum,26.5
2025-11-17 10:39:09,lan/sala1/sensor/temp,23.5
2025-11-17 10:39:10,lan/sala2/sensor/temp,26.41
2025-11-17 10:39:11,lan/sala1/sensor/hum,29.75
2025-11-17 10:39:11,lan/sala1/sensor/temp,29.68
2025-11-17 10:39:12,lan/sala2/sensor/temp,21.16
2025-11-17 10:39:13,lan/sala1/sensor/hum,20.38
2025-11-17 10:39:13,lan/sala1/sensor/temp,25.93
2025-11-17 10:39:14,lan/sala2/sensor/temp,19.37
2025-11-17 10:39:15,lan/sala1/sensor/hum,20.79
2025-11-17 10:39:15,lan/sala1/sensor/temp,24.89
2025-11-17 10:39:16,lan/sala2/sensor/temp,25.65
2025-11-17 10:39:17,lan/sala1/sensor/hum,26.6
2025-11-17 10:39:17,lan/sala1/sensor/temp,22.37
2025-11-17 10:39:18,lan/sala2/sensor/temp,29.17
2025-11-17 10:39:19,lan/sala1/sensor/hum,21.94
2025-11-17 10:39:19,lan/sala1/sensor/temp,29.79
2025-11-17 10:39:20,lan/sala2/sensor/temp,21.79
2025-11-17 10:39:21,lan/sala1/sensor/hum,21.98
2025-11-17 10:39:21,lan/sala1/sensor/temp,24.94
2025-11-17 10:39:22,lan/sala2/sensor/temp,29.46
2025-11-17 10:39:23,lan/sala1/sensor/hum,22.08
2025-11-17 10:39:23,lan/sala1/sensor/temp,22.22
2025-11-17 10:39:24,lan/sala2/sensor/temp,24.23
2025-11-17 10:39:25,lan/sala1/sensor/hum,29.67
2025-11-17 10:39:25,lan/sala1/sensor/temp,21.46
2025-11-17 10:39:26,lan/sala2/sensor/temp,27.64
2025-11-17 10:39:27,lan/sala1/sensor/hum,27.08
2025-11-17 10:39:27,lan/sala1/sensor/temp,19.21
2025-11-17 10:39:28,lan/sala2/sensor/temp,21.97
2025-11-17 10:39:29,lan/sala1/sensor/hum,29.67
2025-11-17 10:39:29,lan/sala1/sensor/temp,25.49
2025-11-17 10:39:30,lan/sala2/sensor/temp,28.13
2025-11-17 10:39:31,lan/sala1/sensor/hum,24.41
2025-11-17 10:39:31,lan/sala1/sensor/temp,20.91
2025-11-17 10:39:32,lan/sala2/sensor/temp,25.27
2025-11-17 10:39:33,lan/sala1/sensor/hum,20.47
2025-11-17 10:39:33,lan/sala1/sensor/temp,29.91
2025-11-17 10:39:34,lan/sala2/sensor/temp,25.06
2025-11-17 10:39:35,lan/sala1/sensor/hum,25.3
2025-11-17 10:39:35,lan/sala1/sensor/temp,27.26
2025-11-17 10:39:36,lan/sala2/sensor/temp,21.01
2025-11-17 10:39:37,lan/sala1/sensor/hum,28.39
2025-11-17 10:39:37,lan/sala1/sensor/temp,26.84
2025-11-17 10:39:38,lan/sala2/sensor/temp,22.11
2025-11-17 10:39:39,lan/sala1/sensor/hum,23.73
2025-11-17 10:39:39,lan/sala1/sensor/temp,27.57
2025-11-17 10:39:40,lan/sala2/sensor/temp,23.88
2025-11-17 10:39:41,lan/sala1/sensor/hum,21.59
2025-11-17 10:39:41,lan/sala1/sensor/temp,20.76
2025-11-17 10:39:42,lan/sala2/sensor/temp,24.48
2025-11-17 10:39:43,lan/sala1/sensor/hum,20.11
2025-11-17 10:39:43,lan/sala1/sensor/temp,24.62
2025-11-17 10:39:44,lan/sala2/sensor/temp,26.83
2025-11-17 10:39:45,lan/sala1/sensor/hum,25.47
2025-11-17 10:39:45,lan/sala1/sensor/temp,24.43
2025-11-17 10:39:46,lan/sala2/sensor/temp,20.26
2025-11-17 10:39:47,lan/sala1/sensor/hum,19.89
2025-11-17 10:39:47,lan/sala1/sensor/temp,23.3
2025-11-17 10:39:48,lan/sala2/sensor/temp,29.79
2025-11-17 10:39:49,lan/sala1/sensor/hum,23.95
2025-11-17 10:39:49,lan/sala1/sensor/temp,23.01
2025-11-17 10:39:50,lan/sala2/sensor/temp,24.29
2025-11-17 10:39:51,lan/sala1/sensor/hum,18.55
2025-11-17 10:39:51,lan/sala1/sensor/temp,18.11
2025-11-17 10:39:52,lan/sala2/sensor/temp,22.51
2025-11-17 10:39:53,lan/sala1/sensor/hum,19.54
2025-11-17 10:39:53,lan/sala1/sensor/temp,21.95
2025-11-17 10:39:54,lan/sala2/sensor/temp,21.1
2025-11-17 10:39:55,lan/sala1/sensor/hum,23.02
2025-11-17 10:39:55,lan/sala1/sensor/temp,18.13
2025-11-17 10:39:56,lan/sala2/sensor/temp,26.34
2025-11-17 10:39:57,lan/sala1/sensor/hum,22.6
2025-11-17 10:39:57,lan/sala1/sensor/temp,20.61
2025-11-17 10:39:58,lan/sala2/sensor/temp,28.32
2025-11-17 10:39:59,lan/sala1/sensor/hum,25.18
2025-11-17 10:39:59,lan/sala1/sensor/temp,21.73
2025-11-17 10:40:00,lan/sala2/sensor/temp,25.01
2025-11-17 10:40:01,lan/sala1/sensor/hum,19.0
2025-11-17 10:40:01,lan/sala1/sensor/temp,26.74
2025-11-17 10:40:02,lan/sala2/sensor/temp,26.17
2025-11-17 10:40:03,lan/sala1/sensor/hum,24.01
2025-11-17 10:40:03,lan/sala1/sensor/temp,25.07
2025-11-17 10:40:04,lan/sala2/sensor/temp,24.89
2025-11-17 10:40:05,lan/sala1/sensor/hum,29.17
2025-11-17 10:40:05,lan/sala1/sensor/temp,18.88
2025-11-17 10:40:06,lan/sala2/sensor/temp,26.13
2025-11-17 10:40:07,lan/sala1/sensor/hum,24.18
2025-11-17 10:40:07,lan/sala1/sensor/temp,20.42
2025-11-17 10:40:08,lan/sala2/sensor/temp,23.04
2025-11-17 10:40:10,lan/sala1/sensor/hum,21.1
2025-11-17 10:40:11,lan/sala1/sensor/temp,18.8
2025-11-17 10:40:11,lan/sala2/sensor/temp,22.51
2025-11-17 10:40:13,lan/sala1/sensor/hum,25.54
2025-11-17 10:40:13,lan/sala1/sensor/temp,20.09
2025-11-17 10:40:13,lan/sala2/sensor/temp,19.68
2025-11-17 10:40:14,lan/sala1/sensor/hum,26.85
2025-11-17 10:40:14,lan/sala1/sensor/temp,22.92
2025-11-17 10:40:15,lan/sala2/sensor/temp,27.65
2025-11-17 10:40:15,lan/sala1/sensor/hum,23.54
2025-11-17 10:40:15,lan/sala1/sensor/temp,22.54
2025-11-17 10:40:16,lan/sala2/sensor/temp,29.68
2025-11-17 10:40:17,lan/sala1/sensor/hum,22.29
2025-11-17 10:40:18,lan/sala1/sensor/temp,19.01
2025-11-17 10:40:19,lan/sala2/sensor/temp,29.52
2025-11-17 10:40:20,lan/sala1/sensor/hum,25.01
2025-11-17 10:40:20,lan/sala1/sensor/temp,24.54
2025-11-17 10:40:22,lan/sala2/sensor/temp,18.26
2025-11-17 10:40:22,lan/sala1/sensor/hum,23.41
2025-11-17 10:40:22,lan/sala1/sensor/temp,26.94
2025-11-17 10:40:23,lan/sala2/sensor/temp,22.15
2025-11-17 10:40:23,lan/sala1/sensor/hum,29.58
2025-11-17 10:40:23,lan/sala1/sensor/temp,20.34
2025-11-17 10:40:24,lan/sala2/sensor/temp,27.79
2025-11-17 10:40:25,lan/sala1/sensor/hum,19.94
2025-11-17 10:40:25,lan/sala1/sensor/temp,25.32
2025-11-17 10:40:26,lan/sala2/sensor/temp,28.15
2025-11-17 10:40:27,lan/sala1/sensor/hum,19.06
2025-11-17 10:40:27,lan/sala1/sensor/temp,18.63
2025-11-17 10:40:28,lan/sala2/sensor/temp,27.05
2025-11-17 10:40:29,lan/sala1/sensor/hum,18.5
2025-11-17 10:40:29,lan/sala1/sensor/temp,25.35
2025-11-17 10:40:30,lan/sala2/sensor/temp,29.5
2025-11-17 10:40:31,lan/sala1/sensor/hum,28.77
2025-11-17 10:40:31,lan/sala1/sensor/temp,26.89
2025-11-17 10:40:32,lan/sala2/sensor/temp,28.05
2025-11-17 10:40:33,lan/sala1/sensor/hum,21.14
2025-11-17 10:40:33,lan/sala1/sensor/temp,25.89
2025-11-17 10:40:34,lan/sala2/sensor/temp,19.46
2025-11-17 10:40:35,lan/sala1/sensor/hum,26.7
2025-11-17 10:40:35,lan/sala1/sensor/temp,27.19
2025-11-17 10:40:36,lan/sala2/sensor/temp,26.26
2025-11-17 10:40:37,lan/sala1/sensor/hum,19.15
2025-11-17 10:40:37,lan/sala1/sensor/temp,23.54
2025-11-17 10:40:38,lan/sala2/sensor/temp,21.39
2025-11-17 10:40:39,lan/sala1/sensor/hum,24.84
2025-11-17 10:40:39,lan/sala1/sensor/temp,26.64
2025-11-17 10:40:40,lan/sala2/sensor/temp,27.18
2025-11-17 10:40:41,lan/sala1/sensor/hum,24.78
2025-11-17 10:40:41,lan/sala1/sensor/temp,26.7
2025-11-17 10:40:42,lan/sala2/sensor/temp,26.12
2025-11-17 10:40:43,lan/sala1/sensor/hum,29.43
2025-11-17 10:40:43,lan/sala1/sensor/temp,27.94
2025-11-17 10:40:44,lan/sala2/sensor/temp,24.15
2025-11-17 10:40:45,lan/sala1/sensor/hum,23.85
2025-11-17 10:40:45,lan/sala1/sensor/temp,18.72
2025-11-17 10:40:46,lan/sala2/sensor/temp,22.79
2025-11-17 10:40:47,lan/sala1/sensor/hum,22.33
2025-11-17 10:40:47,lan/sala1/sensor/temp,21.37
2025-11-17 10:40:48,lan/sala2/sensor/temp,24.2
2025-11-17 10:40:49,lan/sala1/sensor/hum,29.49
2025-11-17 10:40:49,lan/sala1/sensor/temp,28.36
2025-11-17 10:40:50,lan/sala2/sensor/temp,22.13
2025-11-17 10:40:51,lan/sala1/sensor/hum,28.53
2025-11-17 10:40:51,lan/sala1/sensor/temp,19.7
2025-11-17 10:40:52,lan/sala2/sensor/temp,26.32
2025-11-17 10:40:53,lan/sala1/sensor/hum,27.26
2025-11-17 10:40:53,lan/sala1/sensor/temp,19.03
2025-11-17 10:40:54,lan/sala2/sensor/temp,20.8
2025-11-17 10:40:55,lan/sala1/sensor/hum,23.67
2025-11-17 10:40:55,lan/sala1/sensor/temp,27.28
2025-11-17 10:40:56,lan/sala2/sensor/temp,20.29
2025-11-17 10:40:57,lan/sala1/sensor/hum,20.11
2025-11-17 10:40:57,lan/sala1/sensor/temp,29.0
2025-11-17 10:40:58,lan/sala2/sensor/temp,21.74
2025-11-17 10:40:59,lan/sala1/sensor/hum,19.61
2025-11-17 10:40:59,lan/sala1/sensor/temp,29.14
2025-11-17 10:41:00,lan/sala2/sensor/temp,28.86
2025-11-17 10:41:01,lan/sala1/sensor/hum,29.96
2025-11-17 10:41:01,lan/sala1/sensor/temp,27.34
2025-11-17 10:41:02,lan/sala2/sensor/temp,19.22
2025-11-17 10:41:03,lan/sala1/sensor/hum,24.72
2025-11-17 10:41:03,lan/sala1/sensor/temp,24.82
2025-11-17 10:41:04,lan/sala2/sensor/temp,24.75
2025-11-17 10:41:05,lan/sala1/sensor/hum,21.53
2025-11-17 10:41:05,lan/sala1/sensor/temp,20.94
2025-11-17 10:41:06,lan/sala2/sensor/temp,21.65
2025-11-17 10:41:07,lan/sala1/sensor/hum,19.68
2025-11-17 10:41:07,lan/sala1/sensor/temp,21.61
2025-11-17 10:41:08,lan/sala2/sensor/temp,23.12
2025-11-17 10:41:09,lan/sala1/sensor/hum,19.06
2025-11-17 10:41:09,lan/sala1/sensor/temp,28.19
2025-11-17 10:41:10,lan/sala2/sensor/temp,29.06
2025-11-17 10:41:11,lan/sala1/sensor/hum,26.83
2025-11-17 10:41:11,lan/sala1/sensor/temp,23.65
2025-11-17 10:41:12,lan/sala2/sensor/temp,24.62
2025-11-17 10:41:13,lan/sala1/sensor/hum,21.98
2025-11-17 10:41:13,lan/sala1/sensor/temp,22.71
2025-11-17 10:41:14,lan/sala2/sensor/temp,23.53
2025-11-17 10:41:15,lan/sala1/sensor/hum,25.88
2025-11-17 10:41:15,lan/sala1/sensor/temp,26.52
2025-11-17 10:41:16,lan/sala2/sensor/temp,26.31
2025-11-17 10:41:17,lan/sala1/sensor/hum,26.75
2025-11-17 10:41:17,lan/sala1/sensor/temp,27.2
2025-11-17 10:41:18,lan/sala2/sensor/temp,19.87
2025-11-17 10:41:19,lan/sala1/sensor/hum,28.52
2025-11-17 10:41:19,lan/sala1/sensor/temp,23.97
2025-11-17 10:41:20,lan/sala2/sensor/temp,27.6
2025-11-17 10:41:21,lan/sala1/sensor/hum,23.29
2025-11-17 10:41:21,lan/sala1/sensor/temp,26.53
2025-11-17 10:41:22,lan/sala2/sensor/temp,18.35
2025-11-17 10:41:23,lan/sala1/sensor/hum,25.27
2025-11-17 10:41:23,lan/sala1/sensor/temp,24.45
2025-11-17 10:41:24,lan/sala2/sensor/temp,20.8
2025-11-17 10:41:25,lan/sala1/sensor/hum,18.76
2025-11-17 10:41:25,lan/sala1/sensor/temp,28.24
2025-11-17 10:41:26,lan/sala2/sensor/temp,28.66
2025-11-17 10:41:27,lan/sala1/sensor/hum,26.8
2025-11-17 10:41:27,lan/sala1/sensor/temp,18.5
2025-11-17 10:41:28,lan/sala2/sensor/temp,25.52
2025-11-17 10:41:29,lan/sala1/sensor/hum,20.65
2025-11-17 10:41:29,lan/sala1/sensor/temp,20.36
2025-11-17 10:41:30,lan/sala2/sensor/temp,29.78
2025-11-17 10:41:31,lan/sala1/sensor/hum,28.99
2025-11-17 10:41:31,lan/sala1/sensor/temp,28.36
2025-11-17 10:41:32,lan/sala2/sensor/temp,19.78
2025-11-17 10:41:33,lan/sala1/sensor/hum,24.27
2025-11-17 10:41:33,lan/sala1/sensor/temp,29.9
2025-11-17 10:41:34,lan/sala2/sensor/temp,19.06
2025-11-17 10:41:35,lan/sala1/sensor/hum,20.07
2025-11-17 10:41:35,lan/sala1/sensor/temp,18.75
2025-11-17 10:41:36,lan/sala2/sensor/temp,27.05
2025-11-17 10:41:37,lan/sala1/sensor/hum,22.76
2025-11-17 10:41:37,lan/sala1/sensor/temp,18.57
2025-11-17 10:41:38,lan/sala2/sensor/temp,18.5
2025-11-17 10:41:39,lan/sala1/sensor/hum,28.64
2025-11-17 10:41:39,lan/sala1/sensor/temp,28.64
2025-11-17 10:41:40,lan/sala2/sensor/temp,18.93
2025-11-17 10:41:41,lan/sala1/sensor/hum,23.62
2025-11-17 10:41:41,lan/sala1/sensor/temp,27.61
2025-11-17 10:41:42,lan/sala2/sensor/temp,25.07
2025-11-17 10:41:43,lan/sala1/sensor/hum,28.07
2025-11-17 10:41:43,lan/sala1/sensor/temp,23.55
2025-11-17 10:41:44,lan/sala2/sensor/temp,29.88
2025-11-17 10:41:45,lan/sala1/sensor/hum,21.44
2025-11-17 10:41:45,lan/sala1/sensor/temp,29.21
2025-11-17 10:41:46,lan/sala2/sensor/temp,24.81
2025-11-17 10:41:47,lan/sala1/sensor/hum,28.84
2025-11-17 10:41:47,lan/sala1/sensor/temp,24.68
2025-11-17 10:41:48,lan/sala2/sensor/temp,27.32
2025-11-17 10:41:49,lan/sala1/sensor/hum,19.26
2025-11-17 10:41:49,lan/sala1/sensor/temp,20.23
2025-11-17 10:41:50,lan/sala2/sensor/temp,27.73
2025-11-17 10:41:51,lan/sala1/sensor/hum,28.68
2025-11-17 10:41:51,lan/sala1/sensor/temp,22.98
2025-11-17 10:41:52,lan/sala2/sensor/temp,28.62
2025-11-17 10:41:53,lan/sala1/sensor/hum,20.74
2025-11-17 10:41:53,lan/sala1/sensor/temp,26.58
2025-11-17 10:41:54,lan/sala2/sensor/temp,24.93
2025-11-17 10:41:55,lan/sala1/sensor/hum,23.26
2025-11-17 10:41:55,lan/sala1/sensor/temp,26.75
2025-11-17 10:41:56,lan/sala2/sensor/temp,18.16
2025-11-17 10:41:57,lan/sala1/sensor/hum,27.96
2025-11-17 10:41:57,lan/sala1/sensor/temp,19.2
2025-11-17 10:41:58,lan/sala2/sensor/temp,20.25
2025-11-17 10:41:59,lan/sala1/sensor/hum,20.61
2025-11-17 10:41:59,lan/sala1/sensor/temp,29.39
2025-11-17 10:42:00,lan/sala2/sensor/temp,28.57
2025-11-17 10:42:01,lan/sala1/sensor/hum,29.97
2025-11-17 10:42:01,lan/sala1/sensor/temp,27.06
2025-11-17 10:42:02,lan/sala2/sensor/temp,21.73
2025-11-17 10:42:03,lan/sala1/sensor/hum,21.44
2025-11-17 10:42:03,lan/sala1/sensor/temp,28.98
2025-11-17 10:42:04,lan/sala2/sensor/temp,28.35
2025-11-17 10:42:05,lan/sala1/sensor/hum,20.82
2025-11-17 10:42:05,lan/sala1/sensor/temp,21.87
2025-11-17 10:42:06,lan/sala2/sensor/temp,22.24
2025-11-17 10:42:07,lan/sala1/sensor/hum,20.21
2025-11-17 10:42:07,lan/sala1/sensor/temp,19.74
2025-11-17 10:42:08,lan/sala2/sensor/temp,24.89
2025-11-17 10:42:09,lan/sala1/sensor/hum,25.79
2025-11-17 10:42:09,lan/sala1/sensor/temp,29.73
2025-11-17 10:42:10,lan/sala2/sensor/temp,24.53
2025-11-17 10:42:11,lan/sala1/sensor/hum,18.63
2025-11-17 10:42:11,lan/sala1/sensor/temp,22.52
2025-11-17 10:42:12,lan/sala2/sensor/temp,19.21
2025-11-17 10:42:13,lan/sala1/sensor/hum,25.11
2025-11-17 10:42:13,lan/sala1/sensor/temp,28.26
2025-11-17 10:42:14,lan/sala2/sensor/temp,29.07
2025-11-17 10:42:15,lan/sala1/sensor/hum,21.14
2025-11-17 10:42:15,lan/sala1/sensor/temp,23.46
2025-11-17 10:42:16,lan/sala2/sensor/temp,29.52
2025-11-17 10:42:17,lan/sala1/sensor/hum,23.95
2025-11-17 10:42:17,lan/sala1/sensor/temp,22.38
2025-11-17 10:42:18,lan/sala2/sensor/temp,23.54
2025-11-17 10:42:19,lan/sala1/sensor/hum,22.83
2025-11-17 10:42:19,lan/sala1/sensor/temp,21.52
2025-11-17 10:42:20,lan/sala2/sensor/temp,28.4
2025-11-17 10:42:21,lan/sala1/sensor/hum,23.91
2025-11-17 10:42:21,lan/sala1/sensor/temp,25.82
2025-11-17 10:42:22,lan/sala2/sensor/temp,22.62
2025-11-17 10:42:23,lan/sala1/sensor/hum,27.09
2025-11-17 10:42:23,lan/sala1/sensor/temp,22.84
2025-11-17 10:42:24,lan/sala2/sensor/temp,24.91
2025-11-17 10:42:25,lan/sala1/sensor/hum,27.43
2025-11-17 10:42:25,lan/sala1/sensor/temp,19.56
2025-11-17 10:42:26,lan/sala2/sensor/temp,18.73
2025-11-17 10:42:27,lan/sala1/sensor/hum,18.47
2025-11-17 10:42:27,lan/sala1/sensor/temp,22.29
2025-11-17 10:42:28,lan/sala2/sensor/temp,29.16
2025-11-17 10:42:29,lan/sala1/sensor/hum,24.49
2025-11-17 10:42:29,lan/sala1/sensor/temp,24.64
2025-11-17 10:42:30,lan/sala2/sensor/temp,18.96
2025-11-17 10:42:31,lan/sala1/sensor/hum,21.16
2025-11-17 10:42:31,lan/sala1/sensor/temp,27.77
2025-11-17 10:42:32,lan/sala2/sensor/temp,22.52
2025-11-17 10:42:35,lan/sala1/sensor/hum,23.14
2025-11-17 10:42:35,lan/sala1/sensor/temp,27.07
2025-11-17 10:42:35,lan/sala2/sensor/temp,25.71
2025-11-17 10:42:35,lan/sala1/sensor/hum,18.64
2025-11-17 10:42:35,lan/sala1/sensor/temp,23.42
2025-11-17 10:42:36,lan/sala2/sensor/temp,19.59
2025-11-17 10:42:37,lan/sala1/sensor/hum,26.67
2025-11-17 10:42:37,lan/sala1/sensor/temp,28.9
2025-11-17 10:42:38,lan/sala2/sensor/temp,20.83
2025-11-17 10:42:39,lan/sala1/sensor/hum,27.03
2025-11-17 10:42:39,lan/sala1/sensor/temp,28.69
2025-11-17 10:42:40,lan/sala2/sensor/temp,23.28
2025-11-17 10:42:41,lan/sala1/sensor/hum,25.26
2025-11-17 10:42:41,lan/sala1/sensor/temp,21.56
2025-11-17 10:42:42,lan/sala2/sensor/temp,20.83
2025-11-17 10:42:43,lan/sala1/sensor/hum,20.0
2025-11-17 10:42:43,lan/sala1/sensor/temp,22.3
2025-11-17 10:42:44,lan/sala2/sensor/temp,24.32
2025-11-17 10:42:45,lan/sala1/sensor/hum,20.74
2025-11-17 10:42:45,lan/sala1/sensor/temp,25.04
2025-11-17 10:42:46,lan/sala2/sensor/temp,28.51
2025-11-17 10:42:47,lan/sala1/sensor/hum,20.26
2025-11-17 10:42:47,lan/sala1/sensor/temp,27.77
2025-11-17 10:42:48,lan/sala2/sensor/temp,20.07
2025-11-17 10:42:49,lan/sala1/sensor/hum,26.57
2025-11-17 10:42:49,lan/sala1/sensor/temp,24.8
2025-11-17 10:42:50,lan/sala2/sensor/temp,26.65
2025-11-17 10:42:51,lan/sala1/sensor/hum,27.83
2025-11-17 10:42:51,lan/sala1/sensor/temp,18.83
2025-11-17 10:42:52,lan/sala2/sensor/temp,29.75
2025-11-17 10:42:53,lan/sala1/sensor/hum,25.24
2025-11-17 10:42:53,lan/sala1/sensor/temp,26.01
2025-11-17 10:42:54,lan/sala2/sensor/temp,27.78
2025-11-17 10:42:55,lan/sala1/sensor/hum,19.91
2025-11-17 10:42:55,lan/sala1/sensor/temp,25.97
2025-11-17 10:42:56,lan/sala2/sensor/temp,21.12
2025-11-17 10:42:57,lan/sala1/sensor/hum,29.29
2025-11-17 10:42:57,lan/sala1/sensor/temp,22.26
2025-11-17 10:42:58,lan/sala2/sensor/temp,26.04
2025-11-17 10:42:59,lan/sala1/sensor/hum,29.2
2025-11-17 10:42:59,lan/sala1/sensor/temp,22.43
2025-11-17 10:43:00,lan/sala2/sensor/temp,19.86
2025-11-17 10:43:01,lan/sala1/sensor/hum,29.32
2025-11-17 10:43:01,lan/sala1/sensor/temp,28.9
2025-11-17 10:43:02,lan/sala2/sensor/temp,19.04
2025-11-17 10:43:03,lan/sala1/sensor/hum,28.58
2025-11-17 10:43:03,lan/sala1/sensor/temp,24.91
2025-11-17 10:43:04,lan/sala2/sensor/temp,23.46
2025-11-17 10:43:05,lan/sala1/sensor/hum,21.21
2025-11-17 10:43:05,lan/sala1/sensor/temp,21.0
2025-11-17 10:43:06,lan/sala2/sensor/temp,26.4
2025-11-17 10:43:07,lan/sala1/sensor/hum,23.55
2025-11-17 10:43:07,lan/sala1/sensor/temp,20.03
2025-11-17 10:43:08,lan/sala2/sensor/temp,26.47
2025-11-17 10:43:09,lan/sala1/sensor/hum,22.99
2025-11-17 10:43:09,lan/sala1/sensor/temp,21.57
2025-11-17 10:43:10,lan/sala2/sensor/temp,21.86
2025-11-17 10:43:11,lan/sala1/sensor/hum,28.73
2025-11-17 10:43:11,lan/sala1/sensor/temp,23.87
2025-11-17 10:43:12,lan/sala2/sensor/temp,21.65
2025-11-17 10:43:13,lan/sala1/sensor/hum,29.24
2025-11-17 10:43:13,lan/sala1/sensor/temp,23.53
2025-11-17 10:43:14,lan/sala2/sensor/temp,29.84
2025-11-17 10:43:15,lan/sala1/sensor/hum,18.24
2025-11-17 10:43:15,lan/sala1/sensor/temp,20.73
2025-11-17 10:43:16,lan/sala2/sensor/temp,26.22
2025-11-17 10:43:17,lan/sala1/sensor/hum,21.22
2025-11-17 10:43:17,lan/sala1/sensor/temp,23.4
2025-11-17 10:43:18,lan/sala2/sensor/temp,18.62
2025-11-17 10:43:19,lan/sala1/sensor/hum,24.14
2025-11-17 10:43:19,lan/sala1/sensor/temp,21.13
2025-11-17 10:43:20,lan/sala2/sensor/temp,26.94
2025-11-17 10:43:21,lan/sala1/sensor/hum,18.08
2025-11-17 10:43:21,lan/sala1/sensor/temp,29.21
2025-11-17 10:43:22,lan/sala2/sensor/temp,19.93
2025-11-17 10:43:23,lan/sala1/sensor/hum,19.53
2025-11-17 10:43:23,lan/sala1/sensor/temp,18.52
2025-11-17 10:43:24,lan/sala2/sensor/temp,19.38
2025-11-17 10:43:25,lan/sala1/sensor/hum,23.05
2025-11-17 10:43:25,lan/sala1/sensor/temp,21.7
2025-11-17 10:43:26,lan/sala2/sensor/temp,22.16
2025-11-17 10:43:27,lan/sala1/sensor/hum,27.26
2025-11-17 10:43:27,lan/sala1/sensor/temp,26.66
2025-11-17 10:43:28,lan/sala2/sensor/temp,22.79
2025-11-17 10:43:29,lan/sala1/sensor/hum,23.01
2025-11-17 10:43:29,lan/sala1/sensor/temp,28.1
2025-11-17 10:43:30,lan/sala2/sensor/temp,19.96
2025-11-17 10:43:31,lan/sala1/sensor/hum,22.94
2025-11-17 10:43:31,lan/sala1/sensor/temp,23.13
2025-11-17 10:43:32,lan/sala2/sensor/temp,28.54
2025-11-17 10:43:33,lan/sala1/sensor/hum,21.05
2025-11-17 10:43:33,lan/sala1/sensor/temp,24.98
2025-11-17 10:43:34,lan/sala2/sensor/temp,29.57
2025-11-17 10:43:35,lan/sala1/sensor/hum,18.55
2025-11-17 10:43:35,lan/sala1/sensor/temp,28.76
2025-11-17 10:43:36,lan/sala2/sensor/temp,20.48
2025-11-17 10:43:37,lan/sala1/sensor/hum,20.36
2025-11-17 10:43:37,lan/sala1/sensor/temp,22.25
2025-11-17 10:43:38,lan/sala2/sensor/temp,28.66
2025-11-17 10:43:39,lan/sala1/sensor/hum,20.96
2025-11-17 10:43:39,lan/sala1/sensor/temp,20.2
2025-11-17 10:43:40,lan/sala2/sensor/temp,19.97
2025-11-17 10:43:41,lan/sala1/sensor/hum,29.63
2025-11-17 10:43:41,lan/sala1/sensor/temp,21.95
2025-11-17 10:43:42,lan/sala2/sensor/temp,29.24
2025-11-17 10:43:43,lan/sala1/sensor/hum,29.19
2025-11-17 10:43:43,lan/sala1/sensor/temp,21.78
2025-11-17 10:43:44,lan/sala2/sensor/temp,24.5
2025-11-17 10:43:45,lan/sala1/sensor/hum,25.29
2025-11-17 10:43:45,lan/sala1/sensor/temp,19.78
2025-11-17 10:43:46,lan/sala2/sensor/temp,23.49
2025-11-17 10:43:47,lan/sala1/sensor/hum,20.7
2025-11-17 10:43:47,lan/sala1/sensor/temp,26.89
2025-11-17 10:43:48,lan/sala2/sensor/temp,20.55
2025-11-17 10:43:49,lan/sala1/sensor/hum,22.89
2025-11-17 10:43:49,lan/sala1/sensor/temp,29.86
2025-11-17 10:43:50,lan/sala2/sensor/temp,28.05
2025-11-17 10:43:51,lan/sala1/sensor/hum,26.64
2025-11-17 10:43:51,lan/sala1/sensor/temp,26.54
2025-11-17 10:43:52,lan/sala2/sensor/temp,29.57
2025-11-17 10:43:53,lan/sala1/sensor/hum,28.54
2025-11-17 10:43:53,lan/sala1/sensor/temp,18.76
2025-11-17 10:43:54,lan/sala2/sensor/temp,28.22
2025-11-17 10:43:55,lan/sala1/sensor/hum,28.03
2025-11-17 10:43:55,lan/sala1/sensor/temp,25.76
2025-11-17 10:43:56,lan/sala2/sensor/temp,21.63
2025-11-17 10:43:57,lan/sala1/sensor/hum,24.08
2025-11-17 10:43:57,lan/sala1/sensor/temp,22.79
2025-11-17 10:43:58,lan/sala2/sensor/temp,29.4
2025-11-17 10:43:59,lan/sala1/sensor/hum,24.62
2025-11-17 10:43:59,lan/sala1/sensor/temp,21.74
2025-11-17 10:44:00,lan/sala2/sensor/temp,26.73
2025-11-17 10:44:01,lan/sala1/sensor/hum,26.28
2025-11-17 10:44:01,lan/sala1/sensor/temp,20.72
2025-11-17 10:44:02,lan/sala2/sensor/temp,22.57
2025-11-17 10:44:03,lan/sala1/sensor/hum,29.09
2025-11-17 10:44:03,lan/sala1/sensor/temp,27.01
2025-11-17 10:44:04,lan/sala2/sensor/temp,18.68
2025-11-17 10:44:05,lan/sala1/sensor/hum,21.02
2025-11-17 10:44:05,lan/sala1/sensor/temp,29.05
2025-11-17 10:44:06,lan/sala2/sensor/temp,19.84
2025-11-17 10:44:07,lan/sala1/sensor/hum,29.72
2025-11-17 10:44:07,lan/sala1/sensor/temp,20.65
2025-11-17 10:44:08,lan/sala2/sensor/temp,25.52
2025-11-17 10:44:09,lan/sala1/sensor/hum,26.73
2025-11-17 10:44:09,lan/sala1/sensor/temp,26.44
2025-11-17 10:44:10,lan/sala2/sensor/temp,18.74
2025-11-17 10:44:11,lan/sala1/sensor/hum,20.79
2025-11-17 10:44:11,lan/sala1/sensor/temp,29.78
2025-11-17 10:44:12,lan/sala2/sensor/temp,23.73
2025-11-17 10:44:13,lan/sala1/sensor/hum,21.21
2025-11-17 10:44:13,lan/sala1/sensor/temp,23.54
2025-11-17 10:44:14,lan/sala2/sensor/temp,26.44
2025-11-17 10:44:15,lan/sala1/sensor/hum,24.66
2025-11-17 10:44:15,lan/sala1/sensor/temp,26.42
2025-11-17 10:44:16,lan/sala2/sensor/temp,22.58
2025-11-17 10:44:17,lan/sala1/sensor/hum,27.49
2025-11-17 10:44:17,lan/sala1/sensor/temp,24.98
2025-11-17 10:44:18,lan/sala2/sensor/temp,29.91
2025-11-17 10:44:19,lan/sala1/sensor/hum,20.0
2025-11-17 10:44:19,lan/sala1/sensor/temp,19.46
2025-11-17 10:44:20,lan/sala2/sensor/temp,29.13
2025-11-17 10:44:21,lan/sala1/sensor/hum,19.28
2025-11-17 10:44:21,lan/sala1/sensor/temp,24.48
2025-11-17 10:44:22,lan/sala2/sensor/temp,20.75
2025-11-17 10:44:23,lan/sala1/sensor/hum,22.6
2025-11-17 10:44:23,lan/sala1/sensor/temp,27.6
2025-11-17 10:44:24,lan/sala2/sensor/temp,19.34
2025-11-17 10:44:25,lan/sala1/sensor/hum,20.79
2025-11-17 10:44:25,lan/sala1/sensor/temp,27.5
2025-11-17 10:44:26,lan/sala2/sensor/temp,27.86
2025-11-17 10:44:27,lan/sala1/sensor/hum,26.78
2025-11-17 10:44:27,lan/sala1/sensor/temp,20.86
2025-11-17 10:44:28,lan/sala2/sensor/temp,18.36
2025-11-17 10:44:29,lan/sala1/sensor/hum,29.38
2025-11-17 10:44:29,lan/sala1/sensor/temp,24.66
2025-11-17 10:44:30,lan/sala2/sensor/temp,21.74
2025-11-17 10:44:31,lan/sala1/sensor/hum,25.81
2025-11-17 10:44:31,lan/sala1/sensor/temp,20.39
2025-11-17 10:44:32,lan/sala2/sensor/temp,26.27
2025-11-17 10:44:33,lan/sala1/sensor/hum,20.48
2025-11-17 10:44:33,lan/sala1/sensor/temp,24.26
2025-11-17 10:44:34,lan/sala2/sensor/temp,24.21
2025-11-17 10:44:35,lan/sala1/sensor/hum,24.45
2025-11-17 10:44:35,lan/sala1/sensor/temp,21.02
2025-11-17 10:44:36,lan/sala2/sensor/temp,20.33
2025-11-17 10:44:37,lan/sala1/sensor/hum,21.04
2025-11-17 10:44:37,lan/sala1/sensor/temp,23.14
2025-11-17 10:44:38,lan/sala2/sensor/temp,29.82
2025-11-17 10:44:39,lan/sala1/sensor/hum,18.94
2025-11-17 10:44:39,lan/sala1/sensor/temp,25.76
2025-11-17 10:44:40,lan/sala2/sensor/temp,19.69
2025-11-17 10:44:41,lan/sala1/sensor/hum,26.22
2025-11-17 10:44:41,lan/sala1/sensor/temp,18.94
2025-11-17 10:44:42,lan/sala2/sensor/temp,21.3
2025-11-17 10:44:43,lan/sala1/sensor/hum,27.09
2025-11-17 10:44:43,lan/sala1/sensor/temp,19.43
2025-11-17 10:44:44,lan/sala2/sensor/temp,22.66
2025-11-17 10:44:45,lan/sala1/sensor/hum,25.82
2025-11-17 10:44:45,lan/sala1/sensor/temp,29.92
2025-11-17 10:44:46,lan/sala2/sensor/temp,26.38
2025-11-17 10:44:47,lan/sala1/sensor/hum,18.46
2025-11-17 10:44:47,lan/sala1/sensor/temp,25.02
2025-11-17 10:44:48,lan/sala2/sensor/temp,20.3
2025-11-17 10:44:49,lan/sala1/sensor/hum,25.23
2025-11-17 10:44:49,lan/sala1/sensor/temp,27.96
2025-11-17 10:44:50,lan/sala2/sensor/temp,27.63
2025-11-17 10:44:51,lan/sala1/sensor/hum,27.51
2025-11-17 10:44:51,lan/sala1/sensor/temp,20.84
2025-11-17 10:44:52,lan/sala2/sensor/temp,26.89
2025-11-17 10:44:53,lan/sala1/sensor/hum,25.08
2025-11-17 10:44:53,lan/sala1/sensor/temp,20.05
2025-11-17 10:44:54,lan/sala2/sensor/temp,21.33
2025-11-17 10:44:55,lan/sala1/sensor/hum,24.62
2025-11-17 10:44:55,lan/sala1/sensor/temp,26.62
2025-11-17 10:44:56,lan/sala2/sensor/temp,19.48
2025-11-17 10:44:57,lan/sala1/sensor/hum,25.86
2025-11-17 10:44:57,lan/sala1/sensor/temp,20.33
2025-11-17 10:44:58,lan/sala2/sensor/temp,20.94
2025-11-17 10:44:59,lan/sala1/sensor/hum,23.39
2025-11-17 10:44:59,lan/sala1/sensor/temp,22.63
2025-11-17 10:45:00,lan/sala2/sensor/temp,26.22
2025-11-17 10:45:01,lan/sala1/sensor/hum,26.04
2025-11-17 10:45:01,lan/sala1/sensor/temp,21.6
2025-11-17 10:45:02,lan/sala2/sensor/temp,25.52
2025-11-17 10:45:03,lan/sala1/sensor/hum,23.81
2025-11-17 10:45:03,lan/sala1/sensor/temp,28.75
2025-11-17 10:45:04,lan/sala2/sensor/temp,21.71
2025-11-17 10:45:05,lan/sala1/sensor/hum,28.73
2025-11-17 10:45:05,lan/sala1/sensor/temp,25.12
2025-11-17 10:45:06,lan/sala2/sensor/temp,28.33
2025-11-17 10:45:07,lan/sala1/sensor/hum,28.29
2025-11-17 10:45:07,lan/sala1/sensor/temp,25.34
2025-11-17 10:45:08,lan/sala2/sensor/temp,29.16
2025-11-17 10:45:09,lan/sala1/sensor/hum,23.36
2025-11-17 10:45:09,lan/sala1/sensor/temp,23.7
2025-11-17 10:45:10,lan/sala2/sensor/temp,24.39
2025-11-17 10:45:11,lan/sala1/sensor/hum,28.78
2025-11-17 10:45:11,lan/sala1/sensor/temp,29.02
2025-11-17 10:45:12,lan/sala2/sensor/temp,25.21
2025-11-17 10:45:13,lan/sala1/sensor/hum,18.16
2025-11-17 10:45:13,lan/sala1/sensor/temp,19.1
2025-11-17 10:45:14,lan/sala2/sensor/temp,28.13
2025-11-17 10:45:15,lan/sala1/sensor/hum,24.12
2025-11-17 10:45:15,lan/sala1/sensor/temp,24.08
2025-11-17 10:45:16,lan/sala2/sensor/temp,29.12
2025-11-17 10:45:17,lan/sala1/sensor/hum,24.89
2025-11-17 10:45:17,lan/sala1/sensor/temp,26.61
2025-11-17 10:45:18,lan/sala2/sensor/temp,21.22
2025-11-17 10:45:19,lan/sala1/sensor/hum,28.3
2025-11-17 10:45:19,lan/sala1/sensor/temp,18.82
2025-11-17 10:45:20,lan/sala2/sensor/temp,24.94
2025-11-17 10:45:21,lan/sala1/sensor/hum,26.01
2025-11-17 10:45:21,lan/sala1/sensor/temp,25.91
2025-11-17 10:45:22,lan/sala2/sensor/temp,26.25
2025-11-17 10:45:23,lan/sala1/sensor/hum,24.23
2025-11-17 10:45:23,lan/sala1/sensor/temp,18.13
2025-11-17 10:45:24,lan/sala2/sensor/temp,22.61
2025-11-17 10:45:25,lan/sala1/sensor/hum,22.91
2025-11-17 10:45:25,lan/sala1/sensor/temp,22.29
2025-11-17 10:45:26,lan/sala2/sensor/temp,22.63
2025-11-17 10:45:27,lan/sala1/sensor/hum,18.77
2025-11-17 10:45:27,lan/sala1/sensor/temp,27.21
2025-11-17 10:45:28,lan/sala2/sensor/temp,25.85
2025-11-17 10:45:29,lan/sala1/sensor/hum,26.13
2025-11-17 10:45:29,lan/sala1/sensor/temp,29.38
2025-11-17 10:45:30,lan/sala2/sensor/temp,21.09
2025-11-17 10:45:31,lan/sala1/sensor/hum,26.23
2025-11-17 10:45:31,lan/sala1/sensor/temp,21.29
2025-11-17 10:45:32,lan/sala2/sensor/temp,18.4
2025-11-17 10:45:33,lan/sala1/sensor/hum,21.15
2025-11-17 10:45:33,lan/sala1/sensor/temp,28.95
2025-11-17 10:45:34,lan/sala2/sensor/temp,26.26
2025-11-17 10:45:35,lan/sala1/sensor/hum,28.65
2025-11-17 10:45:35,lan/sala1/sensor/temp,24.23
2025-11-17 10:45:36,lan/sala2/sensor/temp,27.11
2025-11-17 10:45:37,lan/sala1/sensor/hum,27.89
2025-11-17 10:45:37,lan/sala1/sensor/temp,26.0
2025-11-17 10:45:38,lan/sala2/sensor/temp,18.44
2025-11-17 10:45:39,lan/sala1/sensor/hum,28.69
2025-11-17 10:45:39,lan/sala1/sensor/temp,21.09
2025-11-17 10:45:40,lan/sala2/sensor/temp,24.82
2025-11-17 10:45:41,lan/sala1/sensor/hum,24.55
2025-11-17 10:45:41,lan/sala1/sensor/temp,29.43
2025-11-17 10:45:42,lan/sala2/sensor/temp,19.91
2025-11-17 10:45:43,lan/sala1/sensor/hum,24.28
2025-11-17 10:45:43,lan/sala1/sensor/temp,22.54
2025-11-17 10:45:44,lan/sala2/sensor/temp,24.45
2025-11-17 10:45:45,lan/sala1/sensor/hum,28.85
2025-11-17 10:45:45,lan/sala1/sensor/temp,26.92
2025-11-17 10:45:46,lan/sala2/sensor/temp,18.87
2025-11-17 10:45:47,lan/sala1/sensor/hum,20.33
2025-11-17 10:45:47,lan/sala1/sensor/temp,28.84
2025-11-17 10:45:48,lan/sala2/sensor/temp,28.56
2025-11-17 10:45:49,lan/sala1/sensor/hum,29.38
2025-11-17 10:45:49,lan/sala1/sensor/temp,26.41
2025-11-17 10:45:50,lan/sala2/sensor/temp,22.43
2025-11-17 10:45:51,lan/sala1/sensor/hum,19.55
2025-11-17 10:45:51,lan/sala1/sensor/temp,25.89
2025-11-17 10:45:52,lan/sala2/sensor/temp,22.84
2025-11-17 10:45:53,lan/sala1/sensor/hum,18.64
2025-11-17 10:45:53,lan/sala1/sensor/temp,22.53
2025-11-17 10:45:54,lan/sala2/sensor/temp,21.37
2025-11-17 10:45:55,lan/sala1/sensor/hum,19.75
2025-11-17 10:45:55,lan/sala1/sensor/temp,22.21
2025-11-17 10:45:56,lan/sala2/sensor/temp,19.25
2025-11-17 10:45:57,lan/sala1/sensor/hum,18.69
2025-11-17 10:45:57,lan/sala1/sensor/temp,29.28
2025-11-17 10:45:58,lan/sala2/sensor/temp,27.91
2025-11-17 10:45:59,lan/sala1/sensor/hum,27.98
2025-11-17 10:45:59,lan/sala1/sensor/temp,23.02
2025-11-17 10:46:00,lan/sala2/sensor/temp,27.64
2025-11-17 10:46:01,lan/sala1/sensor/hum,18.15
2025-11-17 10:46:01,lan/sala1/sensor/temp,26.77
2025-11-17 10:46:02,lan/sala2/sensor/temp,27.61
2025-11-17 10:46:03,lan/sala1/sensor/hum,22.51
2025-11-17 10:46:03,lan/sala1/sensor/temp,22.52
2025-11-17 10:46:04,lan/sala2/sensor/temp,26.42
2025-11-17 10:46:05,lan/sala1/sensor/hum,23.77
2025-11-17 10:46:05,lan/sala1/sensor/temp,25.31
2025-11-17 10:46:06,lan/sala2/sensor/temp,20.82
2025-11-17 10:46:07,lan/sala1/sensor/hum,21.16
2025-11-17 10:46:07,lan/sala1/sensor/temp,20.98
2025-11-17 10:46:08,lan/sala2/sensor/temp,29.99
2025-11-17 10:46:09,lan/sala1/sensor/hum,26.15
2025-11-17 10:46:09,lan/sala1/sensor/temp,25.27
2025-11-17 10:46:10,lan/sala2/sensor/temp,25.33
2025-11-17 10:46:11,lan/sala1/sensor/hum,24.15
2025-11-17 10:46:11,lan/sala1/sensor/temp,25.42
2025-11-17 10:46:12,lan/sala2/sensor/temp,22.63
2025-11-17 10:46:13,lan/sala1/sensor/hum,22.26
2025-11-17 10:46:13,lan/sala1/sensor/temp,18.88
2025-11-17 10:46:14,lan/sala2/sensor/temp,25.68
2025-11-17 10:46:15,lan/sala1/sensor/hum,20.15
2025-11-17 10:46:15,lan/sala1/sensor/temp,28.54
2025-11-17 10:46:16,lan/sala2/sensor/temp,26.44
2025-11-17 10:46:17,lan/sala1/sensor/hum,26.78
2025-11-17 10:46:17,lan/sala1/sensor/temp,22.54
2025-11-17 10:46:18,lan/sala2/sensor/temp,23.66
2025-11-17 10:46:19,lan/sala1/sensor/hum,29.5
2025-11-17 10:46:19,lan/sala1/sensor/temp,20.64
2025-11-17 10:46:20,lan/sala2/sensor/temp,22.14
2025-11-17 10:46:21,lan/sala1/sensor/hum,22.39
2025-11-17 10:46:21,lan/sala1/sensor/temp,28.43
2025-11-17 10:46:22,lan/sala2/sensor/temp,28.95
2025-11-17 10:46:23,lan/sala1/sensor/hum,26.41
2025-11-17 10:46:23,lan/sala1/sensor/temp,28.56
2025-11-17 10:46:24,lan/sala2/sensor/temp,25.74
2025-11-17 10:46:25,lan/sala1/sensor/hum,19.19
2025-11-17 10:46:25,lan/sala1/sensor/temp,20.96
2025-11-17 10:46:26,lan/sala2/sensor/temp,28.5
2025-11-17 10:46:27,lan/sala1/sensor/hum,27.64
2025-11-17 10:46:27,lan/sala1/sensor/temp,28.16
2025-11-17 10:46:28,lan/sala2/sensor/temp,25.23
2025-11-17 10:46:29,lan/sala1/sensor/hum,18.95
2025-11-17 10:46:29,lan/sala1/sensor/temp,25.34
2025-11-17 10:46:30,lan/sala2/sensor/temp,18.5
2025-11-17 10:46:31,lan/sala1/sensor/hum,25.31
2025-11-17 10:46:31,lan/sala1/sensor/temp,24.22
2025-11-17 10:46:32,lan/sala2/sensor/temp,18.72
2025-11-17 10:46:33,lan/sala1/sensor/hum,28.65
2025-11-17 10:46:33,lan/sala1/sensor/temp,20.9
2025-11-17 10:46:34,lan/sala2/sensor/temp,26.26
2025-11-17 10:46:35,lan/sala1/sensor/hum,23.43
2025-11-17 10:46:35,lan/sala1/sensor/temp,23.49
2025-11-17 10:46:36,lan/sala2/sensor/temp,29.86
2025-11-17 10:46:37,lan/sala1/sensor/hum,22.36
2025-11-17 10:46:37,lan/sala1/sensor/temp,24.15
2025-11-17 10:46:38,lan/sala2/sensor/temp,21.28
2025-11-17 10:46:39,lan/sala1/sensor/hum,18.81
2025-11-17 10:46:39,lan/sala1/sensor/temp,22.34
2025-11-17 10:46:40,lan/sala2/sensor/temp,26.73
2025-11-17 10:46:41,lan/sala1/sensor/hum,22.2
2025-11-17 10:46:41,lan/sala1/sensor/temp,22.54
2025-11-17 10:46:42,lan/sala2/sensor/temp,20.5
2025-11-17 10:46:43,lan/sala1/sensor/hum,28.64
2025-11-17 10:46:43,lan/sala1/sensor/temp,24.95
2025-11-17 10:46:44,lan/sala2/sensor/temp,28.64
2025-11-17 10:46:45,lan/sala1/sensor/hum,19.05
2025-11-17 10:46:45,lan/sala1/sensor/temp,21.44
2025-11-17 10:46:46,lan/sala2/sensor/temp,29.78
2025-11-17 10:46:47,lan/sala1/sensor/hum,24.79
2025-11-17 10:46:47,lan/sala1/sensor/temp,22.37
2025-11-17 10:46:48,lan/sala2/sensor/temp,22.27
2025-11-17 10:46:49,lan/sala1/sensor/hum,25.03
2025-11-17 10:46:49,lan/sala1/sensor/temp,28.65
2025-11-17 10:46:50,lan/sala2/sensor/temp,19.08
2025-11-17 10:46:51,lan/sala1/sensor/hum,24.22
2025-11-17 10:46:51,lan/sala1/sensor/temp,24.08
2025-11-17 10:46:52,lan/sala2/sensor/temp,24.76
2025-11-17 10:46:53,lan/sala1/sensor/hum,19.93
2025-11-17 10:46:53,lan/sala1/sensor/temp,25.51
2025-11-17 10:46:54,lan/sala2/sensor/temp,26.58
2025-11-17 10:46:55,lan/sala1/sensor/hum,23.48
2025-11-17 10:46:55,lan/sala1/sensor/temp,21.25
2025-11-17 10:46:56,lan/sala2/sensor/temp,20.15
2025-11-17 10:46:57,lan/sala1/sensor/hum,18.22
2025-11-17 10:46:57,lan/sala1/sensor/temp,20.54
2025-11-17 10:46:58,lan/sala2/sensor/temp,21.54
2025-11-17 10:46:59,lan/sala1/sensor/hum,27.05
2025-11-17 10:46:59,lan/sala1/sensor/temp,26.85
2025-11-17 10:47:00,lan/sala2/sensor/temp,26.3
2025-11-17 10:47:01,lan/sala1/sensor/hum,18.31
2025-11-17 10:47:01,lan/sala1/sensor/temp,21.95
2025-11-17 10:47:02,lan/sala2/sensor/temp,20.73
2025-11-17 10:47:03,lan/sala1/sensor/hum,18.98
2025-11-17 10:47:03,lan/sala1/sensor/temp,25.29
2025-11-17 10:47:04,lan/sala2/sensor/temp,18.69
2025-11-17 10:47:05,lan/sala1/sensor/hum,19.26
2025-11-17 10:47:05,lan/sala1/sensor/temp,23.14
2025-11-17 10:47:06,lan/sala2/sensor/temp,18.42
2025-11-17 10:47:07,lan/sala1/sensor/hum,28.21
2025-11-17 10:47:07,lan/sala1/sensor/temp,25.9
2025-11-17 10:47:08,lan/sala2/sensor/temp,20.15
2025-11-17 10:47:09,lan/sala1/sensor/hum,29.66
2025-11-17 10:47:09,lan/sala1/sensor/temp,23.79
2025-11-17 10:47:10,lan/sala2/sensor/temp,21.06
2025-11-17 10:47:11,lan/sala1/sensor/hum,25.65
2025-11-17 10:47:11,lan/sala1/sensor/temp,23.94
2025-11-17 10:47:12,lan/sala2/sensor/temp,29.59
2025-11-17 10:47:13,lan/sala1/sensor/hum,19.92
2025-11-17 10:47:13,lan/sala1/sensor/temp,27.46
2025-11-17 10:47:14,lan/sala2/sensor/temp,22.93
2025-11-17 10:47:15,lan/sala1/sensor/hum,26.83
2025-11-17 10:47:15,lan/sala1/sensor/temp,26.0
2025-11-17 10:47:16,lan/sala2/sensor/temp,28.44
2025-11-17 10:47:17,lan/sala1/sensor/hum,23.36
2025-11-17 10:47:17,lan/sala1/sensor/temp,21.9
2025-11-17 10:47:18,lan/sala2/sensor/temp,18.22
2025-11-17 10:47:19,lan/sala1/sensor/hum,23.43
2025-11-17 10:47:19,lan/sala1/sensor/temp,26.18
2025-11-17 10:47:20,lan/sala2/sensor/temp,18.34
2025-11-17 10:47:21,lan/sala1/sensor/hum,18.67
2025-11-17 10:47:21,lan/sala1/sensor/temp,26.81
2025-11-17 10:47:22,lan/sala2/sensor/temp,29.06
2025-11-17 10:47:23,lan/sala1/sensor/hum,19.97
2025-11-17 10:47:23,lan/sala1/sensor/temp,26.58
2025-11-17 10:47:24,lan/sala2/sensor/temp,25.96
2025-11-17 10:47:25,lan/sala1/sensor/hum,29.41
2025-11-17 10:47:25,lan/sala1/sensor/temp,27.4
2025-11-17 10:47:26,lan/sala2/sensor/temp,24.76
2025-11-17 10:47:27,lan/sala1/sensor/hum,18.53
2025-11-17 10:47:27,lan/sala1/sensor/temp,20.63
2025-11-17 10:47:28,lan/sala2/sensor/temp,25.74
2025-11-17 10:47:29,lan/sala1/sensor/hum,27.14
2025-11-17 10:47:29,lan/sala1/sensor/temp,27.62
2025-11-17 10:47:30,lan/sala2/sensor/temp,27.86
2025-11-17 10:47:31,lan/sala1/sensor/hum,23.73
2025-11-17 10:47:31,lan/sala1/sensor/temp,25.39
2025-11-17 10:47:32,lan/sala2/sensor/temp,29.83
2025-11-17 10:47:33,lan/sala1/sensor/hum,28.33
2025-11-17 10:47:33,lan/sala1/sensor/temp,26.05
2025-11-17 10:47:34,lan/sala2/sensor/temp,19.26
2025-11-17 10:47:35,lan/sala1/sensor/hum,18.99
2025-11-17 10:47:35,lan/sala1/sensor/temp,22.6
2025-11-17 10:47:36,lan/sala2/sensor/temp,19.33
2025-11-17 10:47:37,lan/sala1/sensor/hum,26.72
2025-11-17 10:47:37,lan/sala1/sensor/temp,26.25
2025-11-17 10:47:38,lan/sala2/sensor/temp,24.29
2025-11-17 10:47:39,lan/sala1/sensor/hum,18.99
2025-11-17 10:47:39,lan/sala1/sensor/temp,18.95
2025-11-17 10:47:40,lan/sala2/sensor/temp,22.39
2025-11-17 10:47:41,lan/sala1/sensor/hum,28.2
2025-11-17 10:47:41,lan/sala1/sensor/temp,29.99
2025-11-17 10:47:42,lan/sala2/sensor/temp,29.37
2025-11-17 10:47:43,lan/sala1/sensor/hum,19.21
2025-11-17 10:47:43,lan/sala1/sensor/temp,22.47
2025-11-17 10:47:44,lan/sala2/sensor/temp,20.83
2025-11-17 10:47:45,lan/sala1/sensor/hum,27.23
2025-11-17 10:47:45,lan/sala1/sensor/temp,20.53
2025-11-17 10:47:46,lan/sala2/sensor/temp,24.14
2025-11-17 10:47:47,lan/sala1/sensor/hum,25.29
2025-11-17 10:47:48,lan/sala1/sensor/temp,26.63
2025-11-17 10:47:48,lan/sala2/sensor/temp,24.44
2025-11-17 10:47:49,lan/sala1/sensor/hum,19.03
2025-11-17 10:47:50,lan/sala1/sensor/temp,19.5
2025-11-17 10:47:50,lan/sala2/sensor/temp,19.89
2025-11-17 10:47:51,lan/sala1/sensor/hum,22.51
2025-11-17 10:47:52,lan/sala1/sensor/temp,29.57
2025-11-17 10:47:52,lan/sala2/sensor/temp,23.6
2025-11-17 10:47:53,lan/sala1/sensor/hum,18.84
2025-11-17 10:47:54,lan/sala1/sensor/temp,20.34
2025-11-17 10:47:54,lan/sala2/sensor/temp,27.43
2025-11-17 10:47:55,lan/sala1/sensor/hum,20.24
2025-11-17 10:47:56,lan/sala1/sensor/temp,22.56
2025-11-17 10:47:56,lan/sala2/sensor/temp,26.74
2025-11-17 10:47:57,lan/sala1/sensor/hum,22.05
2025-11-17 10:47:58,lan/sala1/sensor/temp,18.34
2025-11-17 10:47:58,lan/sala2/sensor/temp,28.93
2025-11-17 10:47:59,lan/sala1/sensor/hum,19.74
2025-11-17 10:48:00,lan/sala1/sensor/temp,27.97
2025-11-17 10:48:00,lan/sala2/sensor/temp,29.72
2025-11-17 10:48:01,lan/sala1/sensor/hum,22.97
2025-11-17 10:48:02,lan/sala1/sensor/temp,26.81
2025-11-17 10:48:02,lan/sala2/sensor/temp,21.96
2025-11-17 10:48:03,lan/sala1/sensor/hum,25.7
2025-11-17 10:48:04,lan/sala1/sensor/temp,22.52
2025-11-17 10:48:04,lan/sala2/sensor/temp,23.87
2025-11-17 10:48:05,lan/sala1/sensor/hum,19.25
2025-11-17 10:48:06,lan/sala1/sensor/temp,24.59
2025-11-17 10:48:06,lan/sala2/sensor/temp,27.09
2025-11-17 10:48:07,lan/sala1/sensor/hum,25.15
2025-11-17 10:48:08,lan/sala1/sensor/temp,23.7
2025-11-17 10:48:08,lan/sala2/sensor/temp,18.6
2025-11-17 10:48:09,lan/sala1/sensor/hum,27.07
2025-11-17 10:48:10,lan/sala1/sensor/temp,28.96
2025-11-17 10:48:10,lan/sala2/sensor/temp,28.12
2025-11-17 10:48:11,lan/sala1/sensor/hum,25.8
2025-11-17 10:48:12,lan/sala1/sensor/temp,28.36
2025-11-17 10:48:12,lan/sala2/sensor/temp,26.03
2025-11-17 10:48:13,lan/sala1/sensor/hum,28.34
2025-11-17 10:48:14,lan/sala1/sensor/temp,25.87
2025-11-17 10:48:14,lan/sala2/sensor/temp,20.51
2025-11-17 10:48:15,lan/sala1/sensor/hum,26.74
2025-11-17 10:48:16,lan/sala1/sensor/temp,29.88
2025-11-17 10:48:16,lan/sala2/sensor/temp,29.5
2025-11-17 10:48:17,lan/sala1/sensor/hum,18.91
2025-11-17 10:48:18,lan/sala1/sensor/temp,20.45
2025-11-17 10:48:18,lan/sala2/sensor/temp,27.56
2025-11-17 10:48:19,lan/sala1/sensor/hum,19.31
2025-11-17 10:48:20,lan/sala1/sensor/temp,21.06
2025-11-17 10:48:20,lan/sala2/sensor/temp,29.44
2025-11-17 10:48:21,lan/sala1/sensor/hum,19.03
2025-11-17 10:48:22,lan/sala1/sensor/temp,22.44
2025-11-17 10:48:22,lan/sala2/sensor/temp,21.18
2025-11-17 10:48:23,lan/sala1/sensor/hum,24.26
2025-11-17 10:48:24,lan/sala1/sensor/temp,21.95
2025-11-17 10:48:24,lan/sala2/sensor/temp,27.84
2025-11-17 10:48:25,lan/sala1/sensor/hum,25.4
2025-11-17 10:48:26,lan/sala1/sensor/temp,19.82
2025-11-17 10:48:26,lan/sala2/sensor/temp,29.45
2025-11-17 10:48:27,lan/sala1/sensor/hum,21.31
2025-11-17 10:48:28,lan/sala1/sensor/temp,28.68
2025-11-17 10:48:28,lan/sala2/sensor/temp,25.04
2025-11-17 10:48:29,lan/sala1/sensor/hum,22.02
2025-11-17 10:48:30,lan/sala1/sensor/temp,20.38
2025-11-17 10:48:30,lan/sala2/sensor/temp,26.69
2025-11-17 10:48:31,lan/sala1/sensor/hum,18.51
2025-11-17 10:48:32,lan/sala1/sensor/temp,27.01
2025-11-17 10:48:32,lan/sala2/sensor/temp,21.57
2025-11-17 10:48:33,lan/sala1/sensor/hum,21.01
2025-11-17 10:48:34,lan/sala1/sensor/temp,24.64
2025-11-17 10:48:34,lan/sala2/sensor/temp,29.25
2025-11-17 10:48:35,lan/sala1/sensor/hum,29.21
2025-11-17 10:48:36,lan/sala1/sensor/temp,23.8
2025-11-17 10:48:36,lan/sala2/sensor/temp,27.7
2025-11-17 10:48:37,lan/sala1/sensor/hum,19.65
2025-11-17 10:48:38,lan/sala1/sensor/temp,26.03
2025-11-17 10:48:38,lan/sala2/sensor/temp,20.7
2025-11-17 10:48:39,lan/sala1/sensor/hum,21.55
2025-11-17 10:48:40,lan/sala1/sensor/temp,23.08
2025-11-17 10:48:40,lan/sala2/sensor/temp,25.81
2025-11-17 10:48:41,lan/sala1/sensor/hum,29.84
2025-11-17 10:48:42,lan/sala1/sensor/temp,26.55
2025-11-17 10:48:42,lan/sala2/sensor/temp,19.75
2025-11-17 10:48:43,lan/sala1/sensor/hum,22.51
2025-11-17 10:48:44,lan/sala1/sensor/temp,27.62
2025-11-17 10:48:44,lan/sala2/sensor/temp,24.49
2025-11-17 10:48:45,lan/sala1/sensor/hum,29.05
2025-11-17 10:48:46,lan/sala1/sensor/temp,24.7
2025-11-17 10:48:46,lan/sala2/sensor/temp,22.52
2025-11-17 10:48:47,lan/sala1/sensor/hum,21.47
2025-11-17 10:48:48,lan/sala1/sensor/temp,23.43
2025-11-17 10:48:48,lan/sala2/sensor/temp,23.94
2025-11-17 10:48:49,lan/sala1/sensor/hum,23.45
2025-11-17 10:48:50,lan/sala1/sensor/temp,26.43
2025-11-17 10:48:50,lan/sala2/sensor/temp,26.28
2025-11-17 10:48:51,lan/sala1/sensor/hum,22.53
2025-11-17 10:48:52,lan/sala1/sensor/temp,25.45
2025-11-17 10:48:52,lan/sala2/sensor/temp,26.99
2025-11-17 10:48:53,lan/sala1/sensor/hum,28.76
2025-11-17 10:48:54,lan/sala1/sensor/temp,24.27
2025-11-17 10:48:54,lan/sala2/sensor/temp,27.93
2025-11-17 10:48:55,lan/sala1/sensor/hum,22.04
2025-11-17 10:48:56,lan/sala1/sensor/temp,26.26
2025-11-17 10:48:56,lan/sala2/sensor/temp,23.44
2025-11-17 10:48:57,lan/sala1/sensor/hum,21.32
2025-11-17 10:48:58,lan/sala1/sensor/temp,28.08
2025-11-17 10:48:58,lan/sala2/sensor/temp,21.64
2025-11-17 10:48:59,lan/sala1/sensor/hum,22.91
2025-11-17 10:49:00,lan/sala1/sensor/temp,27.74
2025-11-17 10:49:00,lan/sala2/sensor/temp,25.09
2025-11-17 10:49:01,lan/sala1/sensor/hum,27.97
2025-11-17 10:49:02,lan/sala1/sensor/temp,21.33
2025-11-17 10:49:02,lan/sala2/sensor/temp,18.72
2025-11-17 10:49:03,lan/sala1/sensor/hum,23.48
2025-11-17 10:49:04,lan/sala1/sensor/temp,23.85
2025-11-17 10:49:04,lan/sala2/sensor/temp,28.38
2025-11-17 10:49:05,lan/sala1/sensor/hum,20.8
2025-11-17 10:49:06,lan/sala1/sensor/temp,21.3
2025-11-17 10:49:06,lan/sala2/sensor/temp,22.61
2025-11-17 10:49:07,lan/sala1/sensor/hum,23.33
2025-11-17 10:49:08,lan/sala1/sensor/temp,25.02
2025-11-17 10:49:08,lan/sala2/sensor/temp,26.6
2025-11-17 10:49:09,lan/sala1/sensor/hum,23.97
2025-11-17 10:49:10,lan/sala1/sensor/temp,20.98
2025-11-17 10:49:10,lan/sala2/sensor/temp,24.58
2025-11-17 10:49:11,lan/sala1/sensor/hum,22.34
2025-11-17 10:49:12,lan/sala1/sensor/temp,22.56
2025-11-17 10:49:12,lan/sala2/sensor/temp,29.71
2025-11-17 10:49:13,lan/sala1/sensor/hum,21.05
2025-11-17 10:49:14,lan/sala1/sensor/temp,27.85
2025-11-17 10:49:14,lan/sala2/sensor/temp,22.21
2025-11-17 10:49:15,lan/sala1/sensor/hum,20.7
2025-11-17 10:49:16,lan/sala1/sensor/temp,22.28
2025-11-17 10:49:16,lan/sala2/sensor/temp,29.4
2025-11-17 10:49:17,lan/sala1/sensor/hum,26.21
2025-11-17 10:49:18,lan/sala1/sensor/temp,26.42
2025-11-17 10:49:18,lan/sala2/sensor/temp,26.97
2025-11-17 10:49:19,lan/sala1/sensor/hum,21.37
2025-11-17 10:49:20,lan/sala1/sensor/temp,23.01
2025-11-17 10:49:20,lan/sala2/sensor/temp,28.95
2025-11-17 10:49:21,lan/sala1/sensor/hum,24.6
2025-11-17 10:49:22,lan/sala1/sensor/temp,24.38
2025-11-17 10:49:22,lan/sala2/sensor/temp,22.79
2025-11-17 10:49:23,lan/sala1/sensor/hum,22.32
2025-11-17 10:49:24,lan/sala1/sensor/temp,19.01
2025-11-17 10:49:24,lan/sala2/sensor/temp,24.34
2025-11-17 10:49:25,lan/sala1/sensor/hum,19.31
2025-11-17 10:49:26,lan/sala1/sensor/temp,20.76
2025-11-17 10:49:26,lan/sala2/sensor/temp,24.77
2025-11-17 10:49:27,lan/sala1/sensor/hum,18.33
2025-11-17 10:49:28,lan/sala1/sensor/temp,28.39
2025-11-17 10:49:28,lan/sala2/sensor/temp,27.6
2025-11-17 10:49:29,lan/sala1/sensor/hum,29.46
2025-11-17 10:49:30,lan/sala1/sensor/temp,21.68
2025-11-17 10:49:30,lan/sala2/sensor/temp,19.72
2025-11-17 10:49:31,lan/sala1/sensor/hum,23.97
2025-11-17 10:49:32,lan/sala1/sensor/temp,29.34
2025-11-17 10:49:32,lan/sala2/sensor/temp,20.76
2025-11-17 10:49:33,lan/sala1/sensor/hum,24.64
2025-11-17 10:49:34,lan/sala1/sensor/temp,29.27
2025-11-17 10:49:34,lan/sala2/sensor/temp,27.78
2025-11-17 10:49:35,lan/sala1/sensor/hum,24.89
2025-11-17 10:49:36,lan/sala1/sensor/temp,24.04
2025-11-17 10:49:36,lan/sala2/sensor/temp,22.22
2025-11-17 10:49:37,lan/sala1/sensor/hum,20.93
2025-11-17 10:49:38,lan/sala1/sensor/temp,19.68
2025-11-17 10:49:38,lan/sala2/sensor/temp,28.25
2025-11-17 10:49:39,lan/sala1/sensor/hum,24.15
2025-11-17 10:49:40,lan/sala1/sensor/temp,27.29
2025-11-17 10:49:40,lan/sala2/sensor/temp,21.9
2025-11-17 10:49:41,lan/sala1/sensor/hum,24.98
2025-11-17 10:49:42,lan/sala1/sensor/temp,26.37
2025-11-17 10:49:42,lan/sala2/sensor/temp,22.42
2025-11-17 10:49:43,lan/sala1/sensor/hum,23.88
2025-11-17 10:49:44,lan/sala1/sensor/temp,21.57
2025-11-17 10:49:44,lan/sala2/sensor/temp,27.78
2025-11-17 10:49:45,lan/sala1/sensor/hum,24.3
2025-11-17 10:49:46,lan/sala1/sensor/temp,26.69
2025-11-17 10:49:46,lan/sala2/sensor/temp,18.07
2025-11-17 10:49:47,lan/sala1/sensor/hum,27.8
2025-11-17 10:49:48,lan/sala1/sensor/temp,26.0
2025-11-17 10:49:48,lan/sala2/sensor/temp,26.5
2025-11-17 10:49:49,lan/sala1/sensor/hum,24.53
2025-11-17 10:49:50,lan/sala1/sensor/temp,22.78
2025-11-17 10:49:50,lan/sala2/sensor/temp,23.03
2025-11-17 10:49:51,lan/sala1/sensor/hum,28.57
2025-11-17 10:49:52,lan/sala1/sensor/temp,25.29
2025-11-17 10:49:52,lan/sala2/sensor/temp,21.4
2025-11-17 10:49:53,lan/sala1/sensor/hum,18.5
2025-11-17 10:49:54,lan/sala1/sensor/temp,28.84
2025-11-17 10:49:54,lan/sala2/sensor/temp,25.61
2025-11-17 10:49:55,lan/sala1/sensor/hum,21.0
2025-11-17 10:49:56,lan/sala1/sensor/temp,22.87
2025-11-17 10:49:56,lan/sala2/sensor/temp,18.74
2025-11-17 10:49:57,lan/sala1/sensor/hum,22.75
2025-11-17 10:49:58,lan/sala1/sensor/temp,20.35
2025-11-17 10:49:58,lan/sala2/sensor/temp,27.03
2025-11-17 10:49:59,lan/sala1/sensor/hum,25.82
2025-11-17 10:50:00,lan/sala1/sensor/temp,23.46
2025-11-17 10:50:00,lan/sala2/sensor/temp,24.94
2025-11-17 10:50:01,lan/sala1/sensor/hum,28.14
2025-11-17 10:50:02,lan/sala1/sensor/temp,21.63
2025-11-17 10:50:02,lan/sala2/sensor/temp,19.87
2025-11-17 10:50:03,lan/sala1/sensor/hum,28.01
2025-11-17 10:50:04,lan/sala1/sensor/temp,19.81
2025-11-17 10:50:04,lan/sala2/sensor/temp,23.75
2025-11-17 10:50:05,lan/sala1/sensor/hum,23.07
2025-11-17 10:50:06,lan/sala1/sensor/temp,23.46
2025-11-17 10:50:06,lan/sala2/sensor/temp,22.23
2025-11-17 10:50:07,lan/sala1/sensor/hum,25.16
2025-11-17 10:50:08,lan/sala1/sensor/temp,27.15
2025-11-17 10:50:08,lan/sala2/sensor/temp,18.79
2025-11-17 10:50:09,lan/sala1/sensor/hum,18.82
2025-11-17 10:50:10,lan/sala1/sensor/temp,29.34
2025-11-17 10:50:10,lan/sala2/sensor/temp,26.75
2025-11-17 10:50:11,lan/sala1/sensor/hum,27.06
2025-11-17 10:50:12,lan/sala1/sensor/temp,26.57
2025-11-17 10:50:12,lan/sala2/sensor/temp,28.81
2025-11-17 10:50:13,lan/sala1/sensor/hum,21.84
2025-11-17 10:50:14,lan/sala1/sensor/temp,24.78
2025-11-17 10:50:14,lan/sala2/sensor/temp,24.92
2025-11-17 10:50:15,lan/sala1/sensor/hum,21.22
2025-11-17 10:50:16,lan/sala1/sensor/temp,20.52
2025-11-17 10:50:16,lan/sala2/sensor/temp,24.37
2025-11-17 10:50:17,lan/sala1/sensor/hum,23.2
2025-11-17 10:50:18,lan/sala1/sensor/temp,27.43
2025-11-17 10:50:18,lan/sala2/sensor/temp,20.15
2025-11-17 10:50:19,lan/sala1/sensor/hum,19.9
2025-11-17 10:50:20,lan/sala1/sensor/temp,28.61
2025-11-17 10:50:20,lan/sala2/sensor/temp,28.08
2025-11-17 10:50:21,lan/sala1/sensor/hum,24.63
2025-11-17 10:50:22,lan/sala1/sensor/temp,20.24
2025-11-17 10:50:22,lan/sala2/sensor/temp,18.69
2025-11-17 10:50:23,lan/sala1/sensor/hum,28.81
2025-11-17 10:50:24,lan/sala1/sensor/temp,20.16
2025-11-17 10:50:24,lan/sala2/sensor/temp,27.71
2025-11-17 10:50:25,lan/sala1/sensor/hum,24.31
2025-11-17 10:50:26,lan/sala1/sensor/temp,20.47
2025-11-17 10:50:26,lan/sala2/sensor/temp,28.15
2025-11-17 10:50:27,lan/sala1/sensor/hum,29.07
2025-11-17 10:50:28,lan/sala1/sensor/temp,24.91
2025-11-17 10:50:28,lan/sala2/sensor/temp,22.56
2025-11-17 10:50:29,lan/sala1/sensor/hum,28.22
2025-11-17 10:50:30,lan/sala1/sensor/temp,28.65
2025-11-17 10:50:30,lan/sala2/sensor/temp,27.54
2025-11-17 10:50:31,lan/sala1/sensor/hum,22.4
2025-11-17 10:50:32,lan/sala1/sensor/temp,27.82
2025-11-17 10:50:32,lan/sala2/sensor/temp,27.71
2025-11-17 10:50:33,lan/sala1/sensor/hum,20.44
2025-11-17 10:50:34,lan/sala1/sensor/temp,24.94
2025-11-17 10:50:34,lan/sala2/sensor/temp,19.97
2025-11-17 10:50:35,lan/sala1/sensor/hum,27.51
2025-11-17 10:50:36,lan/sala1/sensor/temp,21.86
2025-11-17 10:50:36,lan/sala2/sensor/temp,21.52
2025-11-17 10:50:37,lan/sala1/sensor/hum,23.86
2025-11-17 10:50:38,lan/sala1/sensor/temp,24.26
2025-11-17 10:50:38,lan/sala2/sensor/temp,27.72
2025-11-17 10:50:39,lan/sala1/sensor/hum,24.77
2025-11-17 10:50:40,lan/sala1/sensor/temp,29.89
2025-11-17 10:50:40,lan/sala2/sensor/temp,22.49
2025-11-17 10:50:41,lan/sala1/sensor/hum,27.11
2025-11-17 10:50:42,lan/sala1/sensor/temp,22.44
2025-11-17 10:50:42,lan/sala2/sensor/temp,24.86
2025-11-17 10:50:43,lan/sala1/sensor/hum,27.37
2025-11-17 10:50:44,lan/sala1/sensor/temp,22.82
2025-11-17 10:50:44,lan/sala2/sensor/temp,19.58
2025-11-17 10:50:45,lan/sala1/sensor/hum,25.46
2025-11-17 10:50:46,lan/sala1/sensor/temp,18.74
2025-11-17 10:50:46,lan/sala2/sensor/temp,21.36
2025-11-17 10:50:47,lan/sala1/sensor/hum,22.53
2025-11-17 10:50:48,lan/sala1/sensor/temp,23.19
2025-11-17 10:50:48,lan/sala2/sensor/temp,19.6
2025-11-17 10:50:49,lan/sala1/sensor/hum,18.57
2025-11-17 10:50:50,lan/sala1/sensor/temp,24.69
2025-11-17 10:50:50,lan/sala2/sensor/temp,28.65
2025-11-17 10:50:51,lan/sala1/sensor/hum,24.53
2025-11-17 10:50:52,lan/sala1/sensor/temp,25.97
2025-11-17 10:50:52,lan/sala2/sensor/temp,26.53
2025-11-17 10:50:53,lan/sala1/sensor/hum,27.64
2025-11-17 10:50:54,lan/sala1/sensor/temp,26.69
2025-11-17 10:50:54,lan/sala2/sensor/temp,24.96
2025-11-17 10:50:55,lan/sala1/sensor/hum,25.75
2025-11-17 10:50:56,lan/sala1/sensor/temp,22.77
2025-11-17 10:50:56,lan/sala2/sensor/temp,26.43
2025-11-17 10:50:57,lan/sala1/sensor/hum,21.78
2025-11-17 10:50:58,lan/sala1/sensor/temp,22.47
2025-11-17 10:50:59,lan/sala2/sensor/temp,21.85
2025-11-17 10:50:59,lan/sala1/sensor/hum,27.26
2025-11-17 10:51:00,lan/sala1/sensor/temp,20.96
2025-11-17 10:51:01,lan/sala2/sensor/temp,27.76
2025-11-17 10:51:01,lan/sala1/sensor/hum,28.49
2025-11-17 10:51:02,lan/sala1/sensor/temp,26.78
2025-11-17 10:51:02,lan/sala2/sensor/temp,27.0
2025-11-17 10:51:03,lan/sala1/sensor/hum,27.0
2025-11-17 10:51:04,lan/sala1/sensor/temp,25.48
2025-11-17 10:51:05,lan/sala2/sensor/temp,20.57
2025-11-17 10:51:05,lan/sala1/sensor/hum,29.53
2025-11-17 10:51:06,lan/sala1/sensor/temp,29.75
2025-11-17 10:51:07,lan/sala2/sensor/temp,23.29
2025-11-17 10:51:07,lan/sala1/sensor/hum,19.17
2025-11-17 10:51:08,lan/sala1/sensor/temp,24.46
2025-11-17 10:51:09,lan/sala2/sensor/temp,19.15
2025-11-17 10:51:09,lan/sala1/sensor/hum,29.95
2025-11-17 10:51:10,lan/sala1/sensor/temp,29.26
2025-11-17 10:51:11,lan/sala2/sensor/temp,23.9
2025-11-17 10:51:11,lan/sala1/sensor/hum,20.0
2025-11-17 10:51:12,lan/sala1/sensor/temp,28.56
2025-11-17 10:51:13,lan/sala2/sensor/temp,25.66
2025-11-17 10:51:13,lan/sala1/sensor/hum,24.9
2025-11-17 10:51:14,lan/sala1/sensor/temp,28.93
2025-11-17 10:51:15,lan/sala2/sensor/temp,27.61
2025-11-17 10:51:15,lan/sala1/sensor/hum,28.66
2025-11-17 10:51:16,lan/sala1/sensor/temp,18.07
2025-11-17 10:51:17,lan/sala2/sensor/temp,21.33
2025-11-17 10:51:17,lan/sala1/sensor/hum,24.71
2025-11-17 10:51:18,lan/sala1/sensor/temp,24.99
2025-11-17 10:51:19,lan/sala2/sensor/temp,25.01
2025-11-17 10:51:19,lan/sala1/sensor/hum,19.12
2025-11-17 10:51:20,lan/sala1/sensor/temp,22.21
2025-11-17 10:51:21,lan/sala2/sensor/temp,21.15
2025-11-17 10:51:21,lan/sala1/sensor/hum,25.46
2025-11-17 10:51:22,lan/sala1/sensor/temp,19.53
2025-11-17 10:51:23,lan/sala2/sensor/temp,19.79
2025-11-17 10:51:23,lan/sala1/sensor/hum,25.77
2025-11-17 10:51:24,lan/sala1/sensor/temp,23.97
2025-11-17 10:51:25,lan/sala2/sensor/temp,20.15
2025-11-17 10:51:25,lan/sala1/sensor/hum,21.78
2025-11-17 10:51:26,lan/sala1/sensor/temp,20.14
2025-11-17 10:51:27,lan/sala2/sensor/temp,23.99
2025-11-17 10:51:27,lan/sala1/sensor/hum,20.06
2025-11-17 10:51:28,lan/sala1/sensor/temp,25.11
2025-11-17 10:51:29,lan/sala2/sensor/temp,29.1
2025-11-17 10:51:29,lan/sala1/sensor/hum,21.6
2025-11-17 10:51:30,lan/sala1/sensor/temp,28.64
2025-11-17 10:51:31,lan/sala2/sensor/temp,25.7
2025-11-17 10:51:31,lan/sala1/sensor/hum,26.73
2025-11-17 10:51:32,lan/sala1/sensor/temp,23.33
2025-11-17 10:51:33,lan/sala2/sensor/temp,26.59
2025-11-17 10:51:33,lan/sala1/sensor/hum,22.68
2025-11-17 10:51:34,lan/sala1/sensor/temp,28.21
2025-11-17 10:51:35,lan/sala2/sensor/temp,26.43
2025-11-17 10:51:35,lan/sala1/sensor/hum,18.54
2025-11-17 10:51:36,lan/sala1/sensor/temp,20.94
2025-11-17 10:51:37,lan/sala2/sensor/temp,23.66
2025-11-17 10:51:37,lan/sala1/sensor/hum,29.57
2025-11-17 10:51:38,lan/sala1/sensor/temp,22.17
2025-11-17 10:51:39,lan/sala2/sensor/temp,19.29
2025-11-17 10:51:39,lan/sala1/sensor/hum,22.93
2025-11-17 10:51:40,lan/sala1/sensor/temp,21.66
2025-11-17 10:51:41,lan/sala2/sensor/temp,27.6
2025-11-17 10:51:41,lan/sala1/sensor/hum,25.45
2025-11-17 10:51:42,lan/sala1/sensor/temp,18.39
2025-11-17 10:51:43,lan/sala2/sensor/temp,29.05
2025-11-17 10:51:43,lan/sala1/sensor/hum,18.74
2025-11-17 10:51:44,lan/sala1/sensor/temp,24.5
2025-11-17 10:51:45,lan/sala2/sensor/temp,27.67
2025-11-17 10:51:45,lan/sala1/sensor/hum,28.33
2025-11-17 10:51:46,lan/sala1/sensor/temp,28.83
2025-11-17 10:51:47,lan/sala2/sensor/temp,21.43
2025-11-17 10:51:47,lan/sala1/sensor/hum,20.29
2025-11-17 10:51:48,lan/sala1/sensor/temp,19.63
2025-11-17 10:51:49,lan/sala2/sensor/temp,20.92
2025-11-17 10:51:49,lan/sala1/sensor/hum,23.74
2025-11-17 10:51:50,lan/sala1/sensor/temp,18.95
2025-11-17 10:51:51,lan/sala2/sensor/temp,18.46
2025-11-17 10:51:51,lan/sala1/sensor/hum,26.04
2025-11-17 10:51:52,lan/sala1/sensor/temp,20.37
2025-11-17 10:51:53,lan/sala2/sensor/temp,23.75
2025-11-17 10:51:53,lan/sala1/sensor/hum,28.31
2025-11-17 10:51:54,lan/sala1/sensor/temp,23.91
2025-11-17 10:51:55,lan/sala2/sensor/temp,26.23
2025-11-17 10:51:55,lan/sala1/sensor/hum,28.41
2025-11-17 10:51:56,lan/sala1/sensor/temp,28.41
2025-11-17 10:51:57,lan/sala2/sensor/temp,23.82
2025-11-17 10:51:57,lan/sala1/sensor/hum,23.52
2025-11-17 10:51:58,lan/sala1/sensor/temp,24.45
2025-11-17 10:51:59,lan/sala2/sensor/temp,18.34
2025-11-17 10:51:59,lan/sala1/sensor/hum,22.27
2025-11-17 10:52:00,lan/sala1/sensor/temp,20.3
2025-11-17 10:52:01,lan/sala2/sensor/temp,19.69
2025-11-17 10:52:01,lan/sala1/sensor/hum,26.19
2025-11-17 10:52:02,lan/sala1/sensor/temp,26.21
2025-11-17 10:52:03,lan/sala2/sensor/temp,28.96
2025-11-17 10:52:03,lan/sala1/sensor/hum,21.12
2025-11-17 10:52:04,lan/sala1/sensor/temp,29.68
2025-11-17 10:52:05,lan/sala2/sensor/temp,19.45
2025-11-17 10:52:05,lan/sala1/sensor/hum,28.97
2025-11-17 10:52:06,lan/sala1/sensor/temp,20.27
2025-11-17 10:52:07,lan/sala2/sensor/temp,25.29
2025-11-17 10:52:07,lan/sala1/sensor/hum,28.56
2025-11-17 10:52:08,lan/sala1/sensor/temp,29.59
2025-11-17 10:52:09,lan/sala2/sensor/temp,29.81
2025-11-17 10:52:09,lan/sala1/sensor/hum,22.59
2025-11-17 10:52:10,lan/sala1/sensor/temp,23.85
2025-11-17 10:52:11,lan/sala2/sensor/temp,28.21
2025-11-17 10:52:11,lan/sala1/sensor/hum,28.67
2025-11-17 10:52:12,lan/sala1/sensor/temp,25.74
2025-11-17 10:52:13,lan/sala2/sensor/temp,20.5
2025-11-17 10:52:13,lan/sala1/sensor/hum,26.79
2025-11-17 10:52:14,lan/sala1/sensor/temp,27.69
2025-11-17 10:52:15,lan/sala2/sensor/temp,26.13
2025-11-17 10:52:15,lan/sala1/sensor/hum,24.21
2025-11-17 10:52:16,lan/sala1/sensor/temp,25.64
2025-11-17 10:52:17,lan/sala2/sensor/temp,20.63
2025-11-17 10:52:17,lan/sala1/sensor/hum,27.31
2025-11-17 10:52:18,lan/sala1/sensor/temp,25.12
2025-11-17 10:52:19,lan/sala2/sensor/temp,20.49
2025-11-17 10:52:19,lan/sala1/sensor/hum,18.64
2025-11-17 10:52:20,lan/sala1/sensor/temp,26.64
2025-11-17 10:52:21,lan/sala2/sensor/temp,29.51
2025-11-17 10:52:21,lan/sala1/sensor/hum,27.77
2025-11-17 10:52:22,lan/sala1/sensor/temp,19.7
2025-11-17 10:52:23,lan/sala2/sensor/temp,23.28
2025-11-17 10:52:23,lan/sala1/sensor/hum,27.93
2025-11-17 10:52:24,lan/sala1/sensor/temp,19.85
2025-11-17 10:52:25,lan/sala2/sensor/temp,27.32
2025-11-17 10:52:25,lan/sala1/sensor/hum,22.34
2025-11-17 10:52:26,lan/sala1/sensor/temp,21.23
2025-11-17 10:52:27,lan/sala2/sensor/temp,23.02
2025-11-17 10:52:27,lan/sala1/sensor/hum,21.76
2025-11-17 10:52:28,lan/sala1/sensor/temp,23.26
2025-11-17 10:52:29,lan/sala2/sensor/temp,23.25
2025-11-17 10:52:29,lan/sala1/sensor/hum,21.57
2025-11-17 10:52:30,lan/sala1/sensor/temp,29.21
2025-11-17 10:52:31,lan/sala2/sensor/temp,24.43
2025-11-17 10:52:31,lan/sala1/sensor/hum,20.88
2025-11-17 10:52:32,lan/sala1/sensor/temp,20.17
2025-11-17 10:52:33,lan/sala2/sensor/temp,25.42
2025-11-17 10:52:33,lan/sala1/sensor/hum,27.58
2025-11-17 10:52:34,lan/sala1/sensor/temp,25.07
2025-11-17 10:52:35,lan/sala2/sensor/temp,23.41
2025-11-17 10:52:35,lan/sala1/sensor/hum,20.83
2025-11-17 10:52:36,lan/sala1/sensor/temp,29.48
2025-11-17 10:52:37,lan/sala2/sensor/temp,28.14
2025-11-17 10:52:37,lan/sala1/sensor/hum,18.49
2025-11-17 10:52:38,lan/sala1/sensor/temp,26.3
2025-11-17 10:52:39,lan/sala2/sensor/temp,18.35
2025-11-17 10:52:39,lan/sala1/sensor/hum,28.41
2025-11-17 10:52:40,lan/sala1/sensor/temp,25.8
2025-11-17 10:52:41,lan/sala2/sensor/temp,20.18
2025-11-17 10:52:41,lan/sala1/sensor/hum,26.3
2025-11-17 10:52:42,lan/sala1/sensor/temp,24.19
2025-11-17 10:52:43,lan/sala2/sensor/temp,24.76
2025-11-17 10:52:43,lan/sala1/sensor/hum,26.93
2025-11-17 10:52:44,lan/sala1/sensor/temp,26.66
2025-11-17 10:52:45,lan/sala2/sensor/temp,20.2
2025-11-17 10:52:45,lan/sala1/sensor/hum,21.5
2025-11-17 10:52:46,lan/sala1/sensor/temp,19.32
2025-11-17 10:52:47,lan/sala2/sensor/temp,25.47
2025-11-17 10:52:47,lan/sala1/sensor/hum,23.42
2025-11-17 10:52:48,lan/sala1/sensor/temp,22.7
2025-11-17 10:52:49,lan/sala2/sensor/temp,25.33
2025-11-17 10:52:49,lan/sala1/sensor/hum,18.99
2025-11-17 10:52:50,lan/sala1/sensor/temp,18.12
2025-11-17 10:52:51,lan/sala2/sensor/temp,21.45
2025-11-17 10:52:51,lan/sala1/sensor/hum,19.82
2025-11-17 10:52:52,lan/sala1/sensor/temp,21.31
2025-11-17 10:52:53,lan/sala2/sensor/temp,20.76
2025-11-17 10:52:53,lan/sala1/sensor/hum,21.59
2025-11-17 10:52:54,lan/sala1/sensor/temp,29.58
2025-11-17 10:52:55,lan/sala2/sensor/temp,28.47
2025-11-17 10:52:55,lan/sala1/sensor/hum,25.04
2025-11-17 10:52:56,lan/sala1/sensor/temp,22.23
2025-11-17 10:52:57,lan/sala2/sensor/temp,29.49
2025-11-17 10:52:57,lan/sala1/sensor/hum,22.0
2025-11-17 10:52:58,lan/sala1/sensor/temp,20.6
2025-11-17 10:52:59,lan/sala2/sensor/temp,18.17
2025-11-17 10:52:59,lan/sala1/sensor/hum,21.13
2025-11-17 10:53:00,lan/sala1/sensor/temp,23.07
2025-11-17 10:53:01,lan/sala2/sensor/temp,20.99
2025-11-17 10:53:01,lan/sala1/sensor/hum,22.1
2025-11-17 10:53:02,lan/sala1/sensor/temp,28.83
2025-11-17 10:53:03,lan/sala2/sensor/temp,27.41
2025-11-17 10:53:03,lan/sala1/sensor/hum,27.36
2025-11-17 10:53:04,lan/sala1/sensor/temp,25.26
2025-11-17 10:53:05,lan/sala2/sensor/temp,25.59
2025-11-17 10:53:05,lan/sala1/sensor/hum,22.44
2025-11-17 10:53:06,lan/sala1/sensor/temp,28.61
2025-11-17 10:53:07,lan/sala2/sensor/temp,21.03
2025-11-17 10:53:07,lan/sala1/sensor/hum,29.85
2025-11-17 10:53:08,lan/sala1/sensor/temp,28.13
2025-11-17 10:53:09,lan/sala2/sensor/temp,22.89
2025-11-17 10:53:09,lan/sala1/sensor/hum,29.36
2025-11-17 10:53:10,lan/sala1/sensor/temp,19.12
2025-11-17 10:53:11,lan/sala2/sensor/temp,21.33
2025-11-17 10:53:11,lan/sala1/sensor/hum,27.83
2025-11-17 10:53:12,lan/sala1/sensor/temp,25.75
2025-11-17 10:53:13,lan/sala2/sensor/temp,27.34
2025-11-17 10:53:13,lan/sala1/sensor/hum,25.0
2025-11-17 10:53:14,lan/sala1/sensor/temp,29.86
2025-11-17 10:53:15,lan/sala2/sensor/temp,25.89
2025-11-17 10:53:15,lan/sala1/sensor/hum,23.05
2025-11-17 10:53:16,lan/sala1/sensor/temp,24.81
2025-11-17 10:53:17,lan/sala2/sensor/temp,23.75
2025-11-17 10:53:17,lan/sala1/sensor/hum,23.63
2025-11-17 10:53:18,lan/sala1/sensor/temp,26.38
2025-11-17 10:53:19,lan/sala2/sensor/temp,19.06
2025-11-17 10:53:19,lan/sala1/sensor/hum,21.57
2025-11-17 10:53:20,lan/sala1/sensor/temp,27.62
2025-11-17 10:53:21,lan/sala2/sensor/temp,19.0
2025-11-17 10:53:21,lan/sala1/sensor/hum,25.99
2025-11-17 10:53:22,lan/sala1/sensor/temp,22.87
2025-11-17 10:53:23,lan/sala2/sensor/temp,27.12
2025-11-17 10:53:23,lan/sala1/sensor/hum,20.08
2025-11-17 10:53:24,lan/sala1/sensor/temp,27.34
2025-11-17 10:53:25,lan/sala2/sensor/temp,19.64
2025-11-17 10:53:25,lan/sala1/sensor/hum,25.4
2025-11-17 10:53:26,lan/sala1/sensor/temp,28.95
2025-11-17 10:53:27,lan/sala2/sensor/temp,25.4
2025-11-17 10:53:27,lan/sala1/sensor/hum,18.81
2025-11-17 10:53:28,lan/sala1/sensor/temp,26.08
2025-11-17 10:53:29,lan/sala2/sensor/temp,29.05
2025-11-17 10:53:29,lan/sala1/sensor/hum,19.95
2025-11-17 10:53:30,lan/sala1/sensor/temp,28.58
2025-11-17 10:53:31,lan/sala2/sensor/temp,21.14
2025-11-17 10:53:31,lan/sala1/sensor/hum,21.2
2025-11-17 10:53:32,lan/sala1/sensor/temp,26.96
2025-11-17 10:53:33,lan/sala2/sensor/temp,29.76
2025-11-17 10:53:33,lan/sala1/sensor/hum,24.85
2025-11-17 10:53:34,lan/sala1/sensor/temp,27.66
2025-11-17 10:53:35,lan/sala2/sensor/temp,29.35
2025-11-17 10:53:35,lan/sala1/sensor/hum,20.1
2025-11-17 10:53:36,lan/sala1/sensor/temp,26.77
2025-11-17 10:53:37,lan/sala2/sensor/temp,18.58
2025-11-17 10:53:37,lan/sala1/sensor/hum,26.2
2025-11-17 10:53:38,lan/sala1/sensor/temp,26.15
2025-11-17 10:53:39,lan/sala2/sensor/temp,26.32
2025-11-17 10:53:39,lan/sala1/sensor/hum,22.83
2025-11-17 10:53:40,lan/sala1/sensor/temp,28.89
2025-11-17 10:53:41,lan/sala2/sensor/temp,24.38
2025-11-17 10:53:41,lan/sala1/sensor/hum,29.13
2025-11-17 10:53:42,lan/sala1/sensor/temp,18.94
2025-11-17 10:53:43,lan/sala2/sensor/temp,20.03
2025-11-17 10:53:43,lan/sala1/sensor/hum,19.75
2025-11-17 10:53:44,lan/sala1/sensor/temp,23.43
2025-11-17 10:53:45,lan/sala2/sensor/temp,29.09
2025-11-17 10:53:45,lan/sala1/sensor/hum,24.37
2025-11-17 10:53:46,lan/sala1/sensor/temp,20.64
2025-11-17 10:53:47,lan/sala2/sensor/temp,19.13
2025-11-17 10:53:47,lan/sala1/sensor/hum,20.17
2025-11-17 10:53:48,lan/sala1/sensor/temp,21.54
2025-11-17 10:53:49,lan/sala2/sensor/temp,25.19
2025-11-17 10:53:49,lan/sala1/sensor/hum,29.04
2025-11-17 10:53:50,lan/sala1/sensor/temp,28.62
2025-11-17 10:53:51,lan/sala2/sensor/temp,28.83
2025-11-17 10:53:51,lan/sala1/sensor/hum,23.02
2025-11-17 10:53:52,lan/sala1/sensor/temp,20.2
2025-11-17 10:53:53,lan/sala2/sensor/temp,23.47
2025-11-17 10:53:53,lan/sala1/sensor/hum,18.21
2025-11-17 10:53:54,lan/sala1/sensor/temp,26.68
2025-11-17 10:53:55,lan/sala2/sensor/temp,18.45
2025-11-17 10:53:55,lan/sala1/sensor/hum,28.85
2025-11-17 10:53:56,lan/sala1/sensor/temp,29.06
2025-11-17 10:53:57,lan/sala2/sensor/temp,25.42
2025-11-17 10:53:57,lan/sala1/sensor/hum,26.59
2025-11-17 10:53:58,lan/sala1/sensor/temp,23.54
2025-11-17 10:53:59,lan/sala2/sensor/temp,24.5
2025-11-17 10:53:59,lan/sala1/sensor/hum,21.35
2025-11-17 10:54:00,lan/sala1/sensor/temp,18.07
2025-11-17 10:54:01,lan/sala2/sensor/temp,27.4
2025-11-17 10:54:01,lan/sala1/sensor/hum,26.19
2025-11-17 10:54:02,lan/sala1/sensor/temp,18.06
2025-11-17 10:54:03,lan/sala2/sensor/temp,26.44
2025-11-17 10:54:03,lan/sala1/sensor/hum,18.23
2025-11-17 10:54:04,lan/sala1/sensor/temp,21.89
2025-11-17 10:54:05,lan/sala2/sensor/temp,28.15
2025-11-17 10:54:05,lan/sala1/sensor/hum,26.92
2025-11-17 10:54:06,lan/sala1/sensor/temp,24.49
2025-11-17 10:54:07,lan/sala2/sensor/temp,19.11
2025-11-17 10:54:07,lan/sala1/sensor/hum,28.11
2025-11-17 10:54:08,lan/sala1/sensor/temp,19.96
2025-11-17 10:54:09,lan/sala2/sensor/temp,26.21
2025-11-17 10:54:09,lan/sala1/sensor/hum,21.84
2025-11-17 10:54:10,lan/sala1/sensor/temp,29.44
2025-11-17 10:54:11,lan/sala2/sensor/temp,27.32
2025-11-17 10:54:11,lan/sala1/sensor/hum,25.51
2025-11-17 10:54:12,lan/sala1/sensor/temp,28.73
2025-11-17 10:54:13,lan/sala2/sensor/temp,18.57
2025-11-17 10:54:13,lan/sala1/sensor/hum,29.34
2025-11-17 10:54:14,lan/sala1/sensor/temp,27.2
2025-11-17 10:54:15,lan/sala2/sensor/temp,20.61
2025-11-17 10:54:15,lan/sala1/sensor/hum,24.28
2025-11-17 10:54:16,lan/sala1/sensor/temp,23.7
2025-11-17 10:54:17,lan/sala2/sensor/temp,23.45
2025-11-17 10:54:17,lan/sala1/sensor/hum,25.93
2025-11-17 10:54:18,lan/sala1/sensor/temp,25.12
2025-11-17 10:54:19,lan/sala2/sensor/temp,29.56
2025-11-17 10:54:19,lan/sala1/sensor/hum,26.1
2025-11-17 10:54:20,lan/sala1/sensor/temp,22.37
2025-11-17 10:54:21,lan/sala2/sensor/temp,29.11
2025-11-17 10:54:21,lan/sala1/sensor/hum,23.92
2025-11-17 10:54:22,lan/sala1/sensor/temp,24.49
2025-11-17 10:54:23,lan/sala2/sensor/temp,24.9
2025-11-17 10:54:23,lan/sala1/sensor/hum,28.77
2025-11-17 10:54:24,lan/sala1/sensor/temp,28.55
2025-11-17 10:54:25,lan/sala2/sensor/temp,21.87
2025-11-17 10:54:25,lan/sala1/sensor/hum,22.88
2025-11-17 10:54:26,lan/sala1/sensor/temp,26.8
2025-11-17 10:54:27,lan/sala2/sensor/temp,25.98
2025-11-17 10:54:27,lan/sala1/sensor/hum,20.88
2025-11-17 10:54:28,lan/sala1/sensor/temp,20.27
2025-11-17 10:54:29,lan/sala2/sensor/temp,18.61
2025-11-17 10:54:29,lan/sala1/sensor/hum,23.31
2025-11-17 10:54:30,lan/sala1/sensor/temp,18.5
2025-11-17 10:54:31,lan/sala2/sensor/temp,22.63
2025-11-17 10:54:31,lan/sala1/sensor/hum,23.54
2025-11-17 10:54:32,lan/sala1/sensor/temp,29.17
2025-11-17 10:54:33,lan/sala2/sensor/temp,18.08
2025-11-17 10:54:33,lan/sala1/sensor/hum,27.04
2025-11-17 10:54:34,lan/sala1/sensor/temp,22.53
2025-11-17 10:54:35,lan/sala2/sensor/temp,22.67
2025-11-17 10:54:35,lan/sala1/sensor/hum,27.57
2025-11-17 10:54:36,lan/sala1/sensor/temp,26.23
2025-11-17 10:54:37,lan/sala2/sensor/temp,25.11
2025-11-17 10:54:37,lan/sala1/sensor/hum,23.61
2025-11-17 10:54:38,lan/sala1/sensor/temp,20.96
2025-11-17 10:54:39,lan/sala2/sensor/temp,24.9
2025-11-17 10:54:39,lan/sala1/sensor/hum,28.43
2025-11-17 10:54:40,lan/sala1/sensor/temp,26.07
2025-11-17 10:54:41,lan/sala2/sensor/temp,27.98
2025-11-17 10:54:41,lan/sala1/sensor/hum,25.09
2025-11-17 10:54:42,lan/sala1/sensor/temp,26.6
2025-11-17 10:54:43,lan/sala2/sensor/temp,22.32
2025-11-17 10:54:43,lan/sala1/sensor/hum,18.57
2025-11-17 10:54:44,lan/sala1/sensor/temp,19.66
2025-11-17 10:54:45,lan/sala2/sensor/temp,18.5
2025-11-17 10:54:45,lan/sala1/sensor/hum,18.03
2025-11-17 10:54:46,lan/sala1/sensor/temp,23.19
2025-11-17 10:54:47,lan/sala2/sensor/temp,21.4
2025-11-17 10:54:47,lan/sala1/sensor/hum,26.22
2025-11-17 10:54:48,lan/sala1/sensor/temp,28.27
2025-11-17 10:54:49,lan/sala2/sensor/temp,21.58
2025-11-17 10:54:49,lan/sala1/sensor/hum,23.49
2025-11-17 10:54:50,lan/sala1/sensor/temp,28.03
2025-11-17 10:54:51,lan/sala2/sensor/temp,24.45
2025-11-17 10:54:51,lan/sala1/sensor/hum,28.51
2025-11-17 10:54:52,lan/sala1/sensor/temp,23.37
2025-11-17 10:54:53,lan/sala2/sensor/temp,29.4
2025-11-17 10:54:54,lan/sala1/sensor/hum,25.71
2025-11-17 10:54:54,lan/sala1/sensor/temp,19.27
2025-11-17 10:54:55,lan/sala2/sensor/temp,28.6
2025-11-17 10:54:55,lan/sala1/sensor/hum,23.48
2025-11-17 10:54:56,lan/sala1/sensor/temp,28.43
2025-11-17 10:54:57,lan/sala2/sensor/temp,22.19
2025-11-17 10:54:57,lan/sala1/sensor/hum,28.22
2025-11-17 10:54:58,lan/sala1/sensor/temp,27.9
2025-11-17 10:54:59,lan/sala2/sensor/temp,21.64
2025-11-17 10:54:59,lan/sala1/sensor/hum,18.6
2025-11-17 10:55:00,lan/sala1/sensor/temp,19.2
2025-11-17 10:55:01,lan/sala2/sensor/temp,25.42
2025-11-17 10:55:01,lan/sala1/sensor/hum,28.21
2025-11-17 10:55:02,lan/sala1/sensor/temp,29.21
2025-11-17 10:55:03,lan/sala2/sensor/temp,23.38
2025-11-17 10:55:03,lan/sala1/sensor/hum,20.48
2025-11-17 10:55:04,lan/sala1/sensor/temp,19.01
2025-11-17 10:55:05,lan/sala2/sensor/temp,18.62
2025-11-17 10:55:05,lan/sala1/sensor/hum,27.26
2025-11-17 10:55:06,lan/sala1/sensor/temp,22.91
2025-11-17 10:55:07,lan/sala2/sensor/temp,21.22
2025-11-17 10:55:07,lan/sala1/sensor/hum,29.59
2025-11-17 10:55:08,lan/sala1/sensor/temp,29.18
2025-11-17 10:55:09,lan/sala2/sensor/temp,28.53
2025-11-17 10:55:09,lan/sala1/sensor/hum,23.88
2025-11-17 10:55:10,lan/sala1/sensor/temp,18.29
2025-11-17 10:55:11,lan/sala2/sensor/temp,26.65
2025-11-17 10:55:11,lan/sala1/sensor/hum,28.12
2025-11-17 10:55:12,lan/sala1/sensor/temp,23.5
2025-11-17 10:55:13,lan/sala2/sensor/temp,21.28
2025-11-17 10:55:13,lan/sala1/sensor/hum,23.75
2025-11-17 10:55:14,lan/sala1/sensor/temp,29.45
2025-11-17 10:55:15,lan/sala2/sensor/temp,19.4
2025-11-17 10:55:15,lan/sala1/sensor/hum,28.13
2025-11-17 10:55:16,lan/sala1/sensor/temp,25.03
2025-11-17 10:55:17,lan/sala2/sensor/temp,24.1
2025-11-17 10:55:18,lan/sala1/sensor/hum,29.67
2025-11-17 10:55:18,lan/sala1/sensor/temp,20.4
2025-11-17 10:55:19,lan/sala2/sensor/temp,27.74
2025-11-17 10:55:19,lan/sala1/sensor/hum,24.38
2025-11-17 10:55:20,lan/sala1/sensor/temp,21.86
2025-11-17 10:55:21,lan/sala2/sensor/temp,21.82
2025-11-17 10:55:21,lan/sala1/sensor/hum,19.31
2025-11-17 10:55:22,lan/sala1/sensor/temp,19.74
2025-11-17 10:55:23,lan/sala2/sensor/temp,18.87
2025-11-17 10:55:24,lan/sala1/sensor/hum,27.91
2025-11-17 10:55:24,lan/sala1/sensor/temp,29.18
2025-11-17 10:55:25,lan/sala2/sensor/temp,24.59
2025-11-17 10:55:26,lan/sala1/sensor/hum,27.66
2025-11-17 10:55:26,lan/sala1/sensor/temp,25.56
2025-11-17 10:55:27,lan/sala2/sensor/temp,25.11
2025-11-17 10:55:27,lan/sala1/sensor/hum,19.26
2025-11-17 10:55:28,lan/sala1/sensor/temp,19.44
2025-11-17 10:55:29,lan/sala2/sensor/temp,25.12
2025-11-17 10:55:29,lan/sala1/sensor/hum,28.37
2025-11-17 10:55:30,lan/sala1/sensor/temp,24.34
2025-11-17 10:55:31,lan/sala2/sensor/temp,18.52
2025-11-17 10:55:31,lan/sala1/sensor/hum,21.21
2025-11-17 10:55:32,lan/sala1/sensor/temp,20.4
2025-11-17 10:55:33,lan/sala2/sensor/temp,24.84
2025-11-17 10:55:33,lan/sala1/sensor/hum,24.12
2025-11-17 10:55:34,lan/sala1/sensor/temp,22.13
2025-11-17 10:55:35,lan/sala2/sensor/temp,22.39
2025-11-17 10:55:35,lan/sala1/sensor/hum,25.48
2025-11-17 10:55:36,lan/sala1/sensor/temp,25.4
2025-11-17 10:55:37,lan/sala2/sensor/temp,25.47
2025-11-17 10:55:37,lan/sala1/sensor/hum,28.07
2025-11-17 10:55:38,lan/sala1/sensor/temp,24.35
2025-11-17 10:55:39,lan/sala2/sensor/temp,22.06
2025-11-17 10:55:40,lan/sala1/sensor/hum,18.38
2025-11-17 10:55:40,lan/sala1/sensor/temp,24.53
2025-11-17 10:55:41,lan/sala2/sensor/temp,20.89
2025-11-17 10:55:42,lan/sala1/sensor/hum,28.97
2025-11-17 10:55:42,lan/sala1/sensor/temp,24.58
2025-11-17 10:55:43,lan/sala2/sensor/temp,22.07
2025-11-17 10:55:43,lan/sala1/sensor/hum,26.34
2025-11-17 10:55:44,lan/sala1/sensor/temp,21.3
2025-11-17 10:55:45,lan/sala2/sensor/temp,18.56
2025-11-17 10:55:45,lan/sala1/sensor/hum,21.84
2025-11-17 10:55:46,lan/sala1/sensor/temp,24.59
2025-11-17 10:55:47,lan/sala2/sensor/temp,26.14
2025-11-17 10:55:48,lan/sala1/sensor/hum,25.33
2025-11-17 10:55:48,lan/sala1/sensor/temp,29.7
2025-11-17 10:55:49,lan/sala2/sensor/temp,29.17
2025-11-17 10:55:50,lan/sala1/sensor/hum,21.18
2025-11-17 10:55:50,lan/sala1/sensor/temp,21.46
2025-11-17 10:55:51,lan/sala2/sensor/temp,24.88
2025-11-17 10:55:52,lan/sala1/sensor/hum,19.23
2025-11-17 10:55:52,lan/sala1/sensor/temp,22.73
2025-11-17 10:55:53,lan/sala2/sensor/temp,25.36
2025-11-17 10:55:54,lan/sala1/sensor/hum,26.86
2025-11-17 10:55:54,lan/sala1/sensor/temp,25.07
2025-11-17 10:55:55,lan/sala2/sensor/temp,29.49
2025-11-17 10:55:55,lan/sala1/sensor/hum,22.42
2025-11-17 10:55:56,lan/sala1/sensor/temp,21.68
2025-11-17 10:55:57,lan/sala2/sensor/temp,27.06
2025-11-17 10:55:58,lan/sala1/sensor/hum,27.61
2025-11-17 10:55:58,lan/sala1/sensor/temp,19.65
2025-11-17 10:55:59,lan/sala2/sensor/temp,23.85
2025-11-17 10:56:00,lan/sala1/sensor/hum,20.59
2025-11-17 10:56:00,lan/sala1/sensor/temp,26.56
2025-11-17 10:56:01,lan/sala2/sensor/temp,22.57
2025-11-17 10:56:02,lan/sala1/sensor/hum,28.41
2025-11-17 10:56:02,lan/sala1/sensor/temp,18.22
2025-11-17 10:56:03,lan/sala2/sensor/temp,23.57
2025-11-17 10:56:04,lan/sala1/sensor/hum,24.78
2025-11-17 10:56:04,lan/sala1/sensor/temp,26.68
2025-11-17 10:56:05,lan/sala2/sensor/temp,22.1
2025-11-17 10:56:06,lan/sala1/sensor/hum,25.51
2025-11-17 10:56:06,lan/sala1/sensor/temp,19.83
2025-11-17 10:56:07,lan/sala2/sensor/temp,18.3
2025-11-17 10:56:08,lan/sala1/sensor/hum,21.39
2025-11-17 10:56:08,lan/sala1/sensor/temp,19.08
2025-11-17 10:56:09,lan/sala2/sensor/temp,21.11
2025-11-17 10:56:10,lan/sala1/sensor/hum,18.17
2025-11-17 10:56:10,lan/sala1/sensor/temp,18.71
2025-11-17 10:56:11,lan/sala2/sensor/temp,28.73
2025-11-17 10:56:12,lan/sala1/sensor/hum,26.29
2025-11-17 10:56:12,lan/sala1/sensor/temp,22.85
2025-11-17 10:56:13,lan/sala2/sensor/temp,24.74
2025-11-17 10:56:14,lan/sala1/sensor/hum,28.94
2025-11-17 10:56:14,lan/sala1/sensor/temp,18.88
2025-11-17 10:56:15,lan/sala2/sensor/temp,21.17
2025-11-17 10:56:16,lan/sala1/sensor/hum,27.95
2025-11-17 10:56:16,lan/sala1/sensor/temp,18.41
2025-11-17 10:56:17,lan/sala2/sensor/temp,28.12
2025-11-17 10:56:18,lan/sala1/sensor/hum,21.14
2025-11-17 10:56:18,lan/sala1/sensor/temp,23.23
2025-11-17 10:56:19,lan/sala2/sensor/temp,22.47
2025-11-17 10:56:20,lan/sala1/sensor/hum,23.35
2025-11-17 10:56:20,lan/sala1/sensor/temp,20.44
2025-11-17 10:56:21,lan/sala2/sensor/temp,18.91
2025-11-17 10:56:22,lan/sala1/sensor/hum,19.33
2025-11-17 10:56:22,lan/sala1/sensor/temp,22.19
2025-11-17 10:56:23,lan/sala2/sensor/temp,22.38
2025-11-17 10:56:24,lan/sala1/sensor/hum,21.28
2025-11-17 10:56:24,lan/sala1/sensor/temp,22.02
2025-11-17 10:56:25,lan/sala2/sensor/temp,19.04
2025-11-17 10:56:26,lan/sala1/sensor/hum,23.44
2025-11-17 10:56:26,lan/sala1/sensor/temp,29.91
2025-11-17 10:56:27,lan/sala2/sensor/temp,18.97
2025-11-17 10:56:28,lan/sala1/sensor/hum,18.6
2025-11-17 10:56:28,lan/sala1/sensor/temp,22.83
2025-11-17 10:56:29,lan/sala2/sensor/temp,20.67
2025-11-17 10:56:30,lan/sala1/sensor/hum,29.78
2025-11-17 10:56:30,lan/sala1/sensor/temp,22.35
2025-11-17 10:56:31,lan/sala2/sensor/temp,19.58
2025-11-17 10:56:32,lan/sala1/sensor/hum,20.13
2025-11-17 10:56:32,lan/sala1/sensor/temp,27.6
2025-11-17 10:56:33,lan/sala2/sensor/temp,27.52
2025-11-17 10:56:34,lan/sala1/sensor/hum,18.5
2025-11-17 10:56:34,lan/sala1/sensor/temp,18.55
2025-11-17 10:56:35,lan/sala2/sensor/temp,22.96
2025-11-17 10:56:36,lan/sala1/sensor/hum,23.26
2025-11-17 10:56:36,lan/sala1/sensor/temp,29.81
2025-11-17 10:56:37,lan/sala2/sensor/temp,20.33
2025-11-17 10:56:38,lan/sala1/sensor/hum,25.53
2025-11-17 10:56:38,lan/sala1/sensor/temp,22.85
2025-11-17 10:56:39,lan/sala2/sensor/temp,26.1
2025-11-17 10:56:40,lan/sala1/sensor/hum,24.52
2025-11-17 10:56:40,lan/sala1/sensor/temp,20.5
2025-11-17 10:56:41,lan/sala2/sensor/temp,23.32
2025-11-17 10:56:42,lan/sala1/sensor/hum,20.55
2025-11-17 10:56:42,lan/sala1/sensor/temp,28.96
2025-11-17 10:56:43,lan/sala2/sensor/temp,23.31
2025-11-17 10:56:44,lan/sala1/sensor/hum,28.89
2025-11-17 10:56:44,lan/sala1/sensor/temp,24.58
2025-11-17 10:56:45,lan/sala2/sensor/temp,28.74
2025-11-17 10:56:46,lan/sala1/sensor/hum,27.37
2025-11-17 10:56:46,lan/sala1/sensor/temp,26.59
2025-11-17 10:56:47,lan/sala2/sensor/temp,23.79
2025-11-17 10:56:48,lan/sala1/sensor/hum,20.28
2025-11-17 10:56:48,lan/sala1/sensor/temp,25.47
2025-11-17 10:56:49,lan/sala2/sensor/temp,19.93
2025-11-17 10:56:50,lan/sala1/sensor/hum,20.51
2025-11-17 10:56:50,lan/sala1/sensor/temp,18.41
2025-11-17 10:56:51,lan/sala2/sensor/temp,24.64
2025-11-17 10:56:52,lan/sala1/sensor/hum,23.5
2025-11-17 10:56:52,lan/sala1/sensor/temp,23.17
2025-11-17 10:56:53,lan/sala2/sensor/temp,25.32
2025-11-17 10:56:54,lan/sala1/sensor/hum,25.39
2025-11-17 10:56:54,lan/sala1/sensor/temp,26.61
2025-11-17 10:56:55,lan/sala2/sensor/temp,18.62
2025-11-17 10:56:56,lan/sala1/sensor/hum,23.06
2025-11-17 10:56:56,lan/sala1/sensor/temp,27.97
2025-11-17 10:56:57,lan/sala2/sensor/temp,29.4
2025-11-17 10:56:58,lan/sala1/sensor/hum,23.89
2025-11-17 10:56:58,lan/sala1/sensor/temp,25.7
2025-11-17 10:56:59,lan/sala2/sensor/temp,28.51
2025-11-17 10:57:00,lan/sala1/sensor/hum,18.09
2025-11-17 10:57:00,lan/sala1/sensor/temp,27.73
2025-11-17 10:57:01,lan/sala2/sensor/temp,28.08
2025-11-17 10:57:02,lan/sala1/sensor/hum,24.25
2025-11-17 10:57:02,lan/sala1/sensor/temp,18.71
2025-11-17 10:57:03,lan/sala2/sensor/temp,25.33
2025-11-17 10:57:04,lan/sala1/sensor/hum,28.02
2025-11-17 10:57:04,lan/sala1/sensor/temp,26.43
2025-11-17 10:57:05,lan/sala2/sensor/temp,22.86
2025-11-17 10:57:06,lan/sala1/sensor/hum,21.24
2025-11-17 10:57:06,lan/sala1/sensor/temp,25.7
2025-11-17 10:57:07,lan/sala2/sensor/temp,19.86
2025-11-17 10:57:08,lan/sala1/sensor/hum,24.73
2025-11-17 10:57:08,lan/sala1/sensor/temp,22.49
2025-11-17 10:57:09,lan/sala2/sensor/temp,24.66
2025-11-17 10:57:10,lan/sala1/sensor/hum,24.75
2025-11-17 10:57:10,lan/sala1/sensor/temp,26.88
2025-11-17 10:57:11,lan/sala2/sensor/temp,27.09
2025-11-17 10:57:12,lan/sala1/sensor/hum,23.24
2025-11-17 10:57:12,lan/sala1/sensor/temp,20.85
2025-11-17 10:57:13,lan/sala2/sensor/temp,23.28
2025-11-17 10:57:14,lan/sala1/sensor/hum,25.05
2025-11-17 10:57:14,lan/sala1/sensor/temp,23.36
2025-11-17 10:57:15,lan/sala2/sensor/temp,26.18
2025-11-17 10:57:16,lan/sala1/sensor/hum,28.0
2025-11-17 10:57:16,lan/sala1/sensor/temp,26.05
2025-11-17 10:57:17,lan/sala2/sensor/temp,22.26
2025-11-17 10:57:18,lan/sala1/sensor/hum,20.17
2025-11-17 10:57:18,lan/sala1/sensor/temp,22.9
2025-11-17 10:57:19,lan/sala2/sensor/temp,28.46
2025-11-17 10:57:20,lan/sala1/sensor/hum,22.41
2025-11-17 10:57:20,lan/sala1/sensor/temp,22.39
2025-11-17 10:57:21,lan/sala2/sensor/temp,22.44
2025-11-17 10:57:22,lan/sala1/sensor/hum,29.21
2025-11-17 10:57:22,lan/sala1/sensor/temp,28.37
2025-11-17 10:57:23,lan/sala2/sensor/temp,24.28
2025-11-17 10:57:24,lan/sala1/sensor/hum,24.66
2025-11-17 10:57:24,lan/sala1/sensor/temp,19.88
2025-11-17 10:57:25,lan/sala2/sensor/temp,25.81
2025-11-17 10:57:26,lan/sala1/sensor/hum,25.53
2025-11-17 10:57:26,lan/sala1/sensor/temp,20.15
2025-11-17 10:57:27,lan/sala2/sensor/temp,26.5
2025-11-17 10:57:28,lan/sala1/sensor/hum,28.89
2025-11-17 10:57:28,lan/sala1/sensor/temp,29.12
2025-11-17 10:57:29,lan/sala2/sensor/temp,29.18
2025-11-17 10:57:30,lan/sala1/sensor/hum,22.34
2025-11-17 10:57:30,lan/sala1/sensor/temp,28.57
2025-11-17 10:57:31,lan/sala2/sensor/temp,25.57
2025-11-17 10:57:32,lan/sala1/sensor/hum,26.19
2025-11-17 10:57:32,lan/sala1/sensor/temp,20.35
2025-11-17 10:57:33,lan/sala2/sensor/temp,22.99
2025-11-17 10:57:34,lan/sala1/sensor/hum,26.68
2025-11-17 10:57:34,lan/sala1/sensor/temp,28.81
2025-11-17 10:57:35,lan/sala2/sensor/temp,25.77
2025-11-17 10:57:36,lan/sala1/sensor/hum,23.85
2025-11-17 10:57:36,lan/sala1/sensor/temp,20.0
2025-11-17 10:57:37,lan/sala2/sensor/temp,24.16
2025-11-17 10:57:38,lan/sala1/sensor/hum,27.01
2025-11-17 10:57:38,lan/sala1/sensor/temp,19.41
2025-11-17 10:57:39,lan/sala2/sensor/temp,20.95
2025-11-17 10:57:40,lan/sala1/sensor/hum,24.65
2025-11-17 10:57:40,lan/sala1/sensor/temp,19.8
2025-11-17 10:57:41,lan/sala2/sensor/temp,19.58
2025-11-17 10:57:42,lan/sala1/sensor/hum,25.98
2025-11-17 10:57:42,lan/sala1/sensor/temp,18.34
2025-11-17 10:57:43,lan/sala2/sensor/temp,21.11
2025-11-17 10:57:44,lan/sala1/sensor/hum,21.0
2025-11-17 10:57:44,lan/sala1/sensor/temp,29.91
2025-11-17 10:57:45,lan/sala2/sensor/temp,29.24
2025-11-17 10:57:46,lan/sala1/sensor/hum,25.83
2025-11-17 10:57:46,lan/sala1/sensor/temp,22.16
2025-11-17 10:57:47,lan/sala2/sensor/temp,28.79
2025-11-17 10:57:48,lan/sala1/sensor/hum,19.66
2025-11-17 10:57:48,lan/sala1/sensor/temp,24.07
2025-11-17 10:57:49,lan/sala2/sensor/temp,24.32
2025-11-17 10:57:50,lan/sala1/sensor/hum,20.93
2025-11-17 10:57:50,lan/sala1/sensor/temp,19.78
2025-11-17 10:57:51,lan/sala2/sensor/temp,28.17
2025-11-17 10:57:52,lan/sala1/sensor/hum,21.07
2025-11-17 10:57:52,lan/sala1/sensor/temp,22.03
2025-11-17 10:57:53,lan/sala2/sensor/temp,29.87
2025-11-17 10:57:54,lan/sala1/sensor/hum,27.92
2025-11-17 10:57:54,lan/sala1/sensor/temp,25.34
2025-11-17 10:57:55,lan/sala2/sensor/temp,19.54
2025-11-17 10:57:56,lan/sala1/sensor/hum,26.34
2025-11-17 10:57:56,lan/sala1/sensor/temp,24.96
2025-11-17 10:57:57,lan/sala2/sensor/temp,29.39
2025-11-17 10:57:58,lan/sala1/sensor/hum,18.66
2025-11-17 10:57:58,lan/sala1/sensor/temp,19.45
2025-11-17 10:57:59,lan/sala2/sensor/temp,19.11
2025-11-17 10:58:00,lan/sala1/sensor/hum,18.55
2025-11-17 10:58:00,lan/sala1/sensor/temp,21.92
2025-11-17 10:58:01,lan/sala2/sensor/temp,20.42
2025-11-17 10:58:02,lan/sala1/sensor/hum,19.11
2025-11-17 10:58:02,lan/sala1/sensor/temp,19.48
2025-11-17 10:58:03,lan/sala2/sensor/temp,18.74
2025-11-17 10:58:04,lan/sala1/sensor/hum,19.92
2025-11-17 10:58:04,lan/sala1/sensor/temp,29.42
2025-11-17 10:58:05,lan/sala2/sensor/temp,21.55
2025-11-17 10:58:06,lan/sala1/sensor/hum,26.05
2025-11-17 10:58:06,lan/sala1/sensor/temp,18.33
2025-11-17 10:58:07,lan/sala2/sensor/temp,25.95
2025-11-17 10:58:08,lan/sala1/sensor/hum,26.55
2025-11-17 10:58:08,lan/sala1/sensor/temp,26.31
2025-11-17 10:58:09,lan/sala2/sensor/temp,26.0
2025-11-17 10:58:10,lan/sala1/sensor/hum,18.88
2025-11-17 10:58:10,lan/sala1/sensor/temp,18.45
2025-11-17 10:58:11,lan/sala2/sensor/temp,22.66
2025-11-17 10:58:12,lan/sala1/sensor/hum,28.77
2025-11-17 10:58:12,lan/sala1/sensor/temp,27.06
2025-11-17 10:58:13,lan/sala2/sensor/temp,18.88
2025-11-17 10:58:14,lan/sala1/sensor/hum,25.4
2025-11-17 10:58:14,lan/sala1/sensor/temp,22.71
2025-11-17 10:58:15,lan/sala2/sensor/temp,20.17
2025-11-17 10:58:16,lan/sala1/sensor/hum,28.32
2025-11-17 10:58:16,lan/sala1/sensor/temp,20.5
2025-11-17 10:58:17,lan/sala2/sensor/temp,21.88
2025-11-17 10:58:18,lan/sala1/sensor/hum,22.46
2025-11-17 10:58:18,lan/sala1/sensor/temp,25.28
2025-11-17 10:58:19,lan/sala2/sensor/temp,23.67
2025-11-17 10:58:20,lan/sala1/sensor/hum,25.2
2025-11-17 10:58:20,lan/sala1/sensor/temp,26.08
2025-11-17 10:58:21,lan/sala2/sensor/temp,27.07
2025-11-17 10:58:22,lan/sala1/sensor/hum,25.85
2025-11-17 10:58:22,lan/sala1/sensor/temp,29.85
2025-11-17 10:58:23,lan/sala2/sensor/temp,20.06
2025-11-17 10:58:24,lan/sala1/sensor/hum,19.67
2025-11-17 10:58:24,lan/sala1/sensor/temp,29.71
2025-11-17 10:58:25,lan/sala2/sensor/temp,23.01
2025-11-17 10:58:26,lan/sala1/sensor/hum,28.11
2025-11-17 10:58:26,lan/sala1/sensor/temp,26.86
2025-11-17 10:58:27,lan/sala2/sensor/temp,22.34
2025-11-17 10:58:28,lan/sala1/sensor/hum,20.65
2025-11-17 10:58:28,lan/sala1/sensor/temp,24.0
2025-11-17 10:58:29,lan/sala2/sensor/temp,19.89
2025-11-17 10:58:30,lan/sala1/sensor/hum,22.03
2025-11-17 10:58:30,lan/sala1/sensor/temp,22.67
2025-11-17 10:58:31,lan/sala2/sensor/temp,19.79
2025-11-17 10:58:32,lan/sala1/sensor/hum,28.43
2025-11-17 10:58:32,lan/sala1/sensor/temp,21.57
2025-11-17 10:58:33,lan/sala2/sensor/temp,20.85
2025-11-17 10:58:34,lan/sala1/sensor/hum,23.87
2025-11-17 10:58:34,lan/sala1/sensor/temp,21.77
2025-11-17 10:58:35,lan/sala2/sensor/temp,23.36
2025-11-17 10:58:36,lan/sala1/sensor/hum,24.8
2025-11-17 10:58:36,lan/sala1/sensor/temp,19.77
2025-11-17 10:58:37,lan/sala2/sensor/temp,19.03
2025-11-17 10:58:38,lan/sala1/sensor/hum,29.04
2025-11-17 10:58:38,lan/sala1/sensor/temp,25.87
2025-11-17 10:58:39,lan/sala2/sensor/temp,28.43
2025-11-17 10:58:40,lan/sala1/sensor/hum,18.74
2025-11-17 10:58:40,lan/sala1/sensor/temp,26.45
2025-11-17 10:58:41,lan/sala2/sensor/temp,25.69
2025-11-17 10:58:42,lan/sala1/sensor/hum,22.28
2025-11-17 10:58:42,lan/sala1/sensor/temp,27.0
2025-11-17 10:58:43,lan/sala2/sensor/temp,19.48
2025-11-17 10:58:44,lan/sala1/sensor/hum,19.57
2025-11-17 10:58:44,lan/sala1/sensor/temp,24.08
2025-11-17 10:58:45,lan/sala2/sensor/temp,27.23
2025-11-17 10:58:46,lan/sala1/sensor/hum,25.8
2025-11-17 10:58:46,lan/sala1/sensor/temp,27.57
2025-11-17 10:58:47,lan/sala2/sensor/temp,28.37
2025-11-17 10:58:48,lan/sala1/sensor/hum,25.67
2025-11-17 10:58:48,lan/sala1/sensor/temp,25.75
2025-11-17 10:58:49,lan/sala2/sensor/temp,23.31
2025-11-17 10:58:50,lan/sala1/sensor/hum,22.65
2025-11-17 10:58:50,lan/sala1/sensor/temp,18.76
2025-11-17 10:58:51,lan/sala2/sensor/temp,23.09
2025-11-17 10:58:52,lan/sala1/sensor/hum,29.57
2025-11-17 10:58:52,lan/sala1/sensor/temp,26.55
2025-11-17 10:58:53,lan/sala2/sensor/temp,27.39
2025-11-17 10:58:54,lan/sala1/sensor/hum,22.98
2025-11-17 10:58:54,lan/sala1/sensor/temp,18.26
2025-11-17 10:58:55,lan/sala2/sensor/temp,26.49
2025-11-17 10:58:56,lan/sala1/sensor/hum,23.1
2025-11-17 10:58:56,lan/sala1/sensor/temp,29.26
2025-11-17 10:58:57,lan/sala2/sensor/temp,20.49
2025-11-17 10:58:58,lan/sala1/sensor/hum,20.21
2025-11-17 10:58:58,lan/sala1/sensor/temp,26.98
2025-11-17 10:58:59,lan/sala2/sensor/temp,19.53
2025-11-17 10:59:00,lan/sala1/sensor/hum,19.56
2025-11-17 10:59:00,lan/sala1/sensor/temp,23.63
2025-11-17 10:59:01,lan/sala2/sensor/temp,19.77
2025-11-17 10:59:02,lan/sala1/sensor/hum,26.91
2025-11-17 10:59:02,lan/sala1/sensor/temp,28.92
2025-11-17 10:59:03,lan/sala2/sensor/temp,23.01
2025-11-17 10:59:04,lan/sala1/sensor/hum,29.64
2025-11-17 10:59:04,lan/sala1/sensor/temp,23.48
2025-11-17 10:59:05,lan/sala2/sensor/temp,27.31
2025-11-17 10:59:06,lan/sala1/sensor/hum,23.5
2025-11-17 10:59:06,lan/sala1/sensor/temp,29.55
2025-11-17 10:59:07,lan/sala2/sensor/temp,25.05
2025-11-17 10:59:08,lan/sala1/sensor/hum,22.41
2025-11-17 10:59:08,lan/sala1/sensor/temp,26.11
2025-11-17 10:59:09,lan/sala2/sensor/temp,23.34
2025-11-17 10:59:10,lan/sala1/sensor/hum,23.91
2025-11-17 10:59:10,lan/sala1/sensor/temp,28.69
2025-11-17 10:59:11,lan/sala2/sensor/temp,24.32
2025-11-17 10:59:12,lan/sala1/sensor/hum,24.33
2025-11-17 10:59:12,lan/sala1/sensor/temp,20.23
2025-11-17 10:59:13,lan/sala2/sensor/temp,26.89
2025-11-17 10:59:14,lan/sala1/sensor/hum,19.87
2025-11-17 10:59:14,lan/sala1/sensor/temp,25.06
2025-11-17 10:59:15,lan/sala2/sensor/temp,19.84
2025-11-17 10:59:16,lan/sala1/sensor/hum,29.61
2025-11-17 10:59:16,lan/sala1/sensor/temp,29.73
2025-11-17 10:59:17,lan/sala2/sensor/temp,29.12
2025-11-17 10:59:18,lan/sala1/sensor/hum,28.3
2025-11-17 10:59:18,lan/sala1/sensor/temp,23.7
2025-11-17 10:59:19,lan/sala2/sensor/temp,29.37
2025-11-17 10:59:20,lan/sala1/sensor/hum,25.23
2025-11-17 10:59:20,lan/sala1/sensor/temp,19.32
2025-11-17 10:59:21,lan/sala2/sensor/temp,19.39
2025-11-17 10:59:22,lan/sala1/sensor/hum,19.57
2025-11-17 10:59:22,lan/sala1/sensor/temp,27.2
2025-11-17 10:59:23,lan/sala2/sensor/temp,24.7
2025-11-17 10:59:24,lan/sala1/sensor/hum,19.15
2025-11-17 10:59:24,lan/sala1/sensor/temp,21.36
2025-11-17 10:59:25,lan/sala2/sensor/temp,24.56
2025-11-17 10:59:26,lan/sala1/sensor/hum,27.43
2025-11-17 10:59:26,lan/sala1/sensor/temp,20.31
2025-11-17 10:59:27,lan/sala2/sensor/temp,27.23
2025-11-17 10:59:28,lan/sala1/sensor/hum,23.13
2025-11-17 10:59:28,lan/sala1/sensor/temp,28.14
2025-11-17 10:59:29,lan/sala2/sensor/temp,27.53
2025-11-17 10:59:30,lan/sala1/sensor/hum,18.94
2025-11-17 10:59:30,lan/sala1/sensor/temp,22.0
2025-11-17 10:59:31,lan/sala2/sensor/temp,26.18
2025-11-17 10:59:32,lan/sala1/sensor/hum,28.07
2025-11-17 10:59:32,lan/sala1/sensor/temp,28.63
2025-11-17 10:59:33,lan/sala2/sensor/temp,24.74
2025-11-17 10:59:34,lan/sala1/sensor/hum,25.41
2025-11-17 10:59:34,lan/sala1/sensor/temp,29.82
2025-11-17 10:59:35,lan/sala2/sensor/temp,26.49
2025-11-17 10:59:36,lan/sala1/sensor/hum,18.21
2025-11-17 10:59:36,lan/sala1/sensor/temp,28.0
2025-11-17 10:59:37,lan/sala2/sensor/temp,18.61
2025-11-17 10:59:38,lan/sala1/sensor/hum,29.01
2025-11-17 10:59:38,lan/sala1/sensor/temp,24.08
2025-11-17 10:59:39,lan/sala2/sensor/temp,27.66
2025-11-17 10:59:40,lan/sala1/sensor/hum,18.18
2025-11-17 10:59:40,lan/sala1/sensor/temp,21.87
2025-11-17 10:59:41,lan/sala2/sensor/temp,27.21
2025-11-17 10:59:42,lan/sala1/sensor/hum,20.14
2025-11-17 10:59:42,lan/sala1/sensor/temp,26.31
2025-11-17 10:59:43,lan/sala2/sensor/temp,23.22
2025-11-17 10:59:44,lan/sala1/sensor/hum,25.72
2025-11-17 10:59:44,lan/sala1/sensor/temp,24.76
2025-11-17 10:59:45,lan/sala2/sensor/temp,18.93
2025-11-17 10:59:46,lan/sala1/sensor/hum,27.98
2025-11-17 10:59:46,lan/sala1/sensor/temp,26.48
2025-11-17 10:59:47,lan/sala2/sensor/temp,26.28
2025-11-17 10:59:48,lan/sala1/sensor/hum,27.36
2025-11-17 10:59:48,lan/sala1/sensor/temp,24.56
2025-11-17 10:59:49,lan/sala2/sensor/temp,28.28
2025-11-17 10:59:50,lan/sala1/sensor/hum,23.37
2025-11-17 10:59:50,lan/sala1/sensor/temp,19.59
2025-11-17 10:59:51,lan/sala2/sensor/temp,27.59
2025-11-17 10:59:52,lan/sala1/sensor/hum,20.75
2025-11-17 10:59:52,lan/sala1/sensor/temp,26.76
2025-11-17 10:59:53,lan/sala2/sensor/temp,28.07
2025-11-17 10:59:54,lan/sala1/sensor/hum,24.76
2025-11-17 10:59:54,lan/sala1/sensor/temp,23.56
2025-11-17 10:59:55,lan/sala2/sensor/temp,25.39
2025-11-17 10:59:56,lan/sala1/sensor/hum,18.64
2025-11-17 10:59:56,lan/sala1/sensor/temp,29.83
2025-11-17 10:59:57,lan/sala2/sensor/temp,22.2
2025-11-17 10:59:58,lan/sala1/sensor/hum,27.14
2025-11-17 10:59:58,lan/sala1/sensor/temp,28.31
2025-11-17 10:59:59,lan/sala2/sensor/temp,24.65
2025-11-17 11:00:00,lan/sala1/sensor/hum,25.68
2025-11-17 11:00:01,lan/sala1/sensor/temp,24.23
2025-11-17 11:00:01,lan/sala2/sensor/temp,18.7
2025-11-17 11:00:02,lan/sala1/sensor/hum,24.56
2025-11-17 11:00:02,lan/sala1/sensor/temp,25.59
2025-11-17 11:00:03,lan/sala2/sensor/temp,26.31
2025-11-17 11:00:04,lan/sala1/sensor/hum,29.63
2025-11-17 11:00:04,lan/sala1/sensor/temp,22.71
2025-11-17 11:00:05,lan/sala2/sensor/temp,18.08
2025-11-17 11:00:06,lan/sala1/sensor/hum,29.27
2025-11-17 11:00:06,lan/sala1/sensor/temp,20.42
2025-11-17 11:00:07,lan/sala2/sensor/temp,19.87
2025-11-17 11:00:08,lan/sala1/sensor/hum,27.65
2025-11-17 11:00:08,lan/sala1/sensor/temp,29.13
2025-11-17 11:00:09,lan/sala2/sensor/temp,19.4
2025-11-17 11:00:10,lan/sala1/sensor/hum,22.54
2025-11-17 11:00:10,lan/sala1/sensor/temp,26.95
2025-11-17 11:00:11,lan/sala2/sensor/temp,29.78
2025-11-17 11:00:12,lan/sala1/sensor/hum,23.34
2025-11-17 11:00:12,lan/sala1/sensor/temp,29.54
2025-11-17 11:00:13,lan/sala2/sensor/temp,27.97
2025-11-17 11:00:14,lan/sala1/sensor/hum,24.43
2025-11-17 11:00:14,lan/sala1/sensor/temp,23.23
2025-11-17 11:00:15,lan/sala2/sensor/temp,29.44
2025-11-17 11:00:16,lan/sala1/sensor/hum,23.75
2025-11-17 11:00:16,lan/sala1/sensor/temp,23.37
2025-11-17 11:00:17,lan/sala2/sensor/temp,26.58
2025-11-17 11:00:18,lan/sala1/sensor/hum,24.73
2025-11-17 11:00:18,lan/sala1/sensor/temp,18.32
2025-11-17 11:00:19,lan/sala2/sensor/temp,22.07
2025-11-17 11:00:20,lan/sala1/sensor/hum,28.17
2025-11-17 11:00:20,lan/sala1/sensor/temp,23.98
2025-11-17 11:00:21,lan/sala2/sensor/temp,21.0
2025-11-17 11:00:22,lan/sala1/sensor/hum,27.53
2025-11-17 11:00:22,lan/sala1/sensor/temp,25.18
2025-11-17 11:00:23,lan/sala2/sensor/temp,19.57
2025-11-17 11:00:24,lan/sala1/sensor/hum,29.83
2025-11-17 11:00:24,lan/sala1/sensor/temp,22.86
2025-11-17 11:00:25,lan/sala2/sensor/temp,22.62
2025-11-17 11:00:26,lan/sala1/sensor/hum,23.4
2025-11-17 11:00:26,lan/sala1/sensor/temp,20.55
2025-11-17 11:00:27,lan/sala2/sensor/temp,18.71
2025-11-17 11:00:28,lan/sala1/sensor/hum,19.08
2025-11-17 11:00:28,lan/sala1/sensor/temp,20.03
2025-11-17 11:00:29,lan/sala2/sensor/temp,27.34
2025-11-17 11:00:30,lan/sala1/sensor/hum,26.74
2025-11-17 11:00:30,lan/sala1/sensor/temp,27.17
2025-11-17 11:00:31,lan/sala2/sensor/temp,29.52
2025-11-17 11:00:32,lan/sala1/sensor/hum,19.66
2025-11-17 11:00:32,lan/sala1/sensor/temp,19.27
2025-11-17 11:00:33,lan/sala2/sensor/temp,29.94
2025-11-17 11:00:34,lan/sala1/sensor/hum,24.97
2025-11-17 11:00:34,lan/sala1/sensor/temp,29.59
2025-11-17 11:00:35,lan/sala2/sensor/temp,25.85
2025-11-17 11:00:36,lan/sala1/sensor/hum,25.14
2025-11-17 11:00:36,lan/sala1/sensor/temp,27.88
2025-11-17 11:00:37,lan/sala2/sensor/temp,21.03
2025-11-17 11:00:38,lan/sala1/sensor/hum,24.85
2025-11-17 11:00:38,lan/sala1/sensor/temp,24.6
2025-11-17 11:00:39,lan/sala2/sensor/temp,28.48
2025-11-17 11:00:40,lan/sala1/sensor/hum,24.14
2025-11-17 11:00:40,lan/sala1/sensor/temp,25.4
2025-11-17 11:00:41,lan/sala2/sensor/temp,24.26
2025-11-17 11:00:42,lan/sala1/sensor/hum,26.35
2025-11-17 11:00:42,lan/sala1/sensor/temp,18.78
2025-11-17 11:00:43,lan/sala2/sensor/temp,22.72
2025-11-17 11:00:44,lan/sala1/sensor/hum,29.78
2025-11-17 11:00:44,lan/sala1/sensor/temp,20.8
2025-11-17 11:00:45,lan/sala2/sensor/temp,22.36
2025-11-17 11:00:46,lan/sala1/sensor/hum,22.09
2025-11-17 11:00:46,lan/sala1/sensor/temp,19.41
2025-11-17 11:00:47,lan/sala2/sensor/temp,20.86
2025-11-17 11:00:48,lan/sala1/sensor/hum,25.0
2025-11-17 11:00:48,lan/sala1/sensor/temp,25.23
2025-11-17 11:00:49,lan/sala2/sensor/temp,23.88
2025-11-17 11:00:50,lan/sala1/sensor/hum,29.49
2025-11-17 11:00:50,lan/sala1/sensor/temp,20.64
2025-11-17 11:00:51,lan/sala2/sensor/temp,26.1
2025-11-17 11:00:52,lan/sala1/sensor/hum,26.67
2025-11-17 11:00:52,lan/sala1/sensor/temp,27.0
2025-11-17 11:00:53,lan/sala2/sensor/temp,19.62
2025-11-17 11:00:54,lan/sala1/sensor/hum,26.91
2025-11-17 11:00:54,lan/sala1/sensor/temp,29.1
2025-11-17 11:00:55,lan/sala2/sensor/temp,24.05
2025-11-17 11:00:56,lan/sala1/sensor/hum,21.77
2025-11-17 11:00:56,lan/sala1/sensor/temp,24.87
2025-11-17 11:00:57,lan/sala2/sensor/temp,29.97
2025-11-17 11:00:58,lan/sala1/sensor/hum,28.51
2025-11-17 11:00:58,lan/sala1/sensor/temp,28.11
2025-11-17 11:00:59,lan/sala2/sensor/temp,29.62
2025-11-17 11:01:00,lan/sala1/sensor/hum,24.87
2025-11-17 11:01:00,lan/sala1/sensor/temp,24.88
2025-11-17 11:01:01,lan/sala2/sensor/temp,29.92
2025-11-17 11:01:02,lan/sala1/sensor/hum,29.81
2025-11-17 11:01:02,lan/sala1/sensor/temp,28.7
2025-11-17 11:01:03,lan/sala2/sensor/temp,29.02
2025-11-17 11:01:04,lan/sala1/sensor/hum,22.32
2025-11-17 11:01:04,lan/sala1/sensor/temp,21.38
2025-11-17 11:01:05,lan/sala2/sensor/temp,21.33
2025-11-17 11:01:06,lan/sala1/sensor/hum,26.57
2025-11-17 11:01:06,lan/sala1/sensor/temp,28.67
2025-11-17 11:01:07,lan/sala2/sensor/temp,24.69
2025-11-17 11:01:08,lan/sala1/sensor/hum,27.6
2025-11-17 11:01:08,lan/sala1/sensor/temp,29.89
2025-11-17 11:01:09,lan/sala2/sensor/temp,22.3
2025-11-17 11:01:10,lan/sala1/sensor/hum,24.01
2025-11-17 11:01:10,lan/sala1/sensor/temp,20.73
2025-11-17 11:01:11,lan/sala2/sensor/temp,18.86
2025-11-17 11:01:12,lan/sala1/sensor/hum,18.93
2025-11-17 11:01:12,lan/sala1/sensor/temp,23.12
2025-11-17 11:01:13,lan/sala2/sensor/temp,23.07
2025-11-17 11:01:14,lan/sala1/sensor/hum,19.16
2025-11-17 11:01:14,lan/sala1/sensor/temp,19.94
2025-11-17 11:01:15,lan/sala2/sensor/temp,20.34
2025-11-17 11:01:16,lan/sala1/sensor/hum,24.48
2025-11-17 11:01:16,lan/sala1/sensor/temp,28.86
2025-11-17 11:01:17,lan/sala2/sensor/temp,20.82
2025-11-17 11:01:18,lan/sala1/sensor/hum,22.88
2025-11-17 11:01:18,lan/sala1/sensor/temp,22.03
2025-11-17 11:01:19,lan/sala2/sensor/temp,27.47
2025-11-17 11:01:20,lan/sala1/sensor/hum,19.09
2025-11-17 11:01:20,lan/sala1/sensor/temp,27.17
2025-11-17 11:01:21,lan/sala2/sensor/temp,23.76
2025-11-17 11:01:22,lan/sala1/sensor/hum,19.67
2025-11-17 11:01:22,lan/sala1/sensor/temp,19.66
2025-11-17 11:01:23,lan/sala2/sensor/temp,19.35
2025-11-17 11:01:24,lan/sala1/sensor/hum,22.84
2025-11-17 11:01:24,lan/sala1/sensor/temp,22.96
2025-11-17 11:01:25,lan/sala2/sensor/temp,19.24
2025-11-17 11:01:26,lan/sala1/sensor/hum,28.27
2025-11-17 11:01:26,lan/sala1/sensor/temp,22.05
2025-11-17 11:01:27,lan/sala2/sensor/temp,20.95
2025-11-17 11:01:28,lan/sala1/sensor/hum,29.86
2025-11-17 11:01:28,lan/sala1/sensor/temp,28.11
2025-11-17 11:01:29,lan/sala2/sensor/temp,27.87
2025-11-17 11:01:30,lan/sala1/sensor/hum,19.85
2025-11-17 11:01:30,lan/sala1/sensor/temp,18.55
2025-11-17 11:01:31,lan/sala2/sensor/temp,25.96
2025-11-17 11:01:32,lan/sala1/sensor/hum,25.13
2025-11-17 11:01:32,lan/sala1/sensor/temp,28.54
2025-11-17 11:01:33,lan/sala2/sensor/temp,29.55
2025-11-17 11:01:34,lan/sala1/sensor/hum,19.67
2025-11-17 11:01:34,lan/sala1/sensor/temp,18.9
2025-11-17 11:01:35,lan/sala2/sensor/temp,19.46
2025-11-17 11:01:36,lan/sala1/sensor/hum,29.18
2025-11-17 11:01:36,lan/sala1/sensor/temp,28.7
2025-11-17 11:01:37,lan/sala2/sensor/temp,23.42
2025-11-17 11:01:38,lan/sala1/sensor/hum,18.41
2025-11-17 11:01:38,lan/sala1/sensor/temp,23.93
2025-11-17 11:01:39,lan/sala2/sensor/temp,18.34
2025-11-17 11:01:40,lan/sala1/sensor/hum,24.35
2025-11-17 11:01:40,lan/sala1/sensor/temp,18.26
2025-11-17 11:01:41,lan/sala2/sensor/temp,20.25
2025-11-17 11:01:42,lan/sala1/sensor/hum,20.87
2025-11-17 11:01:42,lan/sala1/sensor/temp,22.42
2025-11-17 11:01:43,lan/sala2/sensor/temp,27.51
2025-11-17 11:01:44,lan/sala1/sensor/hum,29.79
2025-11-17 11:01:44,lan/sala1/sensor/temp,22.23
2025-11-17 11:01:45,lan/sala2/sensor/temp,18.37
2025-11-17 11:01:46,lan/sala1/sensor/hum,27.66
2025-11-17 11:01:46,lan/sala1/sensor/temp,24.23
2025-11-17 11:01:47,lan/sala2/sensor/temp,20.75
2025-11-17 11:01:48,lan/sala1/sensor/hum,29.87
2025-11-17 11:01:48,lan/sala1/sensor/temp,19.71
2025-11-17 11:01:49,lan/sala2/sensor/temp,24.73
2025-11-17 11:01:50,lan/sala1/sensor/hum,22.93
2025-11-17 11:01:50,lan/sala1/sensor/temp,27.63
2025-11-17 11:01:51,lan/sala2/sensor/temp,26.76
2025-11-17 11:01:52,lan/sala1/sensor/hum,19.92
2025-11-17 11:01:52,lan/sala1/sensor/temp,28.77
2025-11-17 11:01:53,lan/sala2/sensor/temp,18.23
2025-11-17 11:01:54,lan/sala1/sensor/hum,22.81
2025-11-17 11:01:54,lan/sala1/sensor/temp,23.7
2025-11-17 11:01:55,lan/sala2/sensor/temp,19.58
2025-11-17 11:01:56,lan/sala1/sensor/hum,27.33
2025-11-17 11:01:56,lan/sala1/sensor/temp,18.97
2025-11-17 11:01:58,lan/sala2/sensor/temp,19.05
2025-11-17 11:01:58,lan/sala1/sensor/hum,19.88
2025-11-17 11:01:58,lan/sala1/sensor/temp,20.97
2025-11-17 11:01:59,lan/sala2/sensor/temp,20.11
2025-11-17 11:02:00,lan/sala1/sensor/hum,22.56
2025-11-17 11:02:00,lan/sala1/sensor/temp,28.21
2025-11-17 11:02:01,lan/sala2/sensor/temp,25.68
2025-11-17 11:02:02,lan/sala1/sensor/hum,20.84
2025-11-17 11:02:02,lan/sala1/sensor/temp,19.2
2025-11-17 11:02:03,lan/sala2/sensor/temp,21.94
2025-11-17 11:02:04,lan/sala1/sensor/hum,23.16
2025-11-17 11:02:04,lan/sala1/sensor/temp,28.51
2025-11-17 11:02:05,lan/sala2/sensor/temp,19.11
2025-11-17 11:02:06,lan/sala1/sensor/hum,23.14
2025-11-17 11:02:06,lan/sala1/sensor/temp,22.65
2025-11-17 11:02:07,lan/sala2/sensor/temp,24.86
2025-11-17 11:02:08,lan/sala1/sensor/hum,21.3
2025-11-17 11:02:08,lan/sala1/sensor/temp,24.43
2025-11-17 11:02:09,lan/sala2/sensor/temp,27.89
2025-11-17 11:02:10,lan/sala1/sensor/hum,22.91
2025-11-17 11:02:10,lan/sala1/sensor/temp,24.79
2025-11-17 11:02:11,lan/sala2/sensor/temp,24.54
2025-11-17 11:02:12,lan/sala1/sensor/hum,29.39
2025-11-17 11:02:12,lan/sala1/sensor/temp,26.31
2025-11-17 11:02:13,lan/sala2/sensor/temp,21.58
2025-11-17 11:02:14,lan/sala1/sensor/hum,23.31
2025-11-17 11:02:14,lan/sala1/sensor/temp,25.16
2025-11-17 11:02:15,lan/sala2/sensor/temp,20.98
2025-11-17 11:02:16,lan/sala1/sensor/hum,27.24
2025-11-17 11:02:16,lan/sala1/sensor/temp,27.38
2025-11-17 11:02:17,lan/sala2/sensor/temp,28.08
2025-11-17 11:02:18,lan/sala1/sensor/hum,23.88
2025-11-17 11:02:18,lan/sala1/sensor/temp,18.53
2025-11-17 11:02:19,lan/sala2/sensor/temp,26.29
2025-11-17 11:02:20,lan/sala1/sensor/hum,29.84
2025-11-17 11:02:20,lan/sala1/sensor/temp,26.93
2025-11-17 11:02:21,lan/sala2/sensor/temp,27.46
2025-11-17 11:02:22,lan/sala1/sensor/hum,28.11
2025-11-17 11:02:22,lan/sala1/sensor/temp,19.63
2025-11-17 11:02:23,lan/sala2/sensor/temp,29.79
2025-11-17 11:02:24,lan/sala1/sensor/hum,23.97
2025-11-17 11:02:24,lan/sala1/sensor/temp,19.01
2025-11-17 11:02:25,lan/sala2/sensor/temp,23.0
2025-11-17 11:02:26,lan/sala1/sensor/hum,20.73
2025-11-17 11:02:26,lan/sala1/sensor/temp,19.41
2025-11-17 11:02:27,lan/sala2/sensor/temp,18.29
2025-11-17 11:02:28,lan/sala1/sensor/hum,18.35
2025-11-17 11:02:28,lan/sala1/sensor/temp,26.78
2025-11-17 11:02:29,lan/sala2/sensor/temp,25.5
2025-11-17 11:02:30,lan/sala1/sensor/hum,26.91
2025-11-17 11:02:30,lan/sala1/sensor/temp,27.69
2025-11-17 11:02:31,lan/sala2/sensor/temp,25.68
2025-11-17 11:02:32,lan/sala1/sensor/hum,27.29
2025-11-17 11:02:32,lan/sala1/sensor/temp,25.28
2025-11-17 11:02:33,lan/sala2/sensor/temp,28.77
2025-11-17 11:02:34,lan/sala1/sensor/hum,27.64
2025-11-17 11:02:34,lan/sala1/sensor/temp,27.22
2025-11-17 11:02:35,lan/sala2/sensor/temp,26.35
2025-11-17 11:02:36,lan/sala1/sensor/hum,20.11
2025-11-17 11:02:36,lan/sala1/sensor/temp,29.96
2025-11-17 11:02:37,lan/sala2/sensor/temp,29.95
2025-11-17 11:02:38,lan/sala1/sensor/hum,26.19
2025-11-17 11:02:38,lan/sala1/sensor/temp,19.69
2025-11-17 11:02:39,lan/sala2/sensor/temp,19.38
2025-11-17 11:02:40,lan/sala1/sensor/hum,21.81
2025-11-17 11:02:40,lan/sala1/sensor/temp,19.89
2025-11-17 11:02:41,lan/sala2/sensor/temp,20.17
2025-11-17 11:02:42,lan/sala1/sensor/hum,29.64
2025-11-17 11:02:42,lan/sala1/sensor/temp,28.66
2025-11-17 11:02:43,lan/sala2/sensor/temp,27.62
2025-11-17 11:02:44,lan/sala1/sensor/hum,22.48
2025-11-17 11:02:44,lan/sala1/sensor/temp,29.82
2025-11-17 11:02:45,lan/sala2/sensor/temp,22.25
2025-11-17 11:02:46,lan/sala1/sensor/hum,28.55
2025-11-17 11:02:46,lan/sala1/sensor/temp,28.36
2025-11-17 11:02:47,lan/sala2/sensor/temp,29.68
2025-11-17 11:02:48,lan/sala1/sensor/hum,27.35
2025-11-17 11:02:48,lan/sala1/sensor/temp,22.39
2025-11-17 11:02:49,lan/sala2/sensor/temp,24.33
2025-11-17 11:02:50,lan/sala1/sensor/hum,20.87
2025-11-17 11:02:50,lan/sala1/sensor/temp,28.62
2025-11-17 11:02:51,lan/sala2/sensor/temp,26.79
2025-11-17 11:02:52,lan/sala1/sensor/hum,27.71
2025-11-17 11:02:52,lan/sala1/sensor/temp,25.93
2025-11-17 11:02:53,lan/sala2/sensor/temp,19.43
2025-11-17 11:02:54,lan/sala1/sensor/hum,29.11
2025-11-17 11:02:54,lan/sala1/sensor/temp,23.04
2025-11-17 11:02:55,lan/sala2/sensor/temp,22.05
2025-11-17 11:02:56,lan/sala1/sensor/hum,19.52
2025-11-17 11:02:56,lan/sala1/sensor/temp,25.05
2025-11-17 11:02:57,lan/sala2/sensor/temp,30.0
2025-11-17 11:02:58,lan/sala1/sensor/hum,24.81
2025-11-17 11:02:58,lan/sala1/sensor/temp,21.47
2025-11-17 11:02:59,lan/sala2/sensor/temp,25.95
2025-11-17 11:03:00,lan/sala1/sensor/hum,24.65
2025-11-17 11:03:00,lan/sala1/sensor/temp,23.88
2025-11-17 11:03:01,lan/sala2/sensor/temp,21.24
2025-11-17 11:03:02,lan/sala1/sensor/hum,19.93
2025-11-17 11:03:02,lan/sala1/sensor/temp,29.62
2025-11-17 11:03:03,lan/sala2/sensor/temp,19.5
2025-11-17 11:03:04,lan/sala1/sensor/hum,23.34
2025-11-17 11:03:04,lan/sala1/sensor/temp,26.04
2025-11-17 11:03:05,lan/sala2/sensor/temp,25.25
2025-11-17 11:03:06,lan/sala1/sensor/hum,18.31
2025-11-17 11:03:06,lan/sala1/sensor/temp,28.46
2025-11-17 11:03:07,lan/sala2/sensor/temp,22.38
2025-11-17 11:03:08,lan/sala1/sensor/hum,22.29
2025-11-17 11:03:08,lan/sala1/sensor/temp,26.41
2025-11-17 11:03:09,lan/sala2/sensor/temp,19.88
2025-11-17 11:03:10,lan/sala1/sensor/hum,29.58
2025-11-17 11:03:10,lan/sala1/sensor/temp,25.92
2025-11-17 11:03:11,lan/sala2/sensor/temp,29.09
2025-11-17 11:03:12,lan/sala1/sensor/hum,24.79
2025-11-17 11:03:12,lan/sala1/sensor/temp,29.73
2025-11-17 11:03:13,lan/sala2/sensor/temp,26.31
2025-11-17 11:03:14,lan/sala1/sensor/hum,21.26
2025-11-17 11:03:14,lan/sala1/sensor/temp,26.89
2025-11-17 11:03:15,lan/sala2/sensor/temp,24.44
2025-11-17 11:03:16,lan/sala1/sensor/hum,23.63
2025-11-17 11:03:16,lan/sala1/sensor/temp,29.2
2025-11-17 11:03:17,lan/sala2/sensor/temp,29.86
2025-11-17 11:03:18,lan/sala1/sensor/hum,28.18
2025-11-17 11:03:18,lan/sala1/sensor/temp,29.33
2025-11-17 11:03:19,lan/sala2/sensor/temp,27.11
2025-11-17 11:03:20,lan/sala1/sensor/hum,27.38
2025-11-17 11:03:20,lan/sala1/sensor/temp,26.51
2025-11-17 11:03:21,lan/sala2/sensor/temp,25.33
2025-11-17 11:03:22,lan/sala1/sensor/hum,21.9
2025-11-17 11:03:22,lan/sala1/sensor/temp,27.47
2025-11-17 11:03:23,lan/sala2/sensor/temp,28.86
2025-11-17 11:03:24,lan/sala1/sensor/hum,21.18
2025-11-17 11:03:24,lan/sala1/sensor/temp,21.26
2025-11-17 11:03:25,lan/sala2/sensor/temp,22.75
2025-11-17 11:03:26,lan/sala1/sensor/hum,21.93
2025-11-17 11:03:26,lan/sala1/sensor/temp,21.67
2025-11-17 11:03:27,lan/sala2/sensor/temp,19.23
2025-11-17 11:03:28,lan/sala1/sensor/hum,19.25
2025-11-17 11:03:28,lan/sala1/sensor/temp,28.36
2025-11-17 11:03:29,lan/sala2/sensor/temp,24.7
2025-11-17 11:03:30,lan/sala1/sensor/hum,27.27
2025-11-17 11:03:30,lan/sala1/sensor/temp,23.56
2025-11-17 11:03:31,lan/sala2/sensor/temp,23.4
2025-11-17 11:03:32,lan/sala1/sensor/hum,26.2
2025-11-17 11:03:32,lan/sala1/sensor/temp,18.9
2025-11-17 11:03:33,lan/sala2/sensor/temp,20.34
2025-11-17 11:03:34,lan/sala1/sensor/hum,29.1
2025-11-17 11:03:34,lan/sala1/sensor/temp,27.48
2025-11-17 11:03:35,lan/sala2/sensor/temp,27.99
2025-11-17 11:03:36,lan/sala1/sensor/hum,24.2
2025-11-17 11:03:36,lan/sala1/sensor/temp,20.79
2025-11-17 11:03:37,lan/sala2/sensor/temp,28.98
2025-11-17 11:03:38,lan/sala1/sensor/hum,29.44
2025-11-17 11:03:38,lan/sala1/sensor/temp,27.76
2025-11-17 11:03:39,lan/sala2/sensor/temp,27.65
2025-11-17 11:03:40,lan/sala1/sensor/hum,25.93
2025-11-17 11:03:40,lan/sala1/sensor/temp,26.6
2025-11-17 11:03:41,lan/sala2/sensor/temp,18.89
2025-11-17 11:03:42,lan/sala1/sensor/hum,25.0
2025-11-17 11:03:42,lan/sala1/sensor/temp,28.93
2025-11-17 11:03:43,lan/sala2/sensor/temp,27.36
2025-11-17 11:03:44,lan/sala1/sensor/hum,20.85
2025-11-17 11:03:44,lan/sala1/sensor/temp,26.97
2025-11-17 11:03:45,lan/sala2/sensor/temp,28.67
2025-11-17 11:03:46,lan/sala1/sensor/hum,27.72
2025-11-17 11:03:46,lan/sala1/sensor/temp,25.4
2025-11-17 11:03:47,lan/sala2/sensor/temp,24.97
2025-11-17 11:03:48,lan/sala1/sensor/hum,26.79
2025-11-17 11:03:48,lan/sala1/sensor/temp,29.05
2025-11-17 11:03:49,lan/sala2/sensor/temp,24.25
2025-11-17 11:03:50,lan/sala1/sensor/hum,25.54
2025-11-17 11:03:50,lan/sala1/sensor/temp,19.95
2025-11-17 11:03:51,lan/sala2/sensor/temp,23.43
2025-11-17 11:03:52,lan/sala1/sensor/hum,19.53
2025-11-17 11:03:52,lan/sala1/sensor/temp,29.81
2025-11-17 11:03:53,lan/sala2/sensor/temp,22.23
2025-11-17 11:03:54,lan/sala1/sensor/hum,24.95
2025-11-17 11:03:54,lan/sala1/sensor/temp,25.02
2025-11-17 11:03:55,lan/sala2/sensor/temp,18.44
2025-11-17 11:03:56,lan/sala1/sensor/hum,27.0
2025-11-17 11:03:56,lan/sala1/sensor/temp,28.16
2025-11-17 11:03:57,lan/sala2/sensor/temp,24.35
2025-11-17 11:03:58,lan/sala1/sensor/hum,29.67
2025-11-17 11:03:58,lan/sala1/sensor/temp,26.13
2025-11-17 11:03:59,lan/sala2/sensor/temp,29.19
2025-11-17 11:04:00,lan/sala1/sensor/hum,20.47
2025-11-17 11:04:00,lan/sala1/sensor/temp,29.92
2025-11-17 11:04:01,lan/sala2/sensor/temp,25.55
2025-11-17 11:04:02,lan/sala1/sensor/hum,26.09
2025-11-17 11:04:02,lan/sala1/sensor/temp,25.16
2025-11-17 11:04:03,lan/sala2/sensor/temp,27.98
2025-11-17 11:04:04,lan/sala1/sensor/hum,20.6
2025-11-17 11:04:04,lan/sala1/sensor/temp,21.14
2025-11-17 11:04:05,lan/sala2/sensor/temp,25.11
2025-11-17 11:04:06,lan/sala1/sensor/hum,24.75
2025-11-17 11:04:06,lan/sala1/sensor/temp,29.28
2025-11-17 11:04:07,lan/sala2/sensor/temp,22.74
2025-11-17 11:04:08,lan/sala1/sensor/hum,27.76
2025-11-17 11:04:08,lan/sala1/sensor/temp,25.51
2025-11-17 11:04:09,lan/sala2/sensor/temp,29.57
2025-11-17 11:04:10,lan/sala1/sensor/hum,23.99
2025-11-17 11:04:10,lan/sala1/sensor/temp,18.55
2025-11-17 11:04:11,lan/sala2/sensor/temp,18.45
2025-11-17 11:04:12,lan/sala1/sensor/hum,21.06
2025-11-17 11:04:12,lan/sala1/sensor/temp,20.94
2025-11-17 11:04:13,lan/sala2/sensor/temp,20.04
2025-11-17 11:04:14,lan/sala1/sensor/hum,21.85
2025-11-17 11:04:14,lan/sala1/sensor/temp,19.12
2025-11-17 11:04:15,lan/sala2/sensor/temp,21.95
2025-11-17 11:04:16,lan/sala1/sensor/hum,28.35
2025-11-17 11:04:16,lan/sala1/sensor/temp,28.07
2025-11-17 11:04:17,lan/sala2/sensor/temp,22.57
2025-11-17 11:04:18,lan/sala1/sensor/hum,23.47
2025-11-17 11:04:18,lan/sala1/sensor/temp,27.67
2025-11-17 11:04:19,lan/sala2/sensor/temp,21.07
2025-11-17 11:04:20,lan/sala1/sensor/hum,22.67
2025-11-17 11:04:20,lan/sala1/sensor/temp,28.11
2025-11-17 11:04:21,lan/sala2/sensor/temp,27.67
2025-11-17 11:04:22,lan/sala1/sensor/hum,23.35
2025-11-17 11:04:22,lan/sala1/sensor/temp,20.55
2025-11-17 11:04:23,lan/sala2/sensor/temp,29.21
2025-11-17 11:04:24,lan/sala1/sensor/hum,21.44
2025-11-17 11:04:24,lan/sala1/sensor/temp,27.79
2025-11-17 11:04:25,lan/sala2/sensor/temp,21.04
2025-11-17 11:04:26,lan/sala1/sensor/hum,29.85
2025-11-17 11:04:26,lan/sala1/sensor/temp,23.44
2025-11-17 11:04:27,lan/sala2/sensor/temp,19.77
2025-11-17 11:04:28,lan/sala1/sensor/hum,18.22
2025-11-17 11:04:28,lan/sala1/sensor/temp,19.31
2025-11-17 11:04:29,lan/sala2/sensor/temp,25.74
2025-11-17 11:04:30,lan/sala1/sensor/hum,23.97
2025-11-17 11:04:30,lan/sala1/sensor/temp,20.9
2025-11-17 11:04:31,lan/sala2/sensor/temp,25.41
2025-11-17 11:04:32,lan/sala1/sensor/hum,21.12
2025-11-17 11:04:32,lan/sala1/sensor/temp,26.7
2025-11-17 11:04:33,lan/sala2/sensor/temp,21.72
2025-11-17 11:04:34,lan/sala1/sensor/hum,24.72
2025-11-17 11:04:34,lan/sala1/sensor/temp,27.54
2025-11-17 11:04:35,lan/sala2/sensor/temp,25.23
2025-11-17 11:04:36,lan/sala1/sensor/hum,22.96
2025-11-17 11:04:36,lan/sala1/sensor/temp,26.88
2025-11-17 11:04:37,lan/sala2/sensor/temp,25.6
2025-11-17 11:04:38,lan/sala1/sensor/hum,28.08
2025-11-17 11:04:38,lan/sala1/sensor/temp,22.34
2025-11-17 11:04:39,lan/sala2/sensor/temp,18.07
2025-11-17 11:04:40,lan/sala1/sensor/hum,19.4
2025-11-17 11:04:40,lan/sala1/sensor/temp,26.97
2025-11-17 11:04:41,lan/sala2/sensor/temp,29.29
2025-11-17 11:04:42,lan/sala1/sensor/hum,23.91
2025-11-17 11:04:42,lan/sala1/sensor/temp,29.31
2025-11-17 11:04:43,lan/sala2/sensor/temp,19.33
2025-11-17 11:04:44,lan/sala1/sensor/hum,27.18
2025-11-17 11:04:44,lan/sala1/sensor/temp,25.61
2025-11-17 11:04:45,lan/sala2/sensor/temp,21.08
2025-11-17 11:04:46,lan/sala1/sensor/hum,28.94
2025-11-17 11:04:46,lan/sala1/sensor/temp,22.31
2025-11-17 11:04:47,lan/sala2/sensor/temp,23.63
2025-11-17 11:04:48,lan/sala1/sensor/hum,28.05
2025-11-17 11:04:49,lan/sala1/sensor/temp,21.01
2025-11-17 11:04:49,lan/sala2/sensor/temp,27.87
2025-11-17 11:04:50,lan/sala1/sensor/hum,29.44
2025-11-17 11:04:50,lan/sala1/sensor/temp,22.2
2025-11-17 11:04:51,lan/sala2/sensor/temp,18.01
2025-11-17 11:04:52,lan/sala1/sensor/hum,24.87
2025-11-17 11:04:52,lan/sala1/sensor/temp,27.01
2025-11-17 11:04:53,lan/sala2/sensor/temp,23.39
2025-11-17 11:04:54,lan/sala1/sensor/hum,23.23
2025-11-17 11:04:54,lan/sala1/sensor/temp,22.12
2025-11-17 11:04:55,lan/sala2/sensor/temp,25.62
2025-11-17 11:04:56,lan/sala1/sensor/hum,27.7
2025-11-17 11:04:57,lan/sala1/sensor/temp,23.96
2025-11-17 11:04:57,lan/sala2/sensor/temp,21.85
2025-11-17 11:04:58,lan/sala1/sensor/hum,25.54
2025-11-17 11:04:58,lan/sala1/sensor/temp,19.07
2025-11-17 11:04:59,lan/sala2/sensor/temp,19.41
2025-11-17 11:05:00,lan/sala1/sensor/hum,19.62
2025-11-17 11:05:00,lan/sala1/sensor/temp,22.42
2025-11-17 11:05:01,lan/sala2/sensor/temp,21.72
2025-11-17 11:05:02,lan/sala1/sensor/hum,18.1
2025-11-17 11:05:02,lan/sala1/sensor/temp,19.19
2025-11-17 11:05:03,lan/sala2/sensor/temp,24.86
2025-11-17 11:05:04,lan/sala1/sensor/hum,23.88
2025-11-17 11:05:04,lan/sala1/sensor/temp,27.43
2025-11-17 11:05:05,lan/sala2/sensor/temp,25.15
2025-11-17 11:05:06,lan/sala1/sensor/hum,28.72
2025-11-17 11:05:06,lan/sala1/sensor/temp,24.74
2025-11-17 11:05:07,lan/sala2/sensor/temp,21.89
2025-11-17 11:05:08,lan/sala1/sensor/hum,20.45
2025-11-17 11:05:08,lan/sala1/sensor/temp,18.37
2025-11-17 11:05:09,lan/sala2/sensor/temp,20.47
2025-11-17 11:05:10,lan/sala1/sensor/hum,20.18
2025-11-17 11:05:11,lan/sala1/sensor/temp,25.98
2025-11-17 11:05:11,lan/sala2/sensor/temp,26.43
2025-11-17 11:05:12,lan/sala1/sensor/hum,26.59
2025-11-17 11:05:12,lan/sala1/sensor/temp,27.7
2025-11-17 11:05:13,lan/sala2/sensor/temp,19.62
2025-11-17 11:05:14,lan/sala1/sensor/hum,24.43
2025-11-17 11:05:14,lan/sala1/sensor/temp,24.64
2025-11-17 11:05:15,lan/sala2/sensor/temp,25.32
2025-11-17 11:05:16,lan/sala1/sensor/hum,29.96
2025-11-17 11:05:16,lan/sala1/sensor/temp,29.88
2025-11-17 11:05:17,lan/sala2/sensor/temp,29.3
2025-11-17 11:05:18,lan/sala1/sensor/hum,23.17
2025-11-17 11:05:18,lan/sala1/sensor/temp,22.85
2025-11-17 11:05:19,lan/sala2/sensor/temp,25.44
2025-11-17 11:05:20,lan/sala1/sensor/hum,24.75
2025-11-17 11:05:20,lan/sala1/sensor/temp,26.64
2025-11-17 11:05:21,lan/sala2/sensor/temp,25.1
2025-11-17 11:05:22,lan/sala1/sensor/hum,19.47
2025-11-17 11:05:22,lan/sala1/sensor/temp,19.98
2025-11-17 11:05:23,lan/sala2/sensor/temp,20.81
2025-11-17 11:05:24,lan/sala1/sensor/hum,21.56
2025-11-17 11:05:24,lan/sala1/sensor/temp,28.75
2025-11-17 11:05:25,lan/sala2/sensor/temp,22.49
2025-11-17 11:05:26,lan/sala1/sensor/hum,21.15
2025-11-17 11:05:27,lan/sala1/sensor/temp,22.01
2025-11-17 11:05:27,lan/sala2/sensor/temp,23.46
2025-11-17 11:05:28,lan/sala1/sensor/hum,28.25
2025-11-17 11:05:28,lan/sala1/sensor/temp,20.31
2025-11-17 11:05:29,lan/sala2/sensor/temp,19.46
2025-11-17 11:05:30,lan/sala1/sensor/hum,23.4
2025-11-17 11:05:30,lan/sala1/sensor/temp,19.15
2025-11-17 11:05:31,lan/sala2/sensor/temp,29.05
2025-11-17 11:05:32,lan/sala1/sensor/hum,27.97
2025-11-17 11:05:32,lan/sala1/sensor/temp,25.72
2025-11-17 11:05:33,lan/sala2/sensor/temp,19.65
2025-11-17 11:05:34,lan/sala1/sensor/hum,22.85
2025-11-17 11:05:34,lan/sala1/sensor/temp,23.9
2025-11-17 11:05:35,lan/sala2/sensor/temp,23.25
2025-11-17 11:05:36,lan/sala1/sensor/hum,18.26
2025-11-17 11:05:36,lan/sala1/sensor/temp,22.5
2025-11-17 11:05:37,lan/sala2/sensor/temp,21.69
2025-11-17 11:05:38,lan/sala1/sensor/hum,23.62
2025-11-17 11:05:38,lan/sala1/sensor/temp,23.36
2025-11-17 11:05:39,lan/sala2/sensor/temp,29.22
2025-11-17 11:05:40,lan/sala1/sensor/hum,28.23
2025-11-17 11:05:40,lan/sala1/sensor/temp,27.52
2025-11-17 11:05:41,lan/sala2/sensor/temp,20.34
2025-11-17 11:05:42,lan/sala1/sensor/hum,18.2
2025-11-17 11:05:42,lan/sala1/sensor/temp,29.92
2025-11-17 11:05:43,lan/sala2/sensor/temp,19.04
2025-11-17 11:05:44,lan/sala1/sensor/hum,18.73
2025-11-17 11:05:44,lan/sala1/sensor/temp,26.68
2025-11-17 11:05:45,lan/sala2/sensor/temp,27.61
2025-11-17 11:05:46,lan/sala1/sensor/hum,29.64
2025-11-17 11:05:46,lan/sala1/sensor/temp,21.19
2025-11-17 11:05:47,lan/sala2/sensor/temp,28.2
2025-11-17 11:05:48,lan/sala1/sensor/hum,27.23
2025-11-17 11:05:49,lan/sala1/sensor/temp,21.81
2025-11-17 11:05:49,lan/sala2/sensor/temp,19.9
2025-11-17 11:05:50,lan/sala1/sensor/hum,27.92
2025-11-17 11:05:50,lan/sala1/sensor/temp,25.18
2025-11-17 11:05:51,lan/sala2/sensor/temp,22.85
2025-11-17 11:05:52,lan/sala1/sensor/hum,22.36
2025-11-17 11:05:53,lan/sala1/sensor/temp,25.69
2025-11-17 11:05:53,lan/sala2/sensor/temp,22.19
2025-11-17 11:05:54,lan/sala1/sensor/hum,25.9
2025-11-17 11:05:55,lan/sala1/sensor/temp,20.23
2025-11-17 11:05:55,lan/sala2/sensor/temp,18.9
2025-11-17 11:05:56,lan/sala1/sensor/hum,21.3
2025-11-17 11:05:57,lan/sala1/sensor/temp,25.48
2025-11-17 11:05:57,lan/sala2/sensor/temp,18.82
2025-11-17 11:05:58,lan/sala1/sensor/hum,26.84
2025-11-17 11:05:58,lan/sala1/sensor/temp,23.11
2025-11-17 11:05:59,lan/sala2/sensor/temp,22.09
2025-11-17 11:06:00,lan/sala1/sensor/hum,22.93
2025-11-17 11:06:01,lan/sala1/sensor/temp,19.48
2025-11-17 11:06:01,lan/sala2/sensor/temp,21.69
2025-11-17 11:06:02,lan/sala1/sensor/hum,29.59
2025-11-17 11:06:02,lan/sala1/sensor/temp,20.35
2025-11-17 11:06:03,lan/sala2/sensor/temp,25.49
2025-11-17 11:06:04,lan/sala1/sensor/hum,23.11
2025-11-17 11:06:04,lan/sala1/sensor/temp,25.92
2025-11-17 11:06:05,lan/sala2/sensor/temp,25.68
2025-11-17 11:06:06,lan/sala1/sensor/hum,25.62
2025-11-17 11:06:06,lan/sala1/sensor/temp,25.24
2025-11-17 11:06:07,lan/sala2/sensor/temp,24.57
2025-11-17 11:06:08,lan/sala1/sensor/hum,22.56
2025-11-17 11:06:08,lan/sala1/sensor/temp,27.07
2025-11-17 11:06:09,lan/sala2/sensor/temp,19.76
2025-11-17 11:06:10,lan/sala1/sensor/hum,19.96
2025-11-17 11:06:11,lan/sala1/sensor/temp,27.68
2025-11-17 11:06:11,lan/sala2/sensor/temp,24.66
2025-11-17 11:06:12,lan/sala1/sensor/hum,23.07
2025-11-17 11:06:12,lan/sala1/sensor/temp,24.61
2025-11-17 11:06:13,lan/sala2/sensor/temp,24.68
2025-11-17 11:06:14,lan/sala1/sensor/hum,23.43
2025-11-17 11:06:15,lan/sala1/sensor/temp,20.1
2025-11-17 11:06:15,lan/sala2/sensor/temp,25.06
2025-11-17 11:06:16,lan/sala1/sensor/hum,18.26
2025-11-17 11:06:16,lan/sala1/sensor/temp,24.35
2025-11-17 11:06:17,lan/sala2/sensor/temp,28.68
2025-11-17 11:06:18,lan/sala1/sensor/hum,27.64
2025-11-17 11:06:18,lan/sala1/sensor/temp,19.94
2025-11-17 11:06:19,lan/sala2/sensor/temp,26.11
2025-11-17 11:06:20,lan/sala1/sensor/hum,19.42
2025-11-17 11:06:21,lan/sala1/sensor/temp,25.76
2025-11-17 11:06:21,lan/sala2/sensor/temp,24.97
2025-11-17 11:06:22,lan/sala1/sensor/hum,20.99
2025-11-17 11:06:23,lan/sala1/sensor/temp,27.81
2025-11-17 11:06:23,lan/sala2/sensor/temp,22.9
2025-11-17 11:06:24,lan/sala1/sensor/hum,24.11
2025-11-17 11:06:25,lan/sala1/sensor/temp,26.56
2025-11-17 11:06:25,lan/sala2/sensor/temp,22.47
2025-11-17 11:06:26,lan/sala1/sensor/hum,21.37
2025-11-17 11:06:27,lan/sala1/sensor/temp,25.94
2025-11-17 11:06:27,lan/sala2/sensor/temp,20.74
2025-11-17 11:06:28,lan/sala1/sensor/hum,22.26
2025-11-17 11:06:28,lan/sala1/sensor/temp,18.07
2025-11-17 11:06:29,lan/sala2/sensor/temp,21.16
2025-11-17 11:06:30,lan/sala1/sensor/hum,29.61
2025-11-17 11:06:31,lan/sala1/sensor/temp,28.76
2025-11-17 11:06:31,lan/sala2/sensor/temp,29.93
2025-11-17 11:06:32,lan/sala1/sensor/hum,27.6
2025-11-17 11:06:33,lan/sala1/sensor/temp,19.45
2025-11-17 11:06:33,lan/sala2/sensor/temp,26.75
2025-11-17 11:06:34,lan/sala1/sensor/hum,29.53
2025-11-17 11:06:35,lan/sala1/sensor/temp,20.03
2025-11-17 11:06:35,lan/sala2/sensor/temp,27.26
2025-11-17 11:06:36,lan/sala1/sensor/hum,28.43
2025-11-17 11:06:37,lan/sala1/sensor/temp,29.54
2025-11-17 11:06:37,lan/sala2/sensor/temp,24.38
2025-11-17 11:06:38,lan/sala1/sensor/hum,21.81
2025-11-17 11:06:39,lan/sala1/sensor/temp,22.17
2025-11-17 11:06:39,lan/sala2/sensor/temp,28.48
2025-11-17 11:06:40,lan/sala1/sensor/hum,25.03
2025-11-17 11:06:40,lan/sala1/sensor/temp,18.18
2025-11-17 11:06:41,lan/sala2/sensor/temp,26.51
2025-11-17 11:06:42,lan/sala1/sensor/hum,21.89
2025-11-17 11:06:43,lan/sala1/sensor/temp,27.04
2025-11-17 11:06:43,lan/sala2/sensor/temp,20.47
2025-11-17 11:06:44,lan/sala1/sensor/hum,21.9
2025-11-17 11:06:44,lan/sala1/sensor/temp,29.95
2025-11-17 11:06:45,lan/sala2/sensor/temp,29.0
2025-11-17 11:06:46,lan/sala1/sensor/hum,20.58
2025-11-17 11:06:47,lan/sala1/sensor/temp,29.69
2025-11-17 11:06:47,lan/sala2/sensor/temp,29.74
2025-11-17 11:06:48,lan/sala1/sensor/hum,21.87
2025-11-17 11:06:49,lan/sala1/sensor/temp,27.05
2025-11-17 11:06:49,lan/sala2/sensor/temp,29.93
2025-11-17 11:06:50,lan/sala1/sensor/hum,24.62
2025-11-17 11:06:51,lan/sala1/sensor/temp,18.95
2025-11-17 11:06:51,lan/sala2/sensor/temp,27.22
2025-11-17 11:06:52,lan/sala1/sensor/hum,20.01
2025-11-17 11:06:53,lan/sala1/sensor/temp,19.01
2025-11-17 11:06:53,lan/sala2/sensor/temp,19.95
2025-11-17 11:06:54,lan/sala1/sensor/hum,28.49
2025-11-17 11:06:55,lan/sala1/sensor/temp,21.93
2025-11-17 11:06:55,lan/sala2/sensor/temp,22.58
2025-11-17 11:06:56,lan/sala1/sensor/hum,24.52
2025-11-17 11:06:57,lan/sala1/sensor/temp,23.05
2025-11-17 11:06:57,lan/sala2/sensor/temp,20.44
2025-11-17 11:06:58,lan/sala1/sensor/hum,24.47
2025-11-17 11:06:59,lan/sala1/sensor/temp,23.7
2025-11-17 11:06:59,lan/sala2/sensor/temp,25.7
2025-11-17 11:07:00,lan/sala1/sensor/hum,23.4
2025-11-17 11:07:01,lan/sala1/sensor/temp,24.86
2025-11-17 11:07:01,lan/sala2/sensor/temp,21.13
2025-11-17 11:07:02,lan/sala1/sensor/hum,20.84
2025-11-17 11:07:03,lan/sala1/sensor/temp,26.42
2025-11-17 11:07:03,lan/sala2/sensor/temp,24.91
2025-11-17 11:07:04,lan/sala1/sensor/hum,26.12
2025-11-17 11:07:05,lan/sala1/sensor/temp,25.8
2025-11-17 11:07:05,lan/sala2/sensor/temp,29.55
2025-11-17 11:07:06,lan/sala1/sensor/hum,26.96
2025-11-17 11:07:07,lan/sala1/sensor/temp,19.23
2025-11-17 11:07:07,lan/sala2/sensor/temp,20.45
2025-11-17 11:07:08,lan/sala1/sensor/hum,23.35
2025-11-17 11:07:09,lan/sala1/sensor/temp,25.87
2025-11-17 11:07:09,lan/sala2/sensor/temp,24.82
2025-11-17 11:07:10,lan/sala1/sensor/hum,26.55
2025-11-17 11:07:11,lan/sala1/sensor/temp,27.47
2025-11-17 11:07:11,lan/sala2/sensor/temp,23.31
2025-11-17 11:07:12,lan/sala1/sensor/hum,19.1
2025-11-17 11:07:13,lan/sala1/sensor/temp,27.7
2025-11-17 11:07:13,lan/sala2/sensor/temp,27.36
2025-11-17 11:07:14,lan/sala1/sensor/hum,23.62
2025-11-17 11:07:15,lan/sala1/sensor/temp,24.07
2025-11-17 11:07:15,lan/sala2/sensor/temp,27.46
2025-11-17 11:07:16,lan/sala1/sensor/hum,24.97
2025-11-17 11:07:17,lan/sala1/sensor/temp,19.35
2025-11-17 11:07:17,lan/sala2/sensor/temp,25.89
2025-11-17 11:07:18,lan/sala1/sensor/hum,25.9
2025-11-17 11:07:19,lan/sala1/sensor/temp,20.04
2025-11-17 11:07:19,lan/sala2/sensor/temp,20.7
2025-11-17 11:07:20,lan/sala1/sensor/hum,27.59
2025-11-17 11:07:21,lan/sala1/sensor/temp,29.27
2025-11-17 11:07:21,lan/sala2/sensor/temp,20.94
2025-11-17 11:07:22,lan/sala1/sensor/hum,20.67
2025-11-17 11:07:23,lan/sala1/sensor/temp,24.62
2025-11-17 11:07:23,lan/sala2/sensor/temp,25.12
2025-11-17 11:07:24,lan/sala1/sensor/hum,28.48
2025-11-17 11:07:25,lan/sala1/sensor/temp,28.89
2025-11-17 11:07:25,lan/sala2/sensor/temp,18.5
2025-11-17 11:07:26,lan/sala1/sensor/hum,18.67
2025-11-17 11:07:27,lan/sala1/sensor/temp,28.46
2025-11-17 11:07:27,lan/sala2/sensor/temp,21.08
2025-11-17 11:07:28,lan/sala1/sensor/hum,25.89
2025-11-17 11:07:29,lan/sala1/sensor/temp,19.42
2025-11-17 11:07:29,lan/sala2/sensor/temp,27.44
2025-11-17 11:07:30,lan/sala1/sensor/hum,18.88
2025-11-17 11:07:31,lan/sala1/sensor/temp,20.6
2025-11-17 11:07:31,lan/sala2/sensor/temp,18.72
2025-11-17 11:07:32,lan/sala1/sensor/hum,29.13
2025-11-17 11:07:33,lan/sala1/sensor/temp,18.48
2025-11-17 11:07:33,lan/sala2/sensor/temp,25.18
2025-11-17 11:07:34,lan/sala1/sensor/hum,20.75
2025-11-17 11:07:35,lan/sala1/sensor/temp,23.14
2025-11-17 11:07:35,lan/sala2/sensor/temp,24.64
2025-11-17 11:07:36,lan/sala1/sensor/hum,25.99
2025-11-17 11:07:37,lan/sala1/sensor/temp,29.67
2025-11-17 11:07:37,lan/sala2/sensor/temp,26.47
2025-11-17 11:07:38,lan/sala1/sensor/hum,18.54
2025-11-17 11:07:39,lan/sala1/sensor/temp,26.73
2025-11-17 11:07:39,lan/sala2/sensor/temp,22.71
2025-11-17 11:07:40,lan/sala1/sensor/hum,20.54
2025-11-17 11:07:41,lan/sala1/sensor/temp,23.94
2025-11-17 11:07:41,lan/sala2/sensor/temp,18.89
2025-11-17 11:07:42,lan/sala1/sensor/hum,27.96
2025-11-17 11:07:43,lan/sala1/sensor/temp,24.89
2025-11-17 11:07:43,lan/sala2/sensor/temp,25.78
2025-11-17 11:07:44,lan/sala1/sensor/hum,21.55
2025-11-17 11:07:45,lan/sala1/sensor/temp,27.69
2025-11-17 11:07:45,lan/sala2/sensor/temp,20.27
2025-11-17 11:07:46,lan/sala1/sensor/hum,27.2
2025-11-17 11:07:47,lan/sala1/sensor/temp,28.81
2025-11-17 11:07:47,lan/sala2/sensor/temp,24.39
2025-11-17 11:07:48,lan/sala1/sensor/hum,24.1
2025-11-17 11:07:49,lan/sala1/sensor/temp,28.84
2025-11-17 11:07:49,lan/sala2/sensor/temp,23.52
2025-11-17 11:07:50,lan/sala1/sensor/hum,28.65
2025-11-17 11:07:51,lan/sala1/sensor/temp,20.39
2025-11-17 11:07:51,lan/sala2/sensor/temp,18.48
2025-11-17 11:07:52,lan/sala1/sensor/hum,20.16
2025-11-17 11:07:53,lan/sala1/sensor/temp,25.69
2025-11-17 11:07:53,lan/sala2/sensor/temp,19.26
2025-11-17 11:07:54,lan/sala1/sensor/hum,26.96
2025-11-17 11:07:55,lan/sala1/sensor/temp,22.32
2025-11-17 11:07:55,lan/sala2/sensor/temp,23.57
2025-11-17 11:07:56,lan/sala1/sensor/hum,18.16
2025-11-17 11:07:57,lan/sala1/sensor/temp,20.06
2025-11-17 11:07:57,lan/sala2/sensor/temp,26.83
2025-11-17 11:07:58,lan/sala1/sensor/hum,21.21
2025-11-17 11:07:59,lan/sala1/sensor/temp,28.76
2025-11-17 11:07:59,lan/sala2/sensor/temp,26.63
2025-11-17 11:08:00,lan/sala1/sensor/hum,19.16
2025-11-17 11:08:01,lan/sala1/sensor/temp,19.38
2025-11-17 11:08:01,lan/sala2/sensor/temp,21.81
2025-11-17 11:08:02,lan/sala1/sensor/hum,20.79
2025-11-17 11:08:03,lan/sala1/sensor/temp,28.53
2025-11-17 11:08:03,lan/sala2/sensor/temp,20.12
2025-11-17 11:08:04,lan/sala1/sensor/hum,27.37
2025-11-17 11:08:05,lan/sala1/sensor/temp,22.0
2025-11-17 11:08:05,lan/sala2/sensor/temp,25.9
2025-11-17 11:08:06,lan/sala1/sensor/hum,24.32
2025-11-17 11:08:07,lan/sala1/sensor/temp,28.27
2025-11-17 11:08:07,lan/sala2/sensor/temp,29.53
2025-11-17 11:08:08,lan/sala1/sensor/hum,25.64
2025-11-17 11:08:09,lan/sala1/sensor/temp,23.61
2025-11-17 11:08:09,lan/sala2/sensor/temp,20.76
2025-11-17 11:08:10,lan/sala1/sensor/hum,26.08
2025-11-17 11:08:11,lan/sala1/sensor/temp,27.25
2025-11-17 11:08:11,lan/sala2/sensor/temp,22.5
2025-11-17 11:08:12,lan/sala1/sensor/hum,29.03
2025-11-17 11:08:13,lan/sala1/sensor/temp,18.77
2025-11-17 11:08:13,lan/sala2/sensor/temp,26.23
2025-11-17 11:08:14,lan/sala1/sensor/hum,24.45
2025-11-17 11:08:15,lan/sala1/sensor/temp,18.69
2025-11-17 11:08:15,lan/sala2/sensor/temp,20.8
2025-11-17 11:08:16,lan/sala1/sensor/hum,26.25
2025-11-17 11:08:17,lan/sala1/sensor/temp,18.33
2025-11-17 11:08:17,lan/sala2/sensor/temp,23.85
2025-11-17 11:08:18,lan/sala1/sensor/hum,23.81
2025-11-17 11:08:19,lan/sala1/sensor/temp,23.26
2025-11-17 11:08:19,lan/sala2/sensor/temp,18.73
2025-11-17 11:08:20,lan/sala1/sensor/hum,28.33
2025-11-17 11:08:21,lan/sala1/sensor/temp,22.97
2025-11-17 11:08:21,lan/sala2/sensor/temp,19.31
2025-11-17 11:08:22,lan/sala1/sensor/hum,27.72
2025-11-17 11:08:23,lan/sala1/sensor/temp,22.82
2025-11-17 11:08:23,lan/sala2/sensor/temp,24.18
2025-11-17 11:08:24,lan/sala1/sensor/hum,20.54
2025-11-17 11:08:25,lan/sala1/sensor/temp,23.49
2025-11-17 11:08:25,lan/sala2/sensor/temp,18.34
2025-11-17 11:08:26,lan/sala1/sensor/hum,25.27
2025-11-17 11:08:27,lan/sala1/sensor/temp,25.07
2025-11-17 11:08:27,lan/sala2/sensor/temp,25.83
2025-11-17 11:08:28,lan/sala1/sensor/hum,20.49
2025-11-17 11:08:29,lan/sala1/sensor/temp,19.42
2025-11-17 11:08:29,lan/sala2/sensor/temp,29.24
2025-11-17 11:08:30,lan/sala1/sensor/hum,28.12
2025-11-17 11:08:31,lan/sala1/sensor/temp,20.38
2025-11-17 11:08:31,lan/sala2/sensor/temp,22.31
2025-11-17 11:08:32,lan/sala1/sensor/hum,25.41
2025-11-17 11:08:33,lan/sala1/sensor/temp,24.26
2025-11-17 11:08:33,lan/sala2/sensor/temp,29.95
2025-11-17 11:08:34,lan/sala1/sensor/hum,28.39
2025-11-17 11:08:35,lan/sala1/sensor/temp,18.2
2025-11-17 11:08:35,lan/sala2/sensor/temp,28.47
2025-11-17 11:08:36,lan/sala1/sensor/hum,27.84
2025-11-17 11:08:37,lan/sala1/sensor/temp,25.92
2025-11-17 11:08:37,lan/sala2/sensor/temp,18.63
2025-11-17 11:08:38,lan/sala1/sensor/hum,28.93
2025-11-17 11:08:39,lan/sala1/sensor/temp,22.55
2025-11-17 11:08:39,lan/sala2/sensor/temp,23.97
2025-11-17 11:08:40,lan/sala1/sensor/hum,24.34
2025-11-17 11:08:41,lan/sala1/sensor/temp,27.13
2025-11-17 11:08:41,lan/sala2/sensor/temp,20.1
2025-11-17 11:08:42,lan/sala1/sensor/hum,24.22
2025-11-17 11:08:43,lan/sala1/sensor/temp,20.75
2025-11-17 11:08:43,lan/sala2/sensor/temp,24.37
2025-11-17 11:08:44,lan/sala1/sensor/hum,22.4
2025-11-17 11:08:45,lan/sala1/sensor/temp,27.86
2025-11-17 11:08:45,lan/sala2/sensor/temp,22.62
2025-11-17 11:08:46,lan/sala1/sensor/hum,24.0
2025-11-17 11:08:47,lan/sala1/sensor/temp,29.15
2025-11-17 11:08:47,lan/sala2/sensor/temp,26.4
2025-11-17 11:08:48,lan/sala1/sensor/hum,18.02
2025-11-17 11:08:49,lan/sala1/sensor/temp,20.92
2025-11-17 11:08:49,lan/sala2/sensor/temp,25.43
2025-11-17 11:08:50,lan/sala1/sensor/hum,29.86
2025-11-17 11:08:51,lan/sala1/sensor/temp,18.3
2025-11-17 11:08:51,lan/sala2/sensor/temp,25.68
2025-11-17 11:08:52,lan/sala1/sensor/hum,18.61
2025-11-17 11:08:53,lan/sala1/sensor/temp,24.05
2025-11-17 11:08:53,lan/sala2/sensor/temp,22.74
2025-11-17 11:08:54,lan/sala1/sensor/hum,26.87
2025-11-17 11:08:55,lan/sala1/sensor/temp,23.65
2025-11-17 11:08:55,lan/sala2/sensor/temp,19.56
2025-11-17 11:08:56,lan/sala1/sensor/hum,18.39
2025-11-17 11:08:57,lan/sala1/sensor/temp,18.02
2025-11-17 11:08:57,lan/sala2/sensor/temp,21.36
2025-11-17 11:08:58,lan/sala1/sensor/hum,19.54
2025-11-17 11:08:59,lan/sala1/sensor/temp,23.84
2025-11-17 11:08:59,lan/sala2/sensor/temp,25.72
2025-11-17 11:09:00,lan/sala1/sensor/hum,29.62
2025-11-17 11:09:01,lan/sala1/sensor/temp,18.24
2025-11-17 11:09:01,lan/sala2/sensor/temp,28.21
2025-11-17 11:09:02,lan/sala1/sensor/hum,22.79
2025-11-17 11:09:03,lan/sala1/sensor/temp,24.74
2025-11-17 11:09:03,lan/sala2/sensor/temp,19.96
2025-11-17 11:09:04,lan/sala1/sensor/hum,24.15
2025-11-17 11:09:05,lan/sala1/sensor/temp,26.57
2025-11-17 11:09:05,lan/sala2/sensor/temp,29.27
2025-11-17 11:09:06,lan/sala1/sensor/hum,21.82
2025-11-17 11:09:07,lan/sala1/sensor/temp,21.7
2025-11-17 11:09:07,lan/sala2/sensor/temp,22.2
2025-11-17 11:09:08,lan/sala1/sensor/hum,18.5
2025-11-17 11:09:09,lan/sala1/sensor/temp,18.57
2025-11-17 11:09:09,lan/sala2/sensor/temp,24.51
2025-11-17 11:09:10,lan/sala1/sensor/hum,21.12
2025-11-17 11:09:11,lan/sala1/sensor/temp,27.33
2025-11-17 11:09:11,lan/sala2/sensor/temp,23.0
2025-11-17 11:09:12,lan/sala1/sensor/hum,29.16
2025-11-17 11:09:13,lan/sala1/sensor/temp,26.92
2025-11-17 11:09:13,lan/sala2/sensor/temp,18.58
2025-11-17 11:09:14,lan/sala1/sensor/hum,24.07
2025-11-17 11:09:15,lan/sala1/sensor/temp,24.54
2025-11-17 11:09:15,lan/sala2/sensor/temp,27.3
2025-11-17 11:09:16,lan/sala1/sensor/hum,27.32
2025-11-17 11:09:17,lan/sala1/sensor/temp,21.74
2025-11-17 11:09:17,lan/sala2/sensor/temp,25.43
2025-11-17 11:09:18,lan/sala1/sensor/hum,29.24
2025-11-17 11:09:19,lan/sala1/sensor/temp,29.8
2025-11-17 11:09:19,lan/sala2/sensor/temp,26.16
2025-11-17 11:09:20,lan/sala1/sensor/hum,22.45
2025-11-17 11:09:21,lan/sala1/sensor/temp,27.7
2025-11-17 11:09:21,lan/sala2/sensor/temp,25.67
2025-11-17 11:09:22,lan/sala1/sensor/hum,24.97
2025-11-17 11:09:23,lan/sala1/sensor/temp,21.73
2025-11-17 11:09:23,lan/sala2/sensor/temp,29.34
2025-11-17 11:09:24,lan/sala1/sensor/hum,27.76
2025-11-17 11:09:25,lan/sala1/sensor/temp,18.63
2025-11-17 11:09:25,lan/sala2/sensor/temp,25.22
2025-11-17 11:09:26,lan/sala1/sensor/hum,25.46
2025-11-17 11:09:27,lan/sala1/sensor/temp,28.72
2025-11-17 11:09:27,lan/sala2/sensor/temp,23.31
2025-11-17 11:09:28,lan/sala1/sensor/hum,22.16
2025-11-17 11:09:29,lan/sala1/sensor/temp,21.43
2025-11-17 11:09:29,lan/sala2/sensor/temp,29.27
2025-11-17 11:09:30,lan/sala1/sensor/hum,26.35
2025-11-17 11:09:31,lan/sala1/sensor/temp,24.72
2025-11-17 11:09:31,lan/sala2/sensor/temp,23.34
2025-11-17 11:09:32,lan/sala1/sensor/hum,18.36
2025-11-17 11:09:33,lan/sala1/sensor/temp,18.9
2025-11-17 11:09:33,lan/sala2/sensor/temp,28.91
2025-11-17 11:09:34,lan/sala1/sensor/hum,19.07
2025-11-17 11:09:35,lan/sala1/sensor/temp,26.24
2025-11-17 11:09:35,lan/sala2/sensor/temp,28.06
2025-11-17 11:09:36,lan/sala1/sensor/hum,23.98
2025-11-17 11:09:37,lan/sala1/sensor/temp,19.86
2025-11-17 11:09:37,lan/sala2/sensor/temp,20.69
2025-11-17 11:09:38,lan/sala1/sensor/hum,20.9
2025-11-17 11:09:39,lan/sala1/sensor/temp,20.54
2025-11-17 11:09:39,lan/sala2/sensor/temp,19.43
2025-11-17 11:09:40,lan/sala1/sensor/hum,26.71
2025-11-17 11:09:41,lan/sala1/sensor/temp,18.67
2025-11-17 11:09:41,lan/sala2/sensor/temp,20.24
2025-11-17 11:09:42,lan/sala1/sensor/hum,22.21
2025-11-17 11:09:43,lan/sala1/sensor/temp,19.8
2025-11-17 11:09:43,lan/sala2/sensor/temp,24.05
2025-11-17 11:09:44,lan/sala1/sensor/hum,19.06
2025-11-17 11:09:45,lan/sala1/sensor/temp,20.72
2025-11-17 11:09:45,lan/sala2/sensor/temp,19.12
2025-11-17 11:09:46,lan/sala1/sensor/hum,29.61
2025-11-17 11:09:47,lan/sala1/sensor/temp,23.72
2025-11-17 11:09:47,lan/sala2/sensor/temp,19.96
2025-11-17 11:09:48,lan/sala1/sensor/hum,19.73
2025-11-17 11:09:49,lan/sala1/sensor/temp,24.54
2025-11-17 11:09:49,lan/sala2/sensor/temp,19.62
2025-11-17 11:09:50,lan/sala1/sensor/hum,21.58
2025-11-17 11:09:51,lan/sala1/sensor/temp,28.14
2025-11-17 11:09:51,lan/sala2/sensor/temp,23.51
2025-11-17 11:09:52,lan/sala1/sensor/hum,23.75
2025-11-17 11:09:53,lan/sala1/sensor/temp,22.26
2025-11-17 11:09:53,lan/sala2/sensor/temp,28.89
2025-11-17 11:09:54,lan/sala1/sensor/hum,24.43
2025-11-17 11:09:55,lan/sala1/sensor/temp,24.99
2025-11-17 11:09:55,lan/sala2/sensor/temp,23.74
2025-11-17 11:09:56,lan/sala1/sensor/hum,27.88
2025-11-17 11:09:57,lan/sala1/sensor/temp,18.16
2025-11-17 11:09:57,lan/sala2/sensor/temp,20.69
2025-11-17 11:09:58,lan/sala1/sensor/hum,19.83
2025-11-17 11:09:59,lan/sala1/sensor/temp,19.74
2025-11-17 11:09:59,lan/sala2/sensor/temp,26.03
2025-11-17 11:10:00,lan/sala1/sensor/hum,25.79
2025-11-17 11:10:01,lan/sala1/sensor/temp,18.58
2025-11-17 11:10:01,lan/sala2/sensor/temp,20.7
2025-11-17 11:10:02,lan/sala1/sensor/hum,22.83
2025-11-17 11:10:03,lan/sala1/sensor/temp,19.7
2025-11-17 11:10:03,lan/sala2/sensor/temp,28.2
2025-11-17 11:10:04,lan/sala1/sensor/hum,21.44
2025-11-17 11:10:05,lan/sala1/sensor/temp,24.25
2025-11-17 11:10:05,lan/sala2/sensor/temp,24.88
2025-11-17 11:10:06,lan/sala1/sensor/hum,20.2
2025-11-17 11:10:07,lan/sala1/sensor/temp,19.89
2025-11-17 11:10:07,lan/sala2/sensor/temp,27.58
2025-11-17 11:10:08,lan/sala1/sensor/hum,21.45
2025-11-17 11:10:09,lan/sala1/sensor/temp,29.58
2025-11-17 11:10:09,lan/sala2/sensor/temp,26.69
2025-11-17 11:10:10,lan/sala1/sensor/hum,24.53
2025-11-17 11:10:11,lan/sala1/sensor/temp,20.28
2025-11-17 11:10:11,lan/sala2/sensor/temp,19.29
2025-11-17 11:10:12,lan/sala1/sensor/hum,18.36
2025-11-17 11:10:13,lan/sala1/sensor/temp,25.21
2025-11-17 11:10:13,lan/sala2/sensor/temp,28.1
2025-11-17 11:10:14,lan/sala1/sensor/hum,23.78
2025-11-17 11:10:15,lan/sala1/sensor/temp,24.05
2025-11-17 11:10:15,lan/sala2/sensor/temp,20.53
2025-11-17 11:10:16,lan/sala1/sensor/hum,18.02
2025-11-17 11:10:17,lan/sala1/sensor/temp,26.5
2025-11-17 11:10:17,lan/sala2/sensor/temp,28.46
2025-11-17 11:10:18,lan/sala1/sensor/hum,24.33
2025-11-17 11:10:19,lan/sala1/sensor/temp,27.17
2025-11-17 11:10:19,lan/sala2/sensor/temp,19.53
2025-11-17 11:10:20,lan/sala1/sensor/hum,19.24
2025-11-17 11:10:21,lan/sala1/sensor/temp,24.36
2025-11-17 11:10:21,lan/sala2/sensor/temp,19.16
2025-11-17 11:10:22,lan/sala1/sensor/hum,22.55
2025-11-17 11:10:23,lan/sala1/sensor/temp,28.23
2025-11-17 11:10:23,lan/sala2/sensor/temp,27.86
2025-11-17 11:10:24,lan/sala1/sensor/hum,22.43
2025-11-17 11:10:25,lan/sala1/sensor/temp,27.95
2025-11-17 11:10:25,lan/sala2/sensor/temp,18.26
2025-11-17 11:10:26,lan/sala1/sensor/hum,19.61
2025-11-17 11:10:27,lan/sala1/sensor/temp,19.04
2025-11-17 11:10:27,lan/sala2/sensor/temp,28.09
2025-11-17 11:10:28,lan/sala1/sensor/hum,20.23
2025-11-17 11:10:29,lan/sala1/sensor/temp,26.74
2025-11-17 11:10:29,lan/sala2/sensor/temp,29.16
2025-11-17 11:10:30,lan/sala1/sensor/hum,25.84
2025-11-17 11:10:31,lan/sala1/sensor/temp,18.18
2025-11-17 11:10:31,lan/sala2/sensor/temp,20.63
2025-11-17 11:10:32,lan/sala1/sensor/hum,26.59
2025-11-17 11:10:33,lan/sala1/sensor/temp,24.96
2025-11-17 11:10:33,lan/sala2/sensor/temp,23.81
2025-11-17 11:10:34,lan/sala1/sensor/hum,22.32
2025-11-17 11:10:35,lan/sala1/sensor/temp,22.44
2025-11-17 11:10:35,lan/sala2/sensor/temp,29.66
2025-11-17 11:10:36,lan/sala1/sensor/hum,18.18
2025-11-17 11:10:37,lan/sala1/sensor/temp,24.03
2025-11-17 11:10:37,lan/sala2/sensor/temp,27.35
2025-11-17 11:10:38,lan/sala1/sensor/hum,21.16
2025-11-17 11:10:39,lan/sala1/sensor/temp,21.81
2025-11-17 11:10:39,lan/sala2/sensor/temp,22.6
2025-11-17 11:10:40,lan/sala1/sensor/hum,20.61
2025-11-17 11:10:41,lan/sala1/sensor/temp,18.69
2025-11-17 11:10:41,lan/sala2/sensor/temp,22.64
2025-11-17 11:10:42,lan/sala1/sensor/hum,29.93
2025-11-17 11:10:43,lan/sala1/sensor/temp,30.0
2025-11-17 11:10:43,lan/sala2/sensor/temp,28.7
2025-11-17 11:10:44,lan/sala1/sensor/hum,19.72
2025-11-17 11:10:45,lan/sala1/sensor/temp,22.67
2025-11-17 11:10:45,lan/sala2/sensor/temp,22.36
2025-11-17 11:10:46,lan/sala1/sensor/hum,28.91
2025-11-17 11:10:47,lan/sala1/sensor/temp,22.52
2025-11-17 11:10:47,lan/sala2/sensor/temp,27.44
2025-11-17 11:10:48,lan/sala1/sensor/hum,22.21
2025-11-17 11:10:49,lan/sala1/sensor/temp,23.22
2025-11-17 11:10:49,lan/sala2/sensor/temp,29.79
2025-11-17 11:10:50,lan/sala1/sensor/hum,21.42
2025-11-17 11:10:51,lan/sala1/sensor/temp,20.18
2025-11-17 11:10:51,lan/sala2/sensor/temp,26.56
2025-11-17 11:10:52,lan/sala1/sensor/hum,29.81
2025-11-17 11:10:53,lan/sala1/sensor/temp,28.95
2025-11-17 11:10:53,lan/sala2/sensor/temp,21.24
2025-11-17 11:10:54,lan/sala1/sensor/hum,22.74
2025-11-17 11:10:55,lan/sala1/sensor/temp,18.7
2025-11-17 11:10:55,lan/sala2/sensor/temp,20.21
2025-11-17 11:10:56,lan/sala1/sensor/hum,21.16
2025-11-17 11:10:57,lan/sala1/sensor/temp,23.87
2025-11-17 11:10:57,lan/sala2/sensor/temp,23.5
2025-11-17 11:10:58,lan/sala1/sensor/hum,26.57
2025-11-17 11:10:59,lan/sala1/sensor/temp,25.35
2025-11-17 11:10:59,lan/sala2/sensor/temp,18.86
2025-11-17 11:11:00,lan/sala1/sensor/hum,23.15
2025-11-17 11:11:01,lan/sala1/sensor/temp,27.75
2025-11-17 11:11:01,lan/sala2/sensor/temp,27.21
2025-11-17 11:11:02,lan/sala1/sensor/hum,28.9
2025-11-17 11:11:03,lan/sala1/sensor/temp,20.69
2025-11-17 11:11:03,lan/sala2/sensor/temp,19.3
2025-11-17 11:11:04,lan/sala1/sensor/hum,25.08
2025-11-17 11:11:05,lan/sala1/sensor/temp,23.57
2025-11-17 11:11:05,lan/sala2/sensor/temp,25.21
2025-11-17 11:11:06,lan/sala1/sensor/hum,21.28
2025-11-17 11:11:07,lan/sala1/sensor/temp,18.75
2025-11-17 11:11:07,lan/sala2/sensor/temp,19.61
2025-11-17 11:11:08,lan/sala1/sensor/hum,26.72
2025-11-17 11:11:09,lan/sala1/sensor/temp,20.08
2025-11-17 11:11:09,lan/sala2/sensor/temp,18.37
2025-11-17 11:11:10,lan/sala1/sensor/hum,21.28
2025-11-17 11:11:11,lan/sala1/sensor/temp,24.98
2025-11-17 11:11:11,lan/sala2/sensor/temp,26.48
2025-11-17 11:11:12,lan/sala1/sensor/hum,25.82
2025-11-17 11:11:13,lan/sala1/sensor/temp,29.87
2025-11-17 11:11:13,lan/sala2/sensor/temp,27.63
2025-11-17 11:11:14,lan/sala1/sensor/hum,24.3
2025-11-17 11:11:15,lan/sala1/sensor/temp,22.27
2025-11-17 11:11:16,lan/sala2/sensor/temp,26.27
2025-11-17 11:11:16,lan/sala1/sensor/hum,25.22
2025-11-17 11:11:17,lan/sala1/sensor/temp,19.97
2025-11-17 11:11:17,lan/sala2/sensor/temp,25.6
2025-11-17 11:11:20,lan/sala1/sensor/hum,18.72
2025-11-17 11:11:20,lan/sala1/sensor/temp,28.34
2025-11-17 11:11:20,lan/sala2/sensor/temp,27.42
2025-11-17 11:11:20,lan/sala1/sensor/hum,29.15
2025-11-17 11:11:21,lan/sala1/sensor/temp,23.35
2025-11-17 11:11:21,lan/sala2/sensor/temp,26.99
2025-11-17 11:11:22,lan/sala1/sensor/hum,25.49
2025-11-17 11:11:23,lan/sala1/sensor/temp,25.11
2025-11-17 11:11:23,lan/sala2/sensor/temp,25.16
2025-11-17 11:11:24,lan/sala1/sensor/hum,19.48
2025-11-17 11:11:25,lan/sala1/sensor/temp,19.24
2025-11-17 11:11:26,lan/sala2/sensor/temp,27.27
2025-11-17 11:11:26,lan/sala1/sensor/hum,25.21
2025-11-17 11:11:27,lan/sala1/sensor/temp,19.61
2025-11-17 11:11:27,lan/sala2/sensor/temp,26.16
2025-11-17 11:11:28,lan/sala1/sensor/hum,21.95
2025-11-17 11:11:29,lan/sala1/sensor/temp,27.43
2025-11-17 11:11:29,lan/sala2/sensor/temp,26.5
2025-11-17 11:11:30,lan/sala1/sensor/hum,29.58
2025-11-17 11:11:31,lan/sala1/sensor/temp,22.47
2025-11-17 11:11:31,lan/sala2/sensor/temp,26.92
2025-11-17 11:11:33,lan/sala1/sensor/hum,19.57
2025-11-17 11:11:33,lan/sala1/sensor/temp,26.75
2025-11-17 11:11:34,lan/sala2/sensor/temp,28.31
2025-11-17 11:11:34,lan/sala1/sensor/hum,29.3
2025-11-17 11:11:35,lan/sala1/sensor/temp,27.54
2025-11-17 11:11:36,lan/sala2/sensor/temp,25.68
2025-11-17 11:11:36,lan/sala1/sensor/hum,24.72
2025-11-17 11:11:37,lan/sala1/sensor/temp,26.74
2025-11-17 11:11:37,lan/sala2/sensor/temp,28.05
2025-11-17 11:11:38,lan/sala1/sensor/hum,18.07
2025-11-17 11:11:39,lan/sala1/sensor/temp,24.63
2025-11-17 11:11:40,lan/sala2/sensor/temp,25.61
2025-11-17 11:11:40,lan/sala1/sensor/hum,23.11
2025-11-17 11:11:41,lan/sala1/sensor/temp,18.27
2025-11-17 11:11:42,lan/sala2/sensor/temp,23.32
2025-11-17 11:11:42,lan/sala1/sensor/hum,19.38
2025-11-17 11:11:43,lan/sala1/sensor/temp,18.85
2025-11-17 11:11:44,lan/sala2/sensor/temp,26.05
2025-11-17 11:11:44,lan/sala1/sensor/hum,20.46
2025-11-17 11:11:45,lan/sala1/sensor/temp,18.97
2025-11-17 11:11:45,lan/sala2/sensor/temp,19.95
2025-11-17 11:11:46,lan/sala1/sensor/hum,29.69
2025-11-17 11:11:47,lan/sala1/sensor/temp,29.55
2025-11-17 11:11:47,lan/sala2/sensor/temp,22.23
2025-11-17 11:11:48,lan/sala1/sensor/hum,19.05
2025-11-17 11:11:49,lan/sala1/sensor/temp,27.47
2025-11-17 11:11:50,lan/sala2/sensor/temp,27.72
2025-11-17 11:11:50,lan/sala1/sensor/hum,27.85
2025-11-17 11:11:51,lan/sala1/sensor/temp,21.27
2025-11-17 11:11:51,lan/sala2/sensor/temp,29.98
2025-11-17 11:11:52,lan/sala1/sensor/hum,18.95
2025-11-17 11:11:53,lan/sala1/sensor/temp,28.83
2025-11-17 11:11:53,lan/sala2/sensor/temp,18.59
2025-11-17 11:11:54,lan/sala1/sensor/hum,20.37
2025-11-17 11:11:55,lan/sala1/sensor/temp,24.89
2025-11-17 11:11:55,lan/sala2/sensor/temp,18.65
2025-11-17 11:11:56,lan/sala1/sensor/hum,22.25
2025-11-17 11:11:57,lan/sala1/sensor/temp,19.83
2025-11-17 11:11:58,lan/sala2/sensor/temp,23.65
2025-11-17 11:11:58,lan/sala1/sensor/hum,24.08
2025-11-17 11:11:59,lan/sala1/sensor/temp,25.24
2025-11-17 11:11:59,lan/sala2/sensor/temp,26.98
2025-11-17 11:12:00,lan/sala1/sensor/hum,23.47
2025-11-17 11:12:01,lan/sala1/sensor/temp,24.45
2025-11-17 11:12:02,lan/sala2/sensor/temp,28.33
2025-11-17 11:12:02,lan/sala1/sensor/hum,27.57
2025-11-17 11:12:03,lan/sala1/sensor/temp,25.72
2025-11-17 11:12:04,lan/sala2/sensor/temp,21.61
2025-11-17 11:12:04,lan/sala1/sensor/hum,25.52
2025-11-17 11:12:05,lan/sala1/sensor/temp,23.73
2025-11-17 11:12:06,lan/sala2/sensor/temp,28.74
2025-11-17 11:12:06,lan/sala1/sensor/hum,29.65
2025-11-17 11:12:07,lan/sala1/sensor/temp,18.16
2025-11-17 11:12:08,lan/sala2/sensor/temp,22.43
2025-11-17 11:12:08,lan/sala1/sensor/hum,24.96
2025-11-17 11:12:09,lan/sala1/sensor/temp,21.17
2025-11-17 11:12:10,lan/sala2/sensor/temp,29.31
2025-11-17 11:12:10,lan/sala1/sensor/hum,22.23
2025-11-17 11:12:11,lan/sala1/sensor/temp,26.71
2025-11-17 11:12:12,lan/sala2/sensor/temp,26.5
2025-11-17 11:12:12,lan/sala1/sensor/hum,24.55
2025-11-17 11:12:13,lan/sala1/sensor/temp,28.07
2025-11-17 11:12:14,lan/sala2/sensor/temp,22.27
2025-11-17 11:12:14,lan/sala1/sensor/hum,19.43
2025-11-17 11:12:15,lan/sala1/sensor/temp,23.08
2025-11-17 11:12:16,lan/sala2/sensor/temp,22.05
2025-11-17 11:12:17,lan/sala1/sensor/hum,18.34
2025-11-17 11:12:17,lan/sala1/sensor/temp,27.33
2025-11-17 11:12:18,lan/sala2/sensor/temp,27.92
2025-11-17 11:12:19,lan/sala1/sensor/hum,23.3
2025-11-17 11:12:19,lan/sala1/sensor/temp,23.99
2025-11-17 11:12:20,lan/sala2/sensor/temp,29.81
2025-11-17 11:12:21,lan/sala1/sensor/hum,28.47
2025-11-17 11:12:21,lan/sala1/sensor/temp,19.51
2025-11-17 11:12:22,lan/sala2/sensor/temp,21.49
2025-11-17 11:12:23,lan/sala1/sensor/hum,22.37
2025-11-17 11:12:23,lan/sala1/sensor/temp,23.25
2025-11-17 11:12:24,lan/sala2/sensor/temp,24.8
2025-11-17 11:12:25,lan/sala1/sensor/hum,20.23
2025-11-17 11:12:25,lan/sala1/sensor/temp,21.92
2025-11-17 11:12:26,lan/sala2/sensor/temp,28.15
2025-11-17 11:12:27,lan/sala1/sensor/hum,20.11
2025-11-17 11:12:27,lan/sala1/sensor/temp,19.32
2025-11-17 11:12:28,lan/sala2/sensor/temp,26.25
2025-11-17 11:12:29,lan/sala1/sensor/hum,29.31
2025-11-17 11:12:29,lan/sala1/sensor/temp,25.55
2025-11-17 11:12:30,lan/sala2/sensor/temp,20.41
2025-11-17 11:12:31,lan/sala1/sensor/hum,21.21
2025-11-17 11:12:31,lan/sala1/sensor/temp,21.14
2025-11-17 11:12:32,lan/sala2/sensor/temp,18.73
2025-11-17 11:12:33,lan/sala1/sensor/hum,24.79
2025-11-17 11:12:33,lan/sala1/sensor/temp,25.3
2025-11-17 11:12:34,lan/sala2/sensor/temp,18.93
2025-11-17 11:12:35,lan/sala1/sensor/hum,23.15
2025-11-17 11:12:35,lan/sala1/sensor/temp,28.97
2025-11-17 11:12:36,lan/sala2/sensor/temp,23.93
2025-11-17 11:12:37,lan/sala1/sensor/hum,20.27
2025-11-17 11:12:37,lan/sala1/sensor/temp,26.46
2025-11-17 11:12:38,lan/sala2/sensor/temp,18.95
2025-11-17 11:12:39,lan/sala1/sensor/hum,20.64
2025-11-17 11:12:39,lan/sala1/sensor/temp,21.95
2025-11-17 11:12:40,lan/sala2/sensor/temp,29.76
2025-11-17 11:12:41,lan/sala1/sensor/hum,21.74
2025-11-17 11:12:41,lan/sala1/sensor/temp,19.2
2025-11-17 11:12:42,lan/sala2/sensor/temp,19.47
2025-11-17 11:12:43,lan/sala1/sensor/hum,27.28
2025-11-17 11:12:43,lan/sala1/sensor/temp,19.41
2025-11-17 11:12:44,lan/sala2/sensor/temp,27.02
2025-11-17 11:12:45,lan/sala1/sensor/hum,29.0
2025-11-17 11:12:45,lan/sala1/sensor/temp,19.66
2025-11-17 11:12:46,lan/sala2/sensor/temp,19.81
2025-11-17 11:12:47,lan/sala1/sensor/hum,29.16
2025-11-17 11:12:47,lan/sala1/sensor/temp,29.25
2025-11-17 11:12:48,lan/sala2/sensor/temp,19.97
2025-11-17 11:12:49,lan/sala1/sensor/hum,27.12
2025-11-17 11:12:49,lan/sala1/sensor/temp,20.53
2025-11-17 11:12:50,lan/sala2/sensor/temp,18.78
2025-11-17 11:12:51,lan/sala1/sensor/hum,22.26
2025-11-17 11:12:51,lan/sala1/sensor/temp,27.81
2025-11-17 11:12:52,lan/sala2/sensor/temp,26.84
2025-11-17 11:12:53,lan/sala1/sensor/hum,19.27
2025-11-17 11:12:53,lan/sala1/sensor/temp,27.62
2025-11-17 11:12:54,lan/sala2/sensor/temp,19.02
2025-11-17 11:12:55,lan/sala1/sensor/hum,29.12
2025-11-17 11:12:55,lan/sala1/sensor/temp,28.86
2025-11-17 11:12:56,lan/sala2/sensor/temp,25.11
2025-11-17 11:12:57,lan/sala1/sensor/hum,25.95
2025-11-17 11:12:57,lan/sala1/sensor/temp,27.65
2025-11-17 11:12:58,lan/sala2/sensor/temp,27.54
2025-11-17 11:12:59,lan/sala1/sensor/hum,23.82
2025-11-17 11:12:59,lan/sala1/sensor/temp,29.07
2025-11-17 11:13:00,lan/sala2/sensor/temp,29.79
2025-11-17 11:13:01,lan/sala1/sensor/hum,20.62
2025-11-17 11:13:01,lan/sala1/sensor/temp,22.77
2025-11-17 11:13:02,lan/sala2/sensor/temp,22.71
2025-11-17 11:13:03,lan/sala1/sensor/hum,18.07
2025-11-17 11:13:03,lan/sala1/sensor/temp,22.2
2025-11-17 11:13:04,lan/sala2/sensor/temp,24.6
2025-11-17 11:13:05,lan/sala1/sensor/hum,28.53
2025-11-17 11:13:05,lan/sala1/sensor/temp,19.99
2025-11-17 11:13:06,lan/sala2/sensor/temp,23.05
2025-11-17 11:13:07,lan/sala1/sensor/hum,21.79
2025-11-17 11:13:07,lan/sala1/sensor/temp,27.0
2025-11-17 11:13:08,lan/sala2/sensor/temp,18.02
2025-11-17 11:13:09,lan/sala1/sensor/hum,26.59
2025-11-17 11:13:09,lan/sala1/sensor/temp,27.63
2025-11-17 11:13:10,lan/sala2/sensor/temp,27.2
2025-11-17 11:13:11,lan/sala1/sensor/hum,22.59
2025-11-17 11:13:11,lan/sala1/sensor/temp,23.23
2025-11-17 11:13:12,lan/sala2/sensor/temp,18.97
2025-11-17 11:13:13,lan/sala1/sensor/hum,22.28
2025-11-17 11:13:13,lan/sala1/sensor/temp,24.53
2025-11-17 11:13:14,lan/sala2/sensor/temp,24.97
2025-11-17 11:13:15,lan/sala1/sensor/hum,22.65
2025-11-17 11:13:15,lan/sala1/sensor/temp,25.75
2025-11-17 11:13:16,lan/sala2/sensor/temp,27.86
2025-11-17 11:13:17,lan/sala1/sensor/hum,29.89
2025-11-17 11:13:17,lan/sala1/sensor/temp,25.13
2025-11-17 11:13:18,lan/sala2/sensor/temp,27.16
2025-11-17 11:13:19,lan/sala1/sensor/hum,26.17
2025-11-17 11:13:19,lan/sala1/sensor/temp,20.17
2025-11-17 11:13:20,lan/sala2/sensor/temp,19.6
2025-11-17 11:13:21,lan/sala1/sensor/hum,22.29
2025-11-17 11:13:21,lan/sala1/sensor/temp,22.03
2025-11-17 11:13:22,lan/sala2/sensor/temp,27.7
2025-11-17 11:13:23,lan/sala1/sensor/hum,24.13
2025-11-17 11:13:23,lan/sala1/sensor/temp,19.07
2025-11-17 11:13:24,lan/sala2/sensor/temp,26.09
2025-11-17 11:13:25,lan/sala1/sensor/hum,18.42
2025-11-17 11:13:25,lan/sala1/sensor/temp,26.5
2025-11-17 11:13:26,lan/sala2/sensor/temp,27.83
2025-11-17 11:13:27,lan/sala1/sensor/hum,28.81
2025-11-17 11:13:27,lan/sala1/sensor/temp,29.12
2025-11-17 11:13:28,lan/sala2/sensor/temp,27.57
2025-11-17 11:13:29,lan/sala1/sensor/hum,22.78
2025-11-17 11:13:29,lan/sala1/sensor/temp,25.17
2025-11-17 11:13:30,lan/sala2/sensor/temp,18.57
2025-11-17 11:13:31,lan/sala1/sensor/hum,21.12
2025-11-17 11:13:31,lan/sala1/sensor/temp,29.11
2025-11-17 11:13:32,lan/sala2/sensor/temp,25.25
2025-11-17 11:13:33,lan/sala1/sensor/hum,25.61
2025-11-17 11:13:33,lan/sala1/sensor/temp,26.85
2025-11-17 11:13:34,lan/sala2/sensor/temp,25.95
2025-11-17 11:13:35,lan/sala1/sensor/hum,25.77
2025-11-17 11:13:35,lan/sala1/sensor/temp,27.91
2025-11-17 11:13:36,lan/sala2/sensor/temp,18.8
2025-11-17 11:13:37,lan/sala1/sensor/hum,22.23
2025-11-17 11:13:37,lan/sala1/sensor/temp,21.43
2025-11-17 11:13:38,lan/sala2/sensor/temp,23.03
2025-11-17 11:13:39,lan/sala1/sensor/hum,21.48
2025-11-17 11:13:39,lan/sala1/sensor/temp,26.11
2025-11-17 11:13:40,lan/sala2/sensor/temp,27.38
2025-11-17 11:13:41,lan/sala1/sensor/hum,26.72
2025-11-17 11:13:41,lan/sala1/sensor/temp,25.93
2025-11-17 11:13:42,lan/sala2/sensor/temp,25.71
2025-11-17 11:13:43,lan/sala1/sensor/hum,19.8
2025-11-17 11:13:43,lan/sala1/sensor/temp,24.34
2025-11-17 11:13:44,lan/sala2/sensor/temp,24.96
2025-11-17 11:13:45,lan/sala1/sensor/hum,19.43
2025-11-17 11:13:45,lan/sala1/sensor/temp,18.34
2025-11-17 11:13:46,lan/sala2/sensor/temp,18.71
2025-11-17 11:13:47,lan/sala1/sensor/hum,24.73
2025-11-17 11:13:47,lan/sala1/sensor/temp,25.76
2025-11-17 11:13:48,lan/sala2/sensor/temp,22.92
2025-11-17 11:13:49,lan/sala1/sensor/hum,29.69
2025-11-17 11:13:49,lan/sala1/sensor/temp,23.34
2025-11-17 11:13:50,lan/sala2/sensor/temp,22.31
2025-11-17 11:13:51,lan/sala1/sensor/hum,22.38
2025-11-17 11:13:51,lan/sala1/sensor/temp,28.29
2025-11-17 11:13:52,lan/sala2/sensor/temp,26.37
2025-11-17 11:13:53,lan/sala1/sensor/hum,21.24
2025-11-17 11:13:53,lan/sala1/sensor/temp,20.1
2025-11-17 11:13:54,lan/sala2/sensor/temp,27.0
2025-11-17 11:13:55,lan/sala1/sensor/hum,20.1
2025-11-17 11:13:55,lan/sala1/sensor/temp,23.9
2025-11-17 11:13:56,lan/sala2/sensor/temp,19.26
2025-11-17 11:13:57,lan/sala1/sensor/hum,25.6
2025-11-17 11:13:57,lan/sala1/sensor/temp,28.21
2025-11-17 11:13:58,lan/sala2/sensor/temp,27.97
2025-11-17 11:13:59,lan/sala1/sensor/hum,22.32
2025-11-17 11:13:59,lan/sala1/sensor/temp,20.6
2025-11-17 11:14:00,lan/sala2/sensor/temp,19.92
2025-11-17 11:14:01,lan/sala1/sensor/hum,28.69
2025-11-17 11:14:01,lan/sala1/sensor/temp,19.07
2025-11-17 11:14:02,lan/sala2/sensor/temp,18.93
2025-11-17 11:14:03,lan/sala1/sensor/hum,24.68
2025-11-17 11:14:03,lan/sala1/sensor/temp,28.19
2025-11-17 11:14:04,lan/sala2/sensor/temp,28.18
2025-11-17 11:14:05,lan/sala1/sensor/hum,19.38
2025-11-17 11:14:05,lan/sala1/sensor/temp,20.91
2025-11-17 11:14:06,lan/sala2/sensor/temp,18.42
2025-11-17 11:14:07,lan/sala1/sensor/hum,23.7
2025-11-17 11:14:07,lan/sala1/sensor/temp,20.32
2025-11-17 11:14:08,lan/sala2/sensor/temp,20.28
2025-11-17 11:14:09,lan/sala1/sensor/hum,27.67
2025-11-17 11:14:09,lan/sala1/sensor/temp,24.61
2025-11-17 11:14:10,lan/sala2/sensor/temp,18.69
2025-11-17 11:14:11,lan/sala1/sensor/hum,27.33
2025-11-17 11:14:11,lan/sala1/sensor/temp,19.28
2025-11-17 11:14:12,lan/sala2/sensor/temp,23.36
2025-11-17 11:14:13,lan/sala1/sensor/hum,20.91
2025-11-17 11:14:13,lan/sala1/sensor/temp,27.3
2025-11-17 11:14:14,lan/sala2/sensor/temp,28.82
2025-11-17 11:14:15,lan/sala1/sensor/hum,29.66
2025-11-17 11:14:15,lan/sala1/sensor/temp,24.38
2025-11-17 11:14:16,lan/sala2/sensor/temp,25.34
2025-11-17 11:14:17,lan/sala1/sensor/hum,27.07
2025-11-17 11:14:17,lan/sala1/sensor/temp,24.22
2025-11-17 11:14:18,lan/sala2/sensor/temp,26.05
2025-11-17 11:14:19,lan/sala1/sensor/hum,23.93
2025-11-17 11:14:19,lan/sala1/sensor/temp,24.73
2025-11-17 11:14:20,lan/sala2/sensor/temp,21.7
2025-11-17 11:14:21,lan/sala1/sensor/hum,21.84
2025-11-17 11:14:21,lan/sala1/sensor/temp,25.92
2025-11-17 11:14:22,lan/sala2/sensor/temp,26.06
2025-11-17 11:14:23,lan/sala1/sensor/hum,29.13
2025-11-17 11:14:23,lan/sala1/sensor/temp,27.56
2025-11-17 11:14:24,lan/sala2/sensor/temp,27.04
2025-11-17 11:14:25,lan/sala1/sensor/hum,27.19
2025-11-17 11:14:25,lan/sala1/sensor/temp,27.33
2025-11-17 11:14:26,lan/sala2/sensor/temp,21.24
2025-11-17 11:14:27,lan/sala1/sensor/hum,28.45
2025-11-17 11:14:27,lan/sala1/sensor/temp,29.6
2025-11-17 11:14:28,lan/sala2/sensor/temp,19.22
2025-11-17 11:14:29,lan/sala1/sensor/hum,28.14
2025-11-17 11:14:29,lan/sala1/sensor/temp,24.74
2025-11-17 11:14:30,lan/sala2/sensor/temp,24.63
2025-11-17 11:14:31,lan/sala1/sensor/hum,26.47
2025-11-17 11:14:31,lan/sala1/sensor/temp,18.39
2025-11-17 11:14:32,lan/sala2/sensor/temp,26.14
2025-11-17 11:14:33,lan/sala1/sensor/hum,25.79
2025-11-17 11:14:33,lan/sala1/sensor/temp,19.44
2025-11-17 11:14:34,lan/sala2/sensor/temp,27.81
2025-11-17 11:14:35,lan/sala1/sensor/hum,28.68
2025-11-17 11:14:35,lan/sala1/sensor/temp,19.4
2025-11-17 11:14:36,lan/sala2/sensor/temp,25.03
2025-11-17 11:14:37,lan/sala1/sensor/hum,19.89
2025-11-17 11:14:37,lan/sala1/sensor/temp,25.91
2025-11-17 11:14:38,lan/sala2/sensor/temp,29.87
2025-11-17 11:14:39,lan/sala1/sensor/hum,29.43
2025-11-17 11:14:39,lan/sala1/sensor/temp,23.3
2025-11-17 11:14:40,lan/sala2/sensor/temp,25.89
2025-11-17 11:14:41,lan/sala1/sensor/hum,20.91
2025-11-17 11:14:41,lan/sala1/sensor/temp,26.77
2025-11-17 11:14:42,lan/sala2/sensor/temp,29.92
2025-11-17 11:14:43,lan/sala1/sensor/hum,19.75
2025-11-17 11:14:43,lan/sala1/sensor/temp,25.41
2025-11-17 11:14:44,lan/sala2/sensor/temp,26.06
2025-11-17 11:14:45,lan/sala1/sensor/hum,21.12
2025-11-17 11:14:45,lan/sala1/sensor/temp,24.16
2025-11-17 11:14:46,lan/sala2/sensor/temp,19.08
2025-11-17 11:14:47,lan/sala1/sensor/hum,29.29
2025-11-17 11:14:47,lan/sala1/sensor/temp,24.5
2025-11-17 11:14:48,lan/sala2/sensor/temp,20.5
2025-11-17 11:14:49,lan/sala1/sensor/hum,27.09
2025-11-17 11:14:49,lan/sala1/sensor/temp,18.61
2025-11-17 11:14:50,lan/sala2/sensor/temp,24.85
2025-11-17 11:14:51,lan/sala1/sensor/hum,21.35
2025-11-17 11:14:51,lan/sala1/sensor/temp,27.81
2025-11-17 11:14:52,lan/sala2/sensor/temp,19.83
2025-11-17 11:14:53,lan/sala1/sensor/hum,28.98
2025-11-17 11:14:53,lan/sala1/sensor/temp,20.05
2025-11-17 11:14:54,lan/sala2/sensor/temp,23.92
2025-11-17 11:14:55,lan/sala1/sensor/hum,29.0
2025-11-17 11:14:55,lan/sala1/sensor/temp,18.29
2025-11-17 11:14:56,lan/sala2/sensor/temp,19.77
2025-11-17 11:14:57,lan/sala1/sensor/hum,20.89
2025-11-17 11:14:57,lan/sala1/sensor/temp,25.04
2025-11-17 11:14:58,lan/sala2/sensor/temp,18.26
2025-11-17 11:14:59,lan/sala1/sensor/hum,26.47
2025-11-17 11:14:59,lan/sala1/sensor/temp,19.39
2025-11-17 11:15:00,lan/sala2/sensor/temp,18.77
2025-11-17 11:15:01,lan/sala1/sensor/hum,24.01
2025-11-17 11:15:01,lan/sala1/sensor/temp,18.46
2025-11-17 11:15:02,lan/sala2/sensor/temp,29.73
2025-11-17 11:15:03,lan/sala1/sensor/hum,25.6
2025-11-17 11:15:03,lan/sala1/sensor/temp,25.5
2025-11-17 11:15:04,lan/sala2/sensor/temp,20.52
2025-11-17 11:15:05,lan/sala1/sensor/hum,23.84
2025-11-17 11:15:05,lan/sala1/sensor/temp,23.7
2025-11-17 11:15:06,lan/sala2/sensor/temp,24.6
2025-11-17 11:15:07,lan/sala1/sensor/hum,27.26
2025-11-17 11:15:07,lan/sala1/sensor/temp,24.89
2025-11-17 11:15:08,lan/sala2/sensor/temp,19.88
2025-11-17 11:15:09,lan/sala1/sensor/hum,22.97
2025-11-17 11:15:09,lan/sala1/sensor/temp,25.43
2025-11-17 11:15:10,lan/sala2/sensor/temp,27.89
2025-11-17 11:15:11,lan/sala1/sensor/hum,26.94
2025-11-17 11:15:11,lan/sala1/sensor/temp,26.48
2025-11-17 11:15:12,lan/sala2/sensor/temp,23.03
2025-11-17 11:15:13,lan/sala1/sensor/hum,19.6
2025-11-17 11:15:13,lan/sala1/sensor/temp,27.99
2025-11-17 11:15:14,lan/sala2/sensor/temp,22.35
2025-11-17 11:15:15,lan/sala1/sensor/hum,21.02
2025-11-17 11:15:15,lan/sala1/sensor/temp,29.88
2025-11-17 11:15:16,lan/sala2/sensor/temp,24.77
2025-11-17 11:15:17,lan/sala1/sensor/hum,27.33
2025-11-17 11:15:17,lan/sala1/sensor/temp,22.52
2025-11-17 11:15:18,lan/sala2/sensor/temp,28.12
2025-11-17 11:15:19,lan/sala1/sensor/hum,22.2
2025-11-17 11:15:19,lan/sala1/sensor/temp,26.2
2025-11-17 11:15:20,lan/sala2/sensor/temp,22.66
2025-11-17 11:15:21,lan/sala1/sensor/hum,21.7
2025-11-17 11:15:21,lan/sala1/sensor/temp,21.68
2025-11-17 11:15:22,lan/sala2/sensor/temp,20.5
2025-11-17 11:15:23,lan/sala1/sensor/hum,25.87
2025-11-17 11:15:23,lan/sala1/sensor/temp,18.53
2025-11-17 11:15:24,lan/sala2/sensor/temp,29.95
2025-11-17 11:15:25,lan/sala1/sensor/hum,25.12
2025-11-17 11:15:25,lan/sala1/sensor/temp,23.61
2025-11-17 11:15:26,lan/sala2/sensor/temp,23.42
2025-11-17 11:15:27,lan/sala1/sensor/hum,25.08
2025-11-17 11:15:27,lan/sala1/sensor/temp,20.84
2025-11-17 11:15:28,lan/sala2/sensor/temp,20.61
2025-11-17 11:15:29,lan/sala1/sensor/hum,18.88
2025-11-17 11:15:29,lan/sala1/sensor/temp,26.91
2025-11-17 11:15:30,lan/sala2/sensor/temp,28.58
2025-11-17 11:15:31,lan/sala1/sensor/hum,28.41
2025-11-17 11:15:31,lan/sala1/sensor/temp,23.12
2025-11-17 11:15:32,lan/sala2/sensor/temp,22.8
2025-11-17 11:15:33,lan/sala1/sensor/hum,23.78
2025-11-17 11:15:33,lan/sala1/sensor/temp,19.56
2025-11-17 11:15:34,lan/sala2/sensor/temp,25.25
2025-11-17 11:15:35,lan/sala1/sensor/hum,23.44
2025-11-17 11:15:35,lan/sala1/sensor/temp,23.26
2025-11-17 11:15:36,lan/sala2/sensor/temp,23.0
2025-11-17 11:15:37,lan/sala1/sensor/hum,23.32
2025-11-17 11:15:37,lan/sala1/sensor/temp,22.62
2025-11-17 11:15:38,lan/sala2/sensor/temp,21.15
2025-11-17 11:15:39,lan/sala1/sensor/hum,24.96
2025-11-17 11:15:39,lan/sala1/sensor/temp,25.64
2025-11-17 11:15:40,lan/sala2/sensor/temp,19.65
2025-11-17 11:15:41,lan/sala1/sensor/hum,23.23
2025-11-17 11:15:41,lan/sala1/sensor/temp,27.94
2025-11-17 11:15:42,lan/sala2/sensor/temp,21.05
2025-11-17 11:15:43,lan/sala1/sensor/hum,23.51
2025-11-17 11:15:43,lan/sala1/sensor/temp,27.66
2025-11-17 11:15:44,lan/sala2/sensor/temp,19.43
2025-11-17 11:15:45,lan/sala1/sensor/hum,24.99
2025-11-17 11:15:45,lan/sala1/sensor/temp,22.91
2025-11-17 11:15:46,lan/sala2/sensor/temp,18.79
2025-11-17 11:15:47,lan/sala1/sensor/hum,24.89
2025-11-17 11:15:47,lan/sala1/sensor/temp,21.87
2025-11-17 11:15:48,lan/sala2/sensor/temp,22.58
2025-11-17 11:15:49,lan/sala1/sensor/hum,25.96
2025-11-17 11:15:49,lan/sala1/sensor/temp,24.93
2025-11-17 11:15:50,lan/sala2/sensor/temp,19.51
2025-11-17 11:15:51,lan/sala1/sensor/hum,23.14
2025-11-17 11:15:51,lan/sala1/sensor/temp,22.54
2025-11-17 11:15:52,lan/sala2/sensor/temp,18.52
2025-11-17 11:15:53,lan/sala1/sensor/hum,23.43
2025-11-17 11:15:53,lan/sala1/sensor/temp,21.19
2025-11-17 11:15:54,lan/sala2/sensor/temp,21.61
2025-11-17 11:15:55,lan/sala1/sensor/hum,19.86
2025-11-17 11:15:55,lan/sala1/sensor/temp,24.27
2025-11-17 11:15:56,lan/sala2/sensor/temp,19.86
2025-11-17 11:15:57,lan/sala1/sensor/hum,28.8
2025-11-17 11:15:57,lan/sala1/sensor/temp,26.26
2025-11-17 11:15:58,lan/sala2/sensor/temp,24.06
2025-11-17 11:15:59,lan/sala1/sensor/hum,20.84
2025-11-17 11:15:59,lan/sala1/sensor/temp,20.24
2025-11-17 11:16:00,lan/sala2/sensor/temp,29.56
2025-11-17 11:16:01,lan/sala1/sensor/hum,24.78
2025-11-17 11:16:01,lan/sala1/sensor/temp,23.92
2025-11-17 11:16:02,lan/sala2/sensor/temp,28.78
2025-11-17 11:16:03,lan/sala1/sensor/hum,19.11
2025-11-17 11:16:03,lan/sala1/sensor/temp,25.99
2025-11-17 11:16:04,lan/sala2/sensor/temp,18.4
2025-11-17 11:16:05,lan/sala1/sensor/hum,18.98
2025-11-17 11:16:05,lan/sala1/sensor/temp,24.8
2025-11-17 11:16:06,lan/sala2/sensor/temp,24.22
2025-11-17 11:16:07,lan/sala1/sensor/hum,23.94
2025-11-17 11:16:07,lan/sala1/sensor/temp,23.52
2025-11-17 11:16:08,lan/sala2/sensor/temp,24.43
2025-11-17 11:16:09,lan/sala1/sensor/hum,27.02
2025-11-17 11:16:09,lan/sala1/sensor/temp,29.95
2025-11-17 11:16:10,lan/sala2/sensor/temp,28.85
2025-11-17 11:16:11,lan/sala1/sensor/hum,21.94
2025-11-17 11:16:11,lan/sala1/sensor/temp,27.86
2025-11-17 11:16:12,lan/sala2/sensor/temp,22.7
2025-11-17 11:16:13,lan/sala1/sensor/hum,29.62
2025-11-17 11:16:13,lan/sala1/sensor/temp,28.91
2025-11-17 11:16:14,lan/sala2/sensor/temp,20.51
2025-11-17 11:16:15,lan/sala1/sensor/hum,24.61
2025-11-17 11:16:15,lan/sala1/sensor/temp,27.62
2025-11-17 11:16:16,lan/sala2/sensor/temp,21.05
2025-11-17 11:16:17,lan/sala1/sensor/hum,26.07
2025-11-17 11:16:17,lan/sala1/sensor/temp,27.69
2025-11-17 11:16:18,lan/sala2/sensor/temp,25.04
2025-11-17 11:16:19,lan/sala1/sensor/hum,19.93
2025-11-17 11:16:19,lan/sala1/sensor/temp,26.93
2025-11-17 11:16:20,lan/sala2/sensor/temp,22.55
2025-11-17 11:16:21,lan/sala1/sensor/hum,23.06
2025-11-17 11:16:21,lan/sala1/sensor/temp,21.03
2025-11-17 11:16:22,lan/sala2/sensor/temp,29.38
2025-11-17 11:16:23,lan/sala1/sensor/hum,28.3
2025-11-17 11:16:23,lan/sala1/sensor/temp,29.51
2025-11-17 11:16:24,lan/sala2/sensor/temp,27.58
2025-11-17 11:16:25,lan/sala1/sensor/hum,23.17
2025-11-17 11:16:25,lan/sala1/sensor/temp,23.43
2025-11-17 11:16:26,lan/sala2/sensor/temp,21.42
2025-11-17 11:16:27,lan/sala1/sensor/hum,20.95
2025-11-17 11:16:27,lan/sala1/sensor/temp,27.75
2025-11-17 11:16:28,lan/sala2/sensor/temp,22.77
2025-11-17 11:16:29,lan/sala1/sensor/hum,21.62
2025-11-17 11:16:29,lan/sala1/sensor/temp,26.95
2025-11-17 11:16:30,lan/sala2/sensor/temp,20.36
2025-11-17 11:16:31,lan/sala1/sensor/hum,18.32
2025-11-17 11:16:31,lan/sala1/sensor/temp,18.23
2025-11-17 11:16:32,lan/sala2/sensor/temp,22.91
2025-11-17 11:16:33,lan/sala1/sensor/hum,20.13
2025-11-17 11:16:33,lan/sala1/sensor/temp,24.28
2025-11-17 11:16:34,lan/sala2/sensor/temp,29.83
2025-11-17 11:16:35,lan/sala1/sensor/hum,21.2
2025-11-17 11:16:35,lan/sala1/sensor/temp,21.24
2025-11-17 11:16:36,lan/sala2/sensor/temp,27.89
2025-11-17 11:16:37,lan/sala1/sensor/hum,19.31
2025-11-17 11:16:37,lan/sala1/sensor/temp,23.81
2025-11-17 11:16:38,lan/sala2/sensor/temp,19.8
2025-11-17 11:16:39,lan/sala1/sensor/hum,20.56
2025-11-17 11:16:39,lan/sala1/sensor/temp,29.75
2025-11-17 11:16:40,lan/sala2/sensor/temp,27.19
2025-11-17 11:16:41,lan/sala1/sensor/hum,20.93
2025-11-17 11:16:41,lan/sala1/sensor/temp,26.98
2025-11-17 11:16:42,lan/sala2/sensor/temp,18.65
2025-11-17 11:16:43,lan/sala1/sensor/hum,18.73
2025-11-17 11:16:43,lan/sala1/sensor/temp,23.5
2025-11-17 11:16:44,lan/sala2/sensor/temp,23.18
2025-11-17 11:16:45,lan/sala1/sensor/hum,22.24
2025-11-17 11:16:45,lan/sala1/sensor/temp,19.75
2025-11-17 11:16:46,lan/sala2/sensor/temp,28.63
2025-11-17 11:16:47,lan/sala1/sensor/hum,19.15
2025-11-17 11:16:47,lan/sala1/sensor/temp,19.98
2025-11-17 11:16:48,lan/sala2/sensor/temp,29.67
2025-11-17 11:16:49,lan/sala1/sensor/hum,26.84
2025-11-17 11:16:49,lan/sala1/sensor/temp,29.26
2025-11-17 11:16:50,lan/sala2/sensor/temp,26.83
2025-11-17 11:16:51,lan/sala1/sensor/hum,23.34
2025-11-17 11:16:51,lan/sala1/sensor/temp,27.68
2025-11-17 11:16:52,lan/sala2/sensor/temp,22.68
2025-11-17 11:16:53,lan/sala1/sensor/hum,21.4
2025-11-17 11:16:53,lan/sala1/sensor/temp,26.72
2025-11-17 11:16:54,lan/sala2/sensor/temp,24.91
2025-11-17 11:16:55,lan/sala1/sensor/hum,21.97
2025-11-17 11:16:55,lan/sala1/sensor/temp,29.58
2025-11-17 11:16:56,lan/sala2/sensor/temp,23.73
2025-11-17 11:16:57,lan/sala1/sensor/hum,26.04
2025-11-17 11:16:57,lan/sala1/sensor/temp,29.64
2025-11-17 11:16:58,lan/sala2/sensor/temp,28.97
2025-11-17 11:16:59,lan/sala1/sensor/hum,19.96
2025-11-17 11:16:59,lan/sala1/sensor/temp,28.68
2025-11-17 11:17:00,lan/sala2/sensor/temp,21.44
2025-11-17 11:17:01,lan/sala1/sensor/hum,23.73
2025-11-17 11:17:01,lan/sala1/sensor/temp,26.0
2025-11-17 11:17:02,lan/sala2/sensor/temp,21.24
2025-11-17 11:17:03,lan/sala1/sensor/hum,27.61
2025-11-17 11:17:03,lan/sala1/sensor/temp,22.22
2025-11-17 11:17:04,lan/sala2/sensor/temp,20.34
2025-11-17 11:17:05,lan/sala1/sensor/hum,21.65
2025-11-17 11:17:05,lan/sala1/sensor/temp,19.01
2025-11-17 11:17:06,lan/sala2/sensor/temp,22.12
2025-11-17 11:17:07,lan/sala1/sensor/hum,24.13
2025-11-17 11:17:07,lan/sala1/sensor/temp,20.31
2025-11-17 11:17:08,lan/sala2/sensor/temp,20.05
2025-11-17 11:17:09,lan/sala1/sensor/hum,29.79
2025-11-17 11:17:09,lan/sala1/sensor/temp,27.76
2025-11-17 11:17:10,lan/sala2/sensor/temp,19.51
2025-11-17 11:17:11,lan/sala1/sensor/hum,20.52
2025-11-17 11:17:11,lan/sala1/sensor/temp,18.46
2025-11-17 11:17:12,lan/sala2/sensor/temp,21.1
2025-11-17 11:17:13,lan/sala1/sensor/hum,20.94
2025-11-17 11:17:13,lan/sala1/sensor/temp,26.26
2025-11-17 11:17:14,lan/sala2/sensor/temp,21.99
2025-11-17 11:17:15,lan/sala1/sensor/hum,23.84
2025-11-17 11:17:15,lan/sala1/sensor/temp,24.33
2025-11-17 11:17:16,lan/sala2/sensor/temp,20.52
2025-11-17 11:17:17,lan/sala1/sensor/hum,20.83
2025-11-17 11:17:17,lan/sala1/sensor/temp,27.72
2025-11-17 11:17:18,lan/sala2/sensor/temp,26.82
2025-11-17 11:17:19,lan/sala1/sensor/hum,22.62
2025-11-17 11:17:19,lan/sala1/sensor/temp,26.58
2025-11-17 11:17:20,lan/sala2/sensor/temp,23.58
2025-11-17 11:17:21,lan/sala1/sensor/hum,24.55
2025-11-17 11:17:21,lan/sala1/sensor/temp,29.26
2025-11-17 11:17:22,lan/sala2/sensor/temp,28.35
2025-11-17 11:17:23,lan/sala1/sensor/hum,26.15
2025-11-17 11:17:23,lan/sala1/sensor/temp,28.35
2025-11-17 11:17:24,lan/sala2/sensor/temp,27.58
2025-11-17 11:17:25,lan/sala1/sensor/hum,23.23
2025-11-17 11:17:25,lan/sala1/sensor/temp,18.52
2025-11-17 11:17:26,lan/sala2/sensor/temp,25.03
2025-11-17 11:17:27,lan/sala1/sensor/hum,20.01
2025-11-17 11:17:27,lan/sala1/sensor/temp,19.36
2025-11-17 11:17:28,lan/sala2/sensor/temp,24.44
2025-11-17 11:17:29,lan/sala1/sensor/hum,26.76
2025-11-17 11:17:29,lan/sala1/sensor/temp,21.23
2025-11-17 11:17:30,lan/sala2/sensor/temp,26.99
2025-11-17 11:17:31,lan/sala1/sensor/hum,18.69
2025-11-17 11:17:31,lan/sala1/sensor/temp,21.89
2025-11-17 11:17:32,lan/sala2/sensor/temp,20.84
2025-11-17 11:17:33,lan/sala1/sensor/hum,25.33
2025-11-17 11:17:33,lan/sala1/sensor/temp,22.22
2025-11-17 11:17:34,lan/sala2/sensor/temp,24.37
2025-11-17 11:17:35,lan/sala1/sensor/hum,26.46
2025-11-17 11:17:35,lan/sala1/sensor/temp,24.95
2025-11-17 11:17:36,lan/sala2/sensor/temp,29.19
2025-11-17 11:17:37,lan/sala1/sensor/hum,23.72
2025-11-17 11:17:37,lan/sala1/sensor/temp,25.86
2025-11-17 11:17:38,lan/sala2/sensor/temp,19.8
2025-11-17 11:17:39,lan/sala1/sensor/hum,22.78
2025-11-17 11:17:39,lan/sala1/sensor/temp,23.0
2025-11-17 11:17:40,lan/sala2/sensor/temp,26.93
2025-11-17 11:17:41,lan/sala1/sensor/hum,18.39
2025-11-17 11:17:41,lan/sala1/sensor/temp,18.16
2025-11-17 11:17:42,lan/sala2/sensor/temp,20.27
2025-11-17 11:17:43,lan/sala1/sensor/hum,20.79
2025-11-17 11:17:43,lan/sala1/sensor/temp,29.66
2025-11-17 11:17:44,lan/sala2/sensor/temp,28.17
2025-11-17 11:17:45,lan/sala1/sensor/hum,29.25
2025-11-17 11:17:45,lan/sala1/sensor/temp,24.01
2025-11-17 11:17:46,lan/sala2/sensor/temp,29.01
2025-11-17 11:17:47,lan/sala1/sensor/hum,26.63
2025-11-17 11:17:47,lan/sala1/sensor/temp,27.99
2025-11-17 11:17:48,lan/sala2/sensor/temp,19.99
2025-11-17 11:17:49,lan/sala1/sensor/hum,25.99
2025-11-17 11:17:49,lan/sala1/sensor/temp,23.39
2025-11-17 11:17:50,lan/sala2/sensor/temp,22.38
2025-11-17 11:17:51,lan/sala1/sensor/hum,22.17
2025-11-17 11:17:51,lan/sala1/sensor/temp,21.48
2025-11-17 11:17:52,lan/sala2/sensor/temp,24.61
2025-11-17 11:17:53,lan/sala1/sensor/hum,19.57
2025-11-17 11:17:53,lan/sala1/sensor/temp,26.67
2025-11-17 11:17:54,lan/sala2/sensor/temp,18.82
2025-11-17 11:17:55,lan/sala1/sensor/hum,21.7
2025-11-17 11:17:55,lan/sala1/sensor/temp,22.86
2025-11-17 11:17:56,lan/sala2/sensor/temp,23.7
2025-11-17 11:17:57,lan/sala1/sensor/hum,21.65
2025-11-17 11:17:57,lan/sala1/sensor/temp,27.4
2025-11-17 11:17:58,lan/sala2/sensor/temp,28.07
2025-11-17 11:17:59,lan/sala1/sensor/hum,21.13
2025-11-17 11:18:00,lan/sala1/sensor/temp,22.11
2025-11-17 11:18:00,lan/sala2/sensor/temp,24.05
2025-11-17 11:18:01,lan/sala1/sensor/hum,23.07
2025-11-17 11:18:01,lan/sala1/sensor/temp,26.75
2025-11-17 11:18:02,lan/sala2/sensor/temp,24.19
2025-11-17 11:18:03,lan/sala1/sensor/hum,22.52
2025-11-17 11:18:03,lan/sala1/sensor/temp,25.83
2025-11-17 11:18:04,lan/sala2/sensor/temp,28.38
2025-11-17 11:18:05,lan/sala1/sensor/hum,19.73
2025-11-17 11:18:05,lan/sala1/sensor/temp,24.2
2025-11-17 11:18:06,lan/sala2/sensor/temp,24.46
2025-11-17 11:18:07,lan/sala1/sensor/hum,25.46
2025-11-17 11:18:07,lan/sala1/sensor/temp,21.59
2025-11-17 11:18:08,lan/sala2/sensor/temp,20.91
2025-11-17 11:18:09,lan/sala1/sensor/hum,20.53
2025-11-17 11:18:09,lan/sala1/sensor/temp,22.28
2025-11-17 11:18:10,lan/sala2/sensor/temp,26.54
2025-11-17 11:18:11,lan/sala1/sensor/hum,21.5
2025-11-17 11:18:11,lan/sala1/sensor/temp,23.72
2025-11-17 11:18:12,lan/sala2/sensor/temp,25.83
2025-11-17 11:18:13,lan/sala1/sensor/hum,27.32
2025-11-17 11:18:13,lan/sala1/sensor/temp,29.68
2025-11-17 11:18:14,lan/sala2/sensor/temp,23.1
2025-11-17 11:18:15,lan/sala1/sensor/hum,24.04
2025-11-17 11:18:15,lan/sala1/sensor/temp,19.33
2025-11-17 11:18:16,lan/sala2/sensor/temp,21.51
2025-11-17 11:18:17,lan/sala1/sensor/hum,29.24
2025-11-17 11:18:17,lan/sala1/sensor/temp,23.86
2025-11-17 11:18:18,lan/sala2/sensor/temp,25.63
2025-11-17 11:18:19,lan/sala1/sensor/hum,18.16
2025-11-17 11:18:19,lan/sala1/sensor/temp,29.54
2025-11-17 11:18:20,lan/sala2/sensor/temp,19.57
2025-11-17 11:18:21,lan/sala1/sensor/hum,23.44
2025-11-17 11:18:21,lan/sala1/sensor/temp,19.92
2025-11-17 11:18:22,lan/sala2/sensor/temp,18.85
2025-11-17 11:18:23,lan/sala1/sensor/hum,23.42
2025-11-17 11:18:23,lan/sala1/sensor/temp,18.28
2025-11-17 11:18:24,lan/sala2/sensor/temp,21.24
2025-11-17 11:18:25,lan/sala1/sensor/hum,18.88
2025-11-17 11:18:25,lan/sala1/sensor/temp,27.42
2025-11-17 11:18:26,lan/sala2/sensor/temp,20.52
2025-11-17 11:18:27,lan/sala1/sensor/hum,29.29
2025-11-17 11:18:27,lan/sala1/sensor/temp,20.79
2025-11-17 11:18:28,lan/sala2/sensor/temp,22.55
2025-11-17 11:18:29,lan/sala1/sensor/hum,28.21
2025-11-17 11:18:29,lan/sala1/sensor/temp,24.72
2025-11-17 11:18:30,lan/sala2/sensor/temp,25.14
2025-11-17 11:18:31,lan/sala1/sensor/hum,22.39
2025-11-17 11:18:31,lan/sala1/sensor/temp,22.57
2025-11-17 11:18:32,lan/sala2/sensor/temp,22.55
2025-11-17 11:18:33,lan/sala1/sensor/hum,18.84
2025-11-17 11:18:33,lan/sala1/sensor/temp,25.56
2025-11-17 11:18:34,lan/sala2/sensor/temp,19.82
2025-11-17 11:18:35,lan/sala1/sensor/hum,27.05
2025-11-17 11:18:35,lan/sala1/sensor/temp,19.75
2025-11-17 11:18:36,lan/sala2/sensor/temp,18.6
2025-11-17 11:18:37,lan/sala1/sensor/hum,24.63
2025-11-17 11:18:37,lan/sala1/sensor/temp,24.75
2025-11-17 11:18:38,lan/sala2/sensor/temp,26.01
2025-11-17 11:18:39,lan/sala1/sensor/hum,23.15
2025-11-17 11:18:39,lan/sala1/sensor/temp,22.54
2025-11-17 11:18:40,lan/sala2/sensor/temp,21.57
2025-11-17 11:18:41,lan/sala1/sensor/hum,29.58
2025-11-17 11:18:41,lan/sala1/sensor/temp,22.64
2025-11-17 11:18:42,lan/sala2/sensor/temp,22.57
2025-11-17 11:18:43,lan/sala1/sensor/hum,29.03
2025-11-17 11:18:43,lan/sala1/sensor/temp,29.07
2025-11-17 11:18:44,lan/sala2/sensor/temp,25.28
2025-11-17 11:18:45,lan/sala1/sensor/hum,26.96
2025-11-17 11:18:45,lan/sala1/sensor/temp,22.77
2025-11-17 11:18:46,lan/sala2/sensor/temp,19.5
2025-11-17 11:18:47,lan/sala1/sensor/hum,25.61
2025-11-17 11:18:47,lan/sala1/sensor/temp,20.01
2025-11-17 11:18:48,lan/sala2/sensor/temp,18.46
2025-11-17 11:18:49,lan/sala1/sensor/hum,19.03
2025-11-17 11:18:49,lan/sala1/sensor/temp,20.59
2025-11-17 11:18:50,lan/sala2/sensor/temp,26.61
2025-11-17 11:18:51,lan/sala1/sensor/hum,29.07
2025-11-17 11:18:51,lan/sala1/sensor/temp,18.73
2025-11-17 11:18:52,lan/sala2/sensor/temp,26.79
2025-11-17 11:18:53,lan/sala1/sensor/hum,19.96
2025-11-17 11:18:53,lan/sala1/sensor/temp,19.69
2025-11-17 11:18:54,lan/sala2/sensor/temp,20.53
2025-11-17 11:18:55,lan/sala1/sensor/hum,21.29
2025-11-17 11:18:55,lan/sala1/sensor/temp,19.1
2025-11-17 11:18:56,lan/sala2/sensor/temp,26.36
2025-11-17 11:18:57,lan/sala1/sensor/hum,27.0
2025-11-17 11:18:57,lan/sala1/sensor/temp,26.38
2025-11-17 11:18:58,lan/sala2/sensor/temp,27.38
2025-11-17 11:18:59,lan/sala1/sensor/hum,24.2
2025-11-17 11:18:59,lan/sala1/sensor/temp,18.12
2025-11-17 11:19:00,lan/sala2/sensor/temp,18.81
2025-11-17 11:19:01,lan/sala1/sensor/hum,26.53
2025-11-17 11:19:01,lan/sala1/sensor/temp,25.53
2025-11-17 11:19:02,lan/sala2/sensor/temp,22.52
2025-11-17 11:19:03,lan/sala1/sensor/hum,28.43
2025-11-17 11:19:03,lan/sala1/sensor/temp,27.95
2025-11-17 11:19:04,lan/sala2/sensor/temp,26.06
2025-11-17 11:19:05,lan/sala1/sensor/hum,28.07
2025-11-17 11:19:05,lan/sala1/sensor/temp,22.25
2025-11-17 11:19:06,lan/sala2/sensor/temp,23.3
2025-11-17 11:19:07,lan/sala1/sensor/hum,26.44
2025-11-17 11:19:07,lan/sala1/sensor/temp,28.41
2025-11-17 11:19:08,lan/sala2/sensor/temp,18.72
2025-11-17 11:19:09,lan/sala1/sensor/hum,29.24
2025-11-17 11:19:09,lan/sala1/sensor/temp,25.57
2025-11-17 11:19:10,lan/sala2/sensor/temp,21.05
2025-11-17 11:19:11,lan/sala1/sensor/hum,18.59
2025-11-17 11:19:11,lan/sala1/sensor/temp,28.29
2025-11-17 11:19:12,lan/sala2/sensor/temp,23.82
2025-11-17 11:19:13,lan/sala1/sensor/hum,21.59
2025-11-17 11:19:13,lan/sala1/sensor/temp,27.67
2025-11-17 11:19:14,lan/sala2/sensor/temp,23.17
2025-11-17 11:19:15,lan/sala1/sensor/hum,21.69
2025-11-17 11:19:15,lan/sala1/sensor/temp,27.59
2025-11-17 11:19:16,lan/sala2/sensor/temp,19.12
2025-11-17 11:19:17,lan/sala1/sensor/hum,19.72
2025-11-17 11:19:17,lan/sala1/sensor/temp,19.62
2025-11-17 11:19:18,lan/sala2/sensor/temp,25.06
2025-11-17 11:19:19,lan/sala1/sensor/hum,22.76
2025-11-17 11:19:19,lan/sala1/sensor/temp,26.39
2025-11-17 11:19:20,lan/sala2/sensor/temp,27.38
2025-11-17 11:19:21,lan/sala1/sensor/hum,19.75
2025-11-17 11:19:21,lan/sala1/sensor/temp,28.32
2025-11-17 11:19:22,lan/sala2/sensor/temp,24.64
2025-11-17 11:19:23,lan/sala1/sensor/hum,19.07
2025-11-17 11:19:23,lan/sala1/sensor/temp,25.75
2025-11-17 11:19:24,lan/sala2/sensor/temp,19.67
2025-11-17 11:19:25,lan/sala1/sensor/hum,18.95
2025-11-17 11:19:25,lan/sala1/sensor/temp,29.04
2025-11-17 11:19:26,lan/sala2/sensor/temp,20.71
2025-11-17 11:19:27,lan/sala1/sensor/hum,22.6
2025-11-17 11:19:27,lan/sala1/sensor/temp,27.71
2025-11-17 11:19:28,lan/sala2/sensor/temp,22.2
2025-11-17 11:19:29,lan/sala1/sensor/hum,27.23
2025-11-17 11:19:29,lan/sala1/sensor/temp,21.88
2025-11-17 11:19:30,lan/sala2/sensor/temp,18.26
2025-11-17 11:19:31,lan/sala1/sensor/hum,24.42
2025-11-17 11:19:31,lan/sala1/sensor/temp,25.85
2025-11-17 11:19:32,lan/sala2/sensor/temp,20.34
2025-11-17 11:19:33,lan/sala1/sensor/hum,26.48
2025-11-17 11:19:33,lan/sala1/sensor/temp,29.71
2025-11-17 11:19:34,lan/sala2/sensor/temp,22.07
2025-11-17 11:19:35,lan/sala1/sensor/hum,28.15
2025-11-17 11:19:35,lan/sala1/sensor/temp,28.01
2025-11-17 11:19:36,lan/sala2/sensor/temp,22.33
2025-11-17 11:19:37,lan/sala1/sensor/hum,23.08
2025-11-17 11:19:37,lan/sala1/sensor/temp,22.51
2025-11-17 11:19:38,lan/sala2/sensor/temp,24.71
2025-11-17 11:19:39,lan/sala1/sensor/hum,27.84
2025-11-17 11:19:39,lan/sala1/sensor/temp,19.52
2025-11-17 11:19:40,lan/sala2/sensor/temp,20.56
2025-11-17 11:19:41,lan/sala1/sensor/hum,27.89
2025-11-17 11:19:41,lan/sala1/sensor/temp,18.49
2025-11-17 11:19:42,lan/sala2/sensor/temp,22.48
2025-11-17 11:19:43,lan/sala1/sensor/hum,18.11
2025-11-17 11:19:43,lan/sala1/sensor/temp,24.79
2025-11-17 11:19:44,lan/sala2/sensor/temp,24.72
2025-11-17 11:19:45,lan/sala1/sensor/hum,24.97
2025-11-17 11:19:45,lan/sala1/sensor/temp,25.14
2025-11-17 11:19:46,lan/sala2/sensor/temp,21.68
2025-11-17 11:19:47,lan/sala1/sensor/hum,20.19
2025-11-17 11:19:47,lan/sala1/sensor/temp,21.86
2025-11-17 11:19:48,lan/sala2/sensor/temp,28.91
2025-11-17 11:19:49,lan/sala1/sensor/hum,21.91
2025-11-17 11:19:49,lan/sala1/sensor/temp,18.28
2025-11-17 11:19:50,lan/sala2/sensor/temp,22.64
2025-11-17 11:19:51,lan/sala1/sensor/hum,18.16
2025-11-17 11:19:51,lan/sala1/sensor/temp,19.23
2025-11-17 11:19:52,lan/sala2/sensor/temp,25.99
2025-11-17 11:19:53,lan/sala1/sensor/hum,29.38
2025-11-17 11:19:53,lan/sala1/sensor/temp,19.48
2025-11-17 11:19:54,lan/sala2/sensor/temp,22.11
2025-11-17 11:19:55,lan/sala1/sensor/hum,26.9
2025-11-17 11:19:55,lan/sala1/sensor/temp,23.24
2025-11-17 11:19:56,lan/sala2/sensor/temp,26.56
2025-11-17 11:19:57,lan/sala1/sensor/hum,22.19
2025-11-17 11:19:58,lan/sala1/sensor/temp,21.81
2025-11-17 11:19:58,lan/sala2/sensor/temp,27.89
2025-11-17 11:19:59,lan/sala1/sensor/temp,24.55
2025-11-17 11:20:00,lan/sala1/sensor/hum,28.95
2025-11-17 11:20:00,lan/sala2/sensor/temp,23.44
2025-11-17 11:20:01,lan/sala1/sensor/hum,19.63
2025-11-17 11:20:02,lan/sala1/sensor/temp,26.87
2025-11-17 11:20:02,lan/sala2/sensor/temp,23.59
2025-11-17 11:20:03,lan/sala1/sensor/hum,29.1
2025-11-17 11:20:04,lan/sala1/sensor/temp,27.29
2025-11-17 11:20:04,lan/sala2/sensor/temp,25.37
2025-11-17 11:20:05,lan/sala1/sensor/hum,22.18
2025-11-17 11:20:05,lan/sala1/sensor/temp,26.1
2025-11-17 11:20:06,lan/sala2/sensor/temp,18.58
2025-11-17 11:20:07,lan/sala1/sensor/hum,23.12
2025-11-17 11:20:08,lan/sala1/sensor/temp,23.03
2025-11-17 11:20:08,lan/sala2/sensor/temp,22.59
2025-11-17 11:20:09,lan/sala1/sensor/hum,19.5
2025-11-17 11:20:10,lan/sala1/sensor/temp,20.84
2025-11-17 11:20:10,lan/sala2/sensor/temp,26.93
2025-11-17 11:20:11,lan/sala1/sensor/hum,24.5
2025-11-17 11:20:12,lan/sala1/sensor/temp,24.76
2025-11-17 11:20:12,lan/sala2/sensor/temp,19.58
2025-11-17 11:20:13,lan/sala1/sensor/hum,25.62
2025-11-17 11:20:14,lan/sala1/sensor/temp,22.1
2025-11-17 11:20:14,lan/sala2/sensor/temp,22.2
2025-11-17 11:20:15,lan/sala1/sensor/hum,28.82
2025-11-17 11:20:16,lan/sala1/sensor/temp,23.03
2025-11-17 11:20:16,lan/sala2/sensor/temp,23.55
2025-11-17 11:20:17,lan/sala1/sensor/hum,19.72
2025-11-17 11:20:18,lan/sala1/sensor/temp,28.65
2025-11-17 11:20:18,lan/sala2/sensor/temp,26.52
2025-11-17 11:20:19,lan/sala1/sensor/hum,22.03
2025-11-17 11:20:20,lan/sala1/sensor/temp,20.39
2025-11-17 11:20:20,lan/sala2/sensor/temp,24.57
2025-11-17 11:20:21,lan/sala1/sensor/hum,19.98
2025-11-17 11:20:22,lan/sala1/sensor/temp,20.24
2025-11-17 11:20:22,lan/sala2/sensor/temp,21.8
2025-11-17 11:20:23,lan/sala1/sensor/hum,22.85
2025-11-17 11:20:24,lan/sala1/sensor/temp,22.73
2025-11-17 11:20:24,lan/sala2/sensor/temp,24.52
2025-11-17 11:20:25,lan/sala1/sensor/hum,19.19
2025-11-17 11:20:26,lan/sala1/sensor/temp,19.82
2025-11-17 11:20:26,lan/sala2/sensor/temp,27.0
2025-11-17 11:20:27,lan/sala1/sensor/hum,20.29
2025-11-17 11:20:28,lan/sala1/sensor/temp,28.82
2025-11-17 11:20:28,lan/sala2/sensor/temp,26.69
2025-11-17 11:20:29,lan/sala1/sensor/hum,22.26
2025-11-17 11:20:30,lan/sala1/sensor/temp,29.78
2025-11-17 11:20:30,lan/sala2/sensor/temp,25.04
2025-11-17 11:20:31,lan/sala1/sensor/hum,23.08
2025-11-17 11:20:32,lan/sala1/sensor/temp,22.65
2025-11-17 11:20:32,lan/sala2/sensor/temp,23.72
2025-11-17 11:20:33,lan/sala1/sensor/hum,19.98
2025-11-17 11:20:34,lan/sala1/sensor/temp,19.04
2025-11-17 11:20:34,lan/sala2/sensor/temp,23.97
2025-11-17 11:20:35,lan/sala1/sensor/hum,23.58
2025-11-17 11:20:36,lan/sala1/sensor/temp,19.0
2025-11-17 11:20:36,lan/sala2/sensor/temp,23.96
2025-11-17 11:20:37,lan/sala1/sensor/hum,23.46
2025-11-17 11:20:38,lan/sala1/sensor/temp,20.5
2025-11-17 11:20:38,lan/sala2/sensor/temp,27.92
2025-11-17 11:20:39,lan/sala1/sensor/hum,26.63
2025-11-17 11:20:40,lan/sala1/sensor/temp,28.01
2025-11-17 11:20:40,lan/sala2/sensor/temp,19.26
2025-11-17 11:20:41,lan/sala1/sensor/hum,27.71
2025-11-17 11:20:42,lan/sala1/sensor/temp,18.31
2025-11-17 11:20:42,lan/sala2/sensor/temp,23.64
2025-11-17 11:20:43,lan/sala1/sensor/hum,20.51
2025-11-17 11:20:44,lan/sala1/sensor/temp,29.28
2025-11-17 11:20:44,lan/sala2/sensor/temp,23.83
2025-11-17 11:20:45,lan/sala1/sensor/hum,29.42
2025-11-17 11:20:46,lan/sala1/sensor/temp,28.04
2025-11-17 11:20:46,lan/sala2/sensor/temp,28.39
2025-11-17 11:20:47,lan/sala1/sensor/hum,28.49
2025-11-17 11:20:48,lan/sala1/sensor/temp,21.39
2025-11-17 11:20:48,lan/sala2/sensor/temp,28.25
2025-11-17 11:20:49,lan/sala1/sensor/hum,24.69
2025-11-17 11:20:50,lan/sala1/sensor/temp,20.39
2025-11-17 11:20:50,lan/sala2/sensor/temp,21.57
2025-11-17 11:20:51,lan/sala1/sensor/hum,20.71
2025-11-17 11:20:52,lan/sala1/sensor/temp,29.97
2025-11-17 11:20:52,lan/sala2/sensor/temp,26.38
2025-11-17 11:20:53,lan/sala1/sensor/hum,22.35
2025-11-17 11:20:54,lan/sala1/sensor/temp,24.14
2025-11-17 11:20:54,lan/sala2/sensor/temp,22.7
2025-11-17 11:20:55,lan/sala1/sensor/hum,18.27
2025-11-17 11:20:56,lan/sala1/sensor/temp,20.8
2025-11-17 11:20:56,lan/sala2/sensor/temp,28.42
2025-11-17 11:20:57,lan/sala1/sensor/hum,25.13
2025-11-17 11:20:58,lan/sala1/sensor/temp,23.08
2025-11-17 11:20:58,lan/sala2/sensor/temp,24.73
2025-11-17 11:20:59,lan/sala1/sensor/hum,23.46
2025-11-17 11:21:00,lan/sala1/sensor/temp,26.09
2025-11-17 11:21:00,lan/sala2/sensor/temp,18.64
2025-11-17 11:21:01,lan/sala1/sensor/hum,28.09
2025-11-17 11:21:02,lan/sala1/sensor/temp,22.49
2025-11-17 11:21:02,lan/sala2/sensor/temp,21.39
2025-11-17 11:21:03,lan/sala1/sensor/hum,19.74
2025-11-17 11:21:04,lan/sala1/sensor/temp,18.38
2025-11-17 11:21:04,lan/sala2/sensor/temp,23.52
2025-11-17 11:21:05,lan/sala1/sensor/hum,24.57
2025-11-17 11:21:06,lan/sala1/sensor/temp,22.89
2025-11-17 11:21:06,lan/sala2/sensor/temp,26.55
2025-11-17 11:21:07,lan/sala1/sensor/hum,29.2
2025-11-17 11:21:08,lan/sala1/sensor/temp,27.28
2025-11-17 11:21:08,lan/sala2/sensor/temp,18.13
2025-11-17 11:21:09,lan/sala1/sensor/hum,20.58
2025-11-17 11:21:10,lan/sala1/sensor/temp,27.06
2025-11-17 11:21:10,lan/sala2/sensor/temp,22.85
2025-11-17 11:21:11,lan/sala1/sensor/hum,23.37
2025-11-17 11:21:12,lan/sala1/sensor/temp,26.59
2025-11-17 11:21:12,lan/sala2/sensor/temp,20.93
2025-11-17 11:21:13,lan/sala1/sensor/hum,23.99
2025-11-17 11:21:14,lan/sala1/sensor/temp,29.51
2025-11-17 11:21:14,lan/sala2/sensor/temp,28.81
2025-11-17 11:21:15,lan/sala1/sensor/hum,19.03
2025-11-17 11:21:16,lan/sala1/sensor/temp,28.73
2025-11-17 11:21:16,lan/sala2/sensor/temp,22.11
2025-11-17 11:21:18,lan/sala1/sensor/hum,26.35
2025-11-17 11:21:19,lan/sala1/sensor/temp,24.62
2025-11-17 11:21:19,lan/sala2/sensor/temp,20.98
2025-11-17 11:21:19,lan/sala1/sensor/hum,26.95
2025-11-17 11:21:20,lan/sala1/sensor/temp,22.87
2025-11-17 11:21:21,lan/sala2/sensor/temp,29.5
2025-11-17 11:21:21,lan/sala1/sensor/hum,26.01
2025-11-17 11:21:22,lan/sala1/sensor/temp,26.36
2025-11-17 11:21:22,lan/sala2/sensor/temp,18.41
2025-11-17 11:21:23,lan/sala1/sensor/hum,25.92
2025-11-17 11:21:24,lan/sala1/sensor/temp,27.92
2025-11-17 11:21:24,lan/sala2/sensor/temp,24.68
2025-11-17 11:21:25,lan/sala1/sensor/hum,25.96
2025-11-17 11:21:26,lan/sala1/sensor/temp,26.66
2025-11-17 11:21:26,lan/sala2/sensor/temp,19.78
2025-11-17 11:21:27,lan/sala1/sensor/hum,18.77
2025-11-17 11:21:28,lan/sala1/sensor/temp,24.17
2025-11-17 11:21:29,lan/sala2/sensor/temp,25.98
2025-11-17 11:21:29,lan/sala1/sensor/hum,23.06
2025-11-17 11:21:30,lan/sala1/sensor/temp,26.5
2025-11-17 11:21:30,lan/sala2/sensor/temp,24.27
2025-11-17 11:21:31,lan/sala1/sensor/hum,24.77
2025-11-17 11:21:32,lan/sala1/sensor/temp,26.87
2025-11-17 11:21:33,lan/sala2/sensor/temp,26.89
2025-11-17 11:21:34,lan/sala1/sensor/hum,27.97
2025-11-17 11:21:34,lan/sala1/sensor/temp,22.39
2025-11-17 11:21:34,lan/sala2/sensor/temp,18.19
2025-11-17 11:21:35,lan/sala1/sensor/hum,23.04
2025-11-17 11:21:36,lan/sala1/sensor/temp,27.46
2025-11-17 11:21:36,lan/sala2/sensor/temp,29.85
2025-11-17 11:21:38,lan/sala1/sensor/hum,23.16
2025-11-17 11:21:39,lan/sala1/sensor/temp,18.98
2025-11-17 11:21:39,lan/sala2/sensor/temp,18.75
2025-11-17 11:21:40,lan/sala1/sensor/hum,26.48
2025-11-17 11:21:40,lan/sala1/sensor/temp,19.98
2025-11-17 11:21:40,lan/sala2/sensor/temp,25.98
2025-11-17 11:21:41,lan/sala1/sensor/hum,25.74
2025-11-17 11:21:42,lan/sala1/sensor/temp,27.08
2025-11-17 11:21:42,lan/sala2/sensor/temp,26.03
2025-11-17 11:21:44,lan/sala1/sensor/hum,19.55
2025-11-17 11:21:44,lan/sala1/sensor/temp,26.44
2025-11-17 11:21:44,lan/sala2/sensor/temp,23.51
2025-11-17 11:21:45,lan/sala1/sensor/hum,25.67
2025-11-17 11:21:46,lan/sala1/sensor/temp,26.52
2025-11-17 11:21:46,lan/sala2/sensor/temp,23.64
2025-11-17 11:21:47,lan/sala1/sensor/hum,18.08
2025-11-17 11:21:48,lan/sala1/sensor/temp,18.98
2025-11-17 11:21:48,lan/sala2/sensor/temp,21.99
2025-11-17 11:21:49,lan/sala1/sensor/hum,28.63
2025-11-17 11:21:50,lan/sala1/sensor/temp,24.78
2025-11-17 11:21:50,lan/sala2/sensor/temp,28.33
2025-11-17 11:21:52,lan/sala1/sensor/hum,29.9
2025-11-17 11:21:52,lan/sala1/sensor/temp,23.86
2025-11-17 11:21:52,lan/sala2/sensor/temp,21.66
2025-11-17 11:21:53,lan/sala1/sensor/hum,19.28
2025-11-17 11:21:54,lan/sala1/sensor/temp,24.39
2025-11-17 11:21:54,lan/sala2/sensor/temp,18.63
2025-11-17 11:21:55,lan/sala1/sensor/hum,22.25
2025-11-17 11:21:56,lan/sala1/sensor/temp,26.59
2025-11-17 11:21:56,lan/sala2/sensor/temp,21.27
2025-11-17 11:21:57,lan/sala1/sensor/hum,23.86
2025-11-17 11:21:58,lan/sala1/sensor/temp,26.34
2025-11-17 11:21:58,lan/sala2/sensor/temp,28.52
2025-11-17 11:21:59,lan/sala1/sensor/hum,20.22
2025-11-17 11:22:00,lan/sala1/sensor/temp,23.3
2025-11-17 11:22:00,lan/sala2/sensor/temp,18.89
2025-11-17 11:22:01,lan/sala1/sensor/hum,28.35
2025-11-17 11:22:02,lan/sala1/sensor/temp,22.57
2025-11-17 11:22:02,lan/sala2/sensor/temp,23.46
2025-11-17 11:22:03,lan/sala1/sensor/hum,20.53
2025-11-17 11:22:04,lan/sala1/sensor/temp,25.77
2025-11-17 11:22:04,lan/sala2/sensor/temp,25.84
2025-11-17 11:22:05,lan/sala1/sensor/hum,25.54
2025-11-17 11:22:06,lan/sala1/sensor/temp,21.18
2025-11-17 11:22:06,lan/sala2/sensor/temp,21.44
2025-11-17 11:22:07,lan/sala1/sensor/hum,22.32
2025-11-17 11:22:08,lan/sala1/sensor/temp,22.15
2025-11-17 11:22:08,lan/sala2/sensor/temp,20.24
2025-11-17 11:22:09,lan/sala1/sensor/hum,28.45
2025-11-17 11:22:10,lan/sala1/sensor/temp,19.07
2025-11-17 11:22:10,lan/sala2/sensor/temp,23.5
2025-11-17 11:22:11,lan/sala1/sensor/hum,19.6
2025-11-17 11:22:12,lan/sala1/sensor/temp,23.87
2025-11-17 11:22:12,lan/sala2/sensor/temp,28.43
2025-11-17 11:22:13,lan/sala1/sensor/hum,25.04
2025-11-17 11:22:14,lan/sala1/sensor/temp,23.98
2025-11-17 11:22:14,lan/sala2/sensor/temp,22.41
2025-11-17 11:22:15,lan/sala1/sensor/hum,29.96
2025-11-17 11:22:16,lan/sala1/sensor/temp,21.28
2025-11-17 11:22:16,lan/sala2/sensor/temp,19.95
2025-11-17 11:22:17,lan/sala1/sensor/hum,22.82
2025-11-17 11:22:18,lan/sala1/sensor/temp,25.33
2025-11-17 11:22:18,lan/sala2/sensor/temp,19.74
2025-11-17 11:22:20,lan/sala1/sensor/hum,20.42
2025-11-17 11:22:20,lan/sala1/sensor/temp,21.56
2025-11-17 11:22:21,lan/sala2/sensor/temp,25.68
2025-11-17 11:22:21,lan/sala1/sensor/hum,28.21
2025-11-17 11:22:22,lan/sala1/sensor/temp,18.87
2025-11-17 11:22:22,lan/sala2/sensor/temp,27.39
2025-11-17 11:22:23,lan/sala1/sensor/hum,21.78
2025-11-17 11:22:24,lan/sala1/sensor/temp,24.94
2025-11-17 11:22:24,lan/sala2/sensor/temp,18.65
2025-11-17 11:22:26,lan/sala1/sensor/hum,26.16
2025-11-17 11:22:26,lan/sala1/sensor/temp,19.01
2025-11-17 11:22:26,lan/sala2/sensor/temp,18.83
2025-11-17 11:22:27,lan/sala1/sensor/hum,22.46
2025-11-17 11:22:28,lan/sala1/sensor/temp,20.4
2025-11-17 11:22:28,lan/sala2/sensor/temp,29.92
2025-11-17 11:22:29,lan/sala1/sensor/hum,23.69
2025-11-17 11:22:30,lan/sala1/sensor/temp,23.24
2025-11-17 11:22:30,lan/sala2/sensor/temp,25.33
2025-11-17 11:22:31,lan/sala1/sensor/hum,28.2
2025-11-17 11:22:32,lan/sala1/sensor/temp,20.91
2025-11-17 11:22:32,lan/sala2/sensor/temp,22.68
2025-11-17 11:22:33,lan/sala1/sensor/hum,27.53
2025-11-17 11:22:34,lan/sala1/sensor/temp,21.31
2025-11-17 11:22:34,lan/sala2/sensor/temp,29.25
2025-11-17 11:22:35,lan/sala1/sensor/hum,28.24
2025-11-17 11:22:37,lan/sala1/sensor/temp,26.66
2025-11-17 11:22:37,lan/sala2/sensor/temp,19.5
2025-11-17 11:22:38,lan/sala1/sensor/hum,23.11
2025-11-17 11:22:38,lan/sala1/sensor/temp,20.11
2025-11-17 11:22:38,lan/sala2/sensor/temp,28.84
2025-11-17 11:22:40,lan/sala1/sensor/hum,22.76
2025-11-17 11:22:40,lan/sala1/sensor/temp,28.84
2025-11-17 11:22:41,lan/sala2/sensor/temp,26.41
2025-11-17 11:22:41,lan/sala1/sensor/hum,23.65
2025-11-17 11:22:42,lan/sala1/sensor/temp,27.67
2025-11-17 11:22:43,lan/sala2/sensor/temp,23.18
2025-11-17 11:22:43,lan/sala1/sensor/hum,21.7
2025-11-17 11:22:44,lan/sala1/sensor/temp,28.67
2025-11-17 11:22:45,lan/sala2/sensor/temp,26.7
2025-11-17 11:22:45,lan/sala1/sensor/hum,20.37
2025-11-17 11:22:46,lan/sala1/sensor/temp,21.26
2025-11-17 11:22:46,lan/sala2/sensor/temp,22.11
2025-11-17 11:22:47,lan/sala1/sensor/hum,18.87
2025-11-17 11:22:48,lan/sala1/sensor/temp,25.1
2025-11-17 11:22:49,lan/sala2/sensor/temp,27.41
2025-11-17 11:22:49,lan/sala1/sensor/hum,19.84
2025-11-17 11:22:50,lan/sala1/sensor/temp,21.16
2025-11-17 11:22:51,lan/sala2/sensor/temp,25.52
2025-11-17 11:22:51,lan/sala1/sensor/hum,20.65
2025-11-17 11:22:52,lan/sala1/sensor/temp,27.8
2025-11-17 11:22:52,lan/sala2/sensor/temp,26.36
2025-11-17 11:22:53,lan/sala1/sensor/hum,18.58
2025-11-17 11:22:54,lan/sala1/sensor/temp,25.05
2025-11-17 11:22:55,lan/sala2/sensor/temp,19.36
2025-11-17 11:22:55,lan/sala1/sensor/hum,22.66
2025-11-17 11:22:56,lan/sala1/sensor/temp,19.82
2025-11-17 11:22:57,lan/sala2/sensor/temp,21.08
2025-11-17 11:22:58,lan/sala1/sensor/hum,28.95
2025-11-17 11:22:58,lan/sala1/sensor/temp,29.45
2025-11-17 11:22:59,lan/sala2/sensor/temp,18.97
2025-11-17 11:23:00,lan/sala1/sensor/hum,19.82
2025-11-17 11:23:00,lan/sala1/sensor/temp,28.41
2025-11-17 11:23:01,lan/sala2/sensor/temp,29.12
2025-11-17 11:23:02,lan/sala1/sensor/hum,24.21
2025-11-17 11:23:02,lan/sala1/sensor/temp,21.94
2025-11-17 11:23:03,lan/sala2/sensor/temp,27.26
2025-11-17 11:23:03,lan/sala1/sensor/hum,25.7
2025-11-17 11:23:04,lan/sala1/sensor/temp,23.95
2025-11-17 11:23:05,lan/sala2/sensor/temp,26.64
2025-11-17 11:23:06,lan/sala1/sensor/hum,27.58
2025-11-17 11:23:06,lan/sala1/sensor/temp,19.45
2025-11-17 11:23:07,lan/sala2/sensor/temp,23.1
2025-11-17 11:23:07,lan/sala1/sensor/hum,18.71
2025-11-17 11:23:08,lan/sala1/sensor/temp,21.57
2025-11-17 11:23:09,lan/sala2/sensor/temp,24.41
2025-11-17 11:23:09,lan/sala1/sensor/hum,20.59
2025-11-17 11:23:10,lan/sala1/sensor/temp,19.36
2025-11-17 11:23:11,lan/sala2/sensor/temp,25.05
2025-11-17 11:23:12,lan/sala1/sensor/hum,18.33
2025-11-17 11:23:12,lan/sala1/sensor/temp,22.45
2025-11-17 11:23:13,lan/sala2/sensor/temp,23.78
2025-11-17 11:23:14,lan/sala1/sensor/hum,25.31
2025-11-17 11:23:14,lan/sala1/sensor/temp,27.6
2025-11-17 11:23:15,lan/sala2/sensor/temp,29.54
2025-11-17 11:23:16,lan/sala1/sensor/hum,23.3
2025-11-17 11:23:16,lan/sala1/sensor/temp,22.33
2025-11-17 11:23:17,lan/sala2/sensor/temp,26.62
2025-11-17 11:23:18,lan/sala1/sensor/hum,29.72
2025-11-17 11:23:18,lan/sala1/sensor/temp,28.29
2025-11-17 11:23:19,lan/sala2/sensor/temp,24.47
2025-11-17 11:23:20,lan/sala1/sensor/hum,29.06
2025-11-17 11:23:20,lan/sala1/sensor/temp,18.78
2025-11-17 11:23:21,lan/sala2/sensor/temp,25.69
2025-11-17 11:23:22,lan/sala1/sensor/hum,24.32
2025-11-17 11:23:22,lan/sala1/sensor/temp,25.28
2025-11-17 11:23:23,lan/sala2/sensor/temp,27.13
2025-11-17 11:23:24,lan/sala1/sensor/hum,27.59
2025-11-17 11:23:24,lan/sala1/sensor/temp,20.37
2025-11-17 11:23:25,lan/sala2/sensor/temp,28.72
2025-11-17 11:23:26,lan/sala1/sensor/hum,18.5
2025-11-17 11:23:26,lan/sala1/sensor/temp,23.29
2025-11-17 11:23:27,lan/sala2/sensor/temp,18.49
2025-11-17 11:23:28,lan/sala1/sensor/hum,28.5
2025-11-17 11:23:28,lan/sala1/sensor/temp,29.93
2025-11-17 11:23:29,lan/sala2/sensor/temp,28.43
2025-11-17 11:23:30,lan/sala1/sensor/hum,29.84
2025-11-17 11:23:30,lan/sala1/sensor/temp,27.55
2025-11-17 11:23:31,lan/sala2/sensor/temp,21.51
2025-11-17 11:23:32,lan/sala1/sensor/hum,21.45
2025-11-17 11:23:32,lan/sala1/sensor/temp,20.66
2025-11-17 11:23:33,lan/sala2/sensor/temp,19.34
2025-11-17 11:23:34,lan/sala1/sensor/hum,24.06
2025-11-17 11:23:34,lan/sala1/sensor/temp,29.79
2025-11-17 11:23:35,lan/sala2/sensor/temp,29.16
2025-11-17 11:23:36,lan/sala1/sensor/hum,19.9
2025-11-17 11:23:36,lan/sala1/sensor/temp,25.83
2025-11-17 11:23:37,lan/sala2/sensor/temp,20.21
2025-11-17 11:23:38,lan/sala1/sensor/hum,27.61
2025-11-17 11:23:38,lan/sala1/sensor/temp,26.63
2025-11-17 11:23:39,lan/sala2/sensor/temp,18.5
2025-11-17 11:23:40,lan/sala1/sensor/hum,22.79
2025-11-17 11:23:40,lan/sala1/sensor/temp,19.06
2025-11-17 11:23:41,lan/sala2/sensor/temp,21.27
2025-11-17 11:23:42,lan/sala1/sensor/hum,26.5
2025-11-17 11:23:42,lan/sala1/sensor/temp,21.27
2025-11-17 11:23:43,lan/sala2/sensor/temp,20.37
2025-11-17 11:23:44,lan/sala1/sensor/hum,28.93
2025-11-17 11:23:44,lan/sala1/sensor/temp,28.43
2025-11-17 11:23:45,lan/sala2/sensor/temp,20.64
2025-11-17 11:23:46,lan/sala1/sensor/hum,26.39
2025-11-17 11:23:46,lan/sala1/sensor/temp,26.79
2025-11-17 11:23:47,lan/sala2/sensor/temp,20.47
2025-11-17 11:23:48,lan/sala1/sensor/hum,18.49
2025-11-17 11:23:48,lan/sala1/sensor/temp,28.92
2025-11-17 11:23:49,lan/sala2/sensor/temp,20.8
2025-11-17 11:23:50,lan/sala1/sensor/hum,25.55
2025-11-17 11:23:50,lan/sala1/sensor/temp,21.43
2025-11-17 11:23:51,lan/sala2/sensor/temp,28.03
2025-11-17 11:23:52,lan/sala1/sensor/hum,23.53
2025-11-17 11:23:52,lan/sala1/sensor/temp,28.88
2025-11-17 11:23:53,lan/sala2/sensor/temp,19.86
2025-11-17 11:23:54,lan/sala1/sensor/hum,28.23
2025-11-17 11:23:54,lan/sala1/sensor/temp,29.17
2025-11-17 11:23:55,lan/sala2/sensor/temp,22.35
2025-11-17 11:23:56,lan/sala1/sensor/hum,19.41
2025-11-17 11:23:56,lan/sala1/sensor/temp,25.63
2025-11-17 11:23:57,lan/sala2/sensor/temp,19.9
2025-11-17 11:23:58,lan/sala1/sensor/hum,19.98
2025-11-17 11:23:58,lan/sala1/sensor/temp,21.3
2025-11-17 11:23:59,lan/sala2/sensor/temp,29.36
2025-11-17 11:24:00,lan/sala1/sensor/hum,26.63
2025-11-17 11:24:00,lan/sala1/sensor/temp,22.17
2025-11-17 11:24:01,lan/sala2/sensor/temp,22.75
2025-11-17 11:24:02,lan/sala1/sensor/hum,26.95
2025-11-17 11:24:02,lan/sala1/sensor/temp,19.57
2025-11-17 11:24:03,lan/sala2/sensor/temp,20.19
2025-11-17 11:24:04,lan/sala1/sensor/hum,23.14
2025-11-17 11:24:04,lan/sala1/sensor/temp,24.75
2025-11-17 11:24:05,lan/sala2/sensor/temp,20.88
2025-11-17 11:24:06,lan/sala1/sensor/hum,24.56
2025-11-17 11:24:06,lan/sala1/sensor/temp,25.72
2025-11-17 11:24:07,lan/sala2/sensor/temp,18.53
2025-11-17 11:24:08,lan/sala1/sensor/hum,19.53
2025-11-17 11:24:08,lan/sala1/sensor/temp,27.86
2025-11-17 11:24:09,lan/sala2/sensor/temp,22.42
2025-11-17 11:24:10,lan/sala1/sensor/hum,29.82
2025-11-17 11:24:10,lan/sala1/sensor/temp,22.14
2025-11-17 11:24:11,lan/sala2/sensor/temp,24.1
2025-11-17 11:24:12,lan/sala1/sensor/hum,29.33
2025-11-17 11:24:12,lan/sala1/sensor/temp,24.93
2025-11-17 11:24:13,lan/sala2/sensor/temp,19.54
2025-11-17 11:24:14,lan/sala1/sensor/hum,19.37
2025-11-17 11:24:14,lan/sala1/sensor/temp,28.11
2025-11-17 11:24:15,lan/sala2/sensor/temp,25.48
2025-11-17 11:24:16,lan/sala1/sensor/temp,20.8
2025-11-17 11:24:16,lan/sala1/sensor/hum,19.79
2025-11-17 11:24:17,lan/sala2/sensor/temp,25.4
2025-11-17 11:24:18,lan/sala1/sensor/temp,26.68
2025-11-17 11:24:18,lan/sala1/sensor/hum,21.51
2025-11-17 11:24:19,lan/sala2/sensor/temp,19.62
2025-11-17 11:24:20,lan/sala1/sensor/hum,24.03
2025-11-17 11:24:20,lan/sala1/sensor/temp,21.7
2025-11-17 11:24:21,lan/sala2/sensor/temp,24.95
2025-11-17 11:24:22,lan/sala1/sensor/hum,21.36
2025-11-17 11:24:22,lan/sala1/sensor/temp,24.31
2025-11-17 11:24:23,lan/sala2/sensor/temp,24.01
2025-11-17 11:24:24,lan/sala1/sensor/hum,22.52
2025-11-17 11:24:24,lan/sala1/sensor/temp,25.65
2025-11-17 11:24:25,lan/sala2/sensor/temp,23.58
2025-11-17 11:24:26,lan/sala1/sensor/hum,19.57
2025-11-17 11:24:26,lan/sala1/sensor/temp,18.73
2025-11-17 11:24:27,lan/sala2/sensor/temp,29.26
2025-11-17 11:24:28,lan/sala1/sensor/temp,28.14
2025-11-17 11:24:28,lan/sala1/sensor/hum,23.47
2025-11-17 11:24:29,lan/sala2/sensor/temp,25.26
2025-11-17 11:24:30,lan/sala1/sensor/hum,28.73
2025-11-17 11:24:30,lan/sala1/sensor/temp,26.69
2025-11-17 11:24:31,lan/sala2/sensor/temp,24.41
2025-11-17 11:24:32,lan/sala1/sensor/temp,25.82
2025-11-17 11:24:32,lan/sala1/sensor/hum,21.21
2025-11-17 11:24:33,lan/sala2/sensor/temp,29.58
2025-11-17 11:24:34,lan/sala1/sensor/temp,25.36
2025-11-17 11:24:34,lan/sala1/sensor/hum,20.74
2025-11-17 11:24:35,lan/sala2/sensor/temp,27.48
2025-11-17 11:24:36,lan/sala1/sensor/temp,24.87
2025-11-17 11:24:36,lan/sala1/sensor/hum,29.28
2025-11-17 11:24:37,lan/sala2/sensor/temp,24.39
2025-11-17 11:24:38,lan/sala1/sensor/temp,18.6
2025-11-17 11:24:38,lan/sala1/sensor/hum,26.57
2025-11-17 11:24:39,lan/sala2/sensor/temp,25.57
2025-11-17 11:24:40,lan/sala1/sensor/temp,22.2
2025-11-17 11:24:40,lan/sala1/sensor/hum,19.74
2025-11-17 11:24:41,lan/sala2/sensor/temp,19.39
2025-11-17 11:24:42,lan/sala1/sensor/temp,23.74
2025-11-17 11:24:42,lan/sala1/sensor/hum,29.58
2025-11-17 11:24:43,lan/sala2/sensor/temp,19.4
2025-11-17 11:24:44,lan/sala1/sensor/temp,24.29
2025-11-17 11:24:44,lan/sala1/sensor/hum,24.46
2025-11-17 11:24:45,lan/sala2/sensor/temp,21.69
2025-11-17 11:24:46,lan/sala1/sensor/hum,19.5
2025-11-17 11:24:46,lan/sala1/sensor/temp,25.42
2025-11-17 11:24:47,lan/sala2/sensor/temp,18.92
2025-11-17 11:24:48,lan/sala1/sensor/hum,21.02
2025-11-17 11:24:48,lan/sala1/sensor/temp,18.16
2025-11-17 11:24:49,lan/sala2/sensor/temp,21.0
2025-11-17 11:24:50,lan/sala1/sensor/hum,19.23
2025-11-17 11:24:51,lan/sala1/sensor/temp,24.05
2025-11-17 11:24:51,lan/sala2/sensor/temp,23.19
2025-11-17 11:24:52,lan/sala1/sensor/temp,29.84
2025-11-17 11:24:52,lan/sala1/sensor/hum,28.34
2025-11-17 11:24:53,lan/sala2/sensor/temp,25.24
2025-11-17 11:24:54,lan/sala1/sensor/temp,26.54
2025-11-17 11:24:54,lan/sala1/sensor/hum,21.76
2025-11-17 11:24:55,lan/sala2/sensor/temp,19.64
2025-11-17 11:24:56,lan/sala1/sensor/temp,23.82
2025-11-17 11:24:56,lan/sala1/sensor/hum,21.31
2025-11-17 11:24:57,lan/sala2/sensor/temp,28.25
2025-11-17 11:24:58,lan/sala1/sensor/temp,29.03
2025-11-17 11:24:58,lan/sala1/sensor/hum,19.72
2025-11-17 11:24:59,lan/sala2/sensor/temp,21.62
2025-11-17 11:25:00,lan/sala1/sensor/temp,27.95
2025-11-17 11:25:00,lan/sala1/sensor/hum,27.66
2025-11-17 11:25:01,lan/sala2/sensor/temp,20.88
2025-11-17 11:25:02,lan/sala1/sensor/hum,24.6
2025-11-17 11:25:02,lan/sala1/sensor/temp,19.32
2025-11-17 11:25:03,lan/sala2/sensor/temp,26.95
2025-11-17 11:25:04,lan/sala1/sensor/temp,18.96
2025-11-17 11:25:04,lan/sala1/sensor/hum,18.38
2025-11-17 11:25:05,lan/sala2/sensor/temp,28.96
2025-11-17 11:25:06,lan/sala1/sensor/temp,28.65
2025-11-17 11:25:06,lan/sala1/sensor/hum,27.06
2025-11-17 11:25:07,lan/sala2/sensor/temp,23.41
2025-11-17 11:25:08,lan/sala1/sensor/hum,24.49
2025-11-17 11:25:08,lan/sala1/sensor/temp,25.77
2025-11-17 11:25:09,lan/sala2/sensor/temp,18.58
2025-11-17 11:25:10,lan/sala1/sensor/temp,23.77
2025-11-17 11:25:10,lan/sala1/sensor/hum,20.12
2025-11-17 11:25:11,lan/sala2/sensor/temp,27.1
2025-11-17 11:25:12,lan/sala1/sensor/temp,18.36
2025-11-17 11:25:12,lan/sala1/sensor/hum,29.4
2025-11-17 11:25:13,lan/sala2/sensor/temp,18.73
2025-11-17 11:25:14,lan/sala1/sensor/temp,25.54
2025-11-17 11:25:14,lan/sala1/sensor/hum,20.08
2025-11-17 11:25:15,lan/sala2/sensor/temp,25.27
2025-11-17 11:25:16,lan/sala1/sensor/hum,23.57
2025-11-17 11:25:16,lan/sala1/sensor/temp,23.83
2025-11-17 11:25:17,lan/sala2/sensor/temp,29.58
2025-11-17 11:25:18,lan/sala1/sensor/hum,24.85
2025-11-17 11:25:18,lan/sala1/sensor/temp,19.03
2025-11-17 11:25:19,lan/sala2/sensor/temp,18.18
2025-11-17 11:25:20,lan/sala1/sensor/temp,26.86
2025-11-17 11:25:20,lan/sala1/sensor/hum,28.94
2025-11-17 11:25:21,lan/sala2/sensor/temp,29.27
2025-11-17 11:25:22,lan/sala1/sensor/temp,23.92
2025-11-17 11:25:22,lan/sala1/sensor/hum,21.96
2025-11-17 11:25:23,lan/sala2/sensor/temp,18.04
2025-11-17 11:25:24,lan/sala1/sensor/hum,25.61
2025-11-17 11:25:24,lan/sala1/sensor/temp,20.84
2025-11-17 11:25:25,lan/sala2/sensor/temp,23.44
2025-11-17 11:25:26,lan/sala1/sensor/hum,27.71
2025-11-17 11:25:26,lan/sala1/sensor/temp,26.33
2025-11-17 11:25:27,lan/sala2/sensor/temp,28.62
2025-11-17 11:25:28,lan/sala1/sensor/hum,26.97
2025-11-17 11:25:28,lan/sala1/sensor/temp,26.36
2025-11-17 11:25:29,lan/sala2/sensor/temp,21.11
2025-11-17 11:25:30,lan/sala1/sensor/hum,21.91
2025-11-17 11:25:30,lan/sala1/sensor/temp,26.12
2025-11-17 11:25:31,lan/sala2/sensor/temp,26.72
2025-11-17 11:25:32,lan/sala1/sensor/hum,29.73
2025-11-17 11:25:32,lan/sala1/sensor/temp,29.21
2025-11-17 11:25:33,lan/sala2/sensor/temp,28.03
2025-11-17 11:25:34,lan/sala1/sensor/temp,18.04
2025-11-17 11:25:34,lan/sala1/sensor/hum,28.13
2025-11-17 11:25:35,lan/sala2/sensor/temp,21.1
2025-11-17 11:25:36,lan/sala1/sensor/hum,26.13
2025-11-17 11:25:36,lan/sala1/sensor/temp,29.08
2025-11-17 11:25:37,lan/sala2/sensor/temp,21.48
2025-11-17 11:25:38,lan/sala1/sensor/hum,24.0
2025-11-17 11:25:38,lan/sala1/sensor/temp,22.5
2025-11-17 11:25:39,lan/sala2/sensor/temp,21.8
2025-11-17 11:25:40,lan/sala1/sensor/hum,25.64
2025-11-17 11:25:40,lan/sala1/sensor/temp,29.92
2025-11-17 11:25:41,lan/sala2/sensor/temp,26.93
2025-11-17 11:25:42,lan/sala1/sensor/hum,26.27
2025-11-17 11:25:42,lan/sala1/sensor/temp,29.27
2025-11-17 11:25:43,lan/sala2/sensor/temp,26.64
2025-11-17 11:25:44,lan/sala1/sensor/temp,27.09
2025-11-17 11:25:44,lan/sala1/sensor/hum,18.13
2025-11-17 11:25:45,lan/sala2/sensor/temp,27.34
2025-11-17 11:25:46,lan/sala1/sensor/hum,19.71
2025-11-17 11:25:46,lan/sala1/sensor/temp,26.48
2025-11-17 11:25:47,lan/sala2/sensor/temp,18.28
2025-11-17 11:25:48,lan/sala1/sensor/hum,26.65
2025-11-17 11:25:48,lan/sala1/sensor/temp,24.37
2025-11-17 11:25:49,lan/sala2/sensor/temp,29.86
2025-11-17 11:25:50,lan/sala1/sensor/hum,21.71
2025-11-17 11:25:50,lan/sala1/sensor/temp,18.67
2025-11-17 11:25:51,lan/sala2/sensor/temp,18.71
2025-11-17 11:25:52,lan/sala1/sensor/temp,27.31
2025-11-17 11:25:52,lan/sala1/sensor/hum,25.07
2025-11-17 11:25:53,lan/sala2/sensor/temp,22.33
2025-11-17 11:25:54,lan/sala1/sensor/temp,25.31
2025-11-17 11:25:54,lan/sala1/sensor/hum,21.39
2025-11-17 11:25:55,lan/sala2/sensor/temp,27.86
2025-11-17 11:25:56,lan/sala1/sensor/temp,28.71
2025-11-17 11:25:56,lan/sala1/sensor/hum,25.37
2025-11-17 11:25:57,lan/sala2/sensor/temp,19.33
2025-11-17 11:25:58,lan/sala1/sensor/temp,22.37
2025-11-17 11:25:58,lan/sala1/sensor/hum,18.54
2025-11-17 11:25:59,lan/sala2/sensor/temp,23.08
2025-11-17 11:26:00,lan/sala1/sensor/temp,22.32
2025-11-17 11:26:00,lan/sala1/sensor/hum,24.42
2025-11-17 11:26:01,lan/sala2/sensor/temp,23.2
2025-11-17 11:26:02,lan/sala1/sensor/temp,22.02
2025-11-17 11:26:02,lan/sala1/sensor/hum,29.59
2025-11-17 11:26:03,lan/sala2/sensor/temp,20.85
2025-11-17 11:26:04,lan/sala1/sensor/temp,28.36
2025-11-17 11:26:04,lan/sala1/sensor/hum,27.25
2025-11-17 11:26:05,lan/sala2/sensor/temp,23.97
2025-11-17 11:26:06,lan/sala1/sensor/hum,23.51
2025-11-17 11:26:06,lan/sala1/sensor/temp,22.41
2025-11-17 11:26:07,lan/sala2/sensor/temp,20.25
2025-11-17 11:26:08,lan/sala1/sensor/temp,27.9
2025-11-17 11:26:08,lan/sala1/sensor/hum,19.62
2025-11-17 11:26:09,lan/sala2/sensor/temp,24.46
2025-11-17 11:26:10,lan/sala1/sensor/temp,25.43
2025-11-17 11:26:10,lan/sala1/sensor/hum,21.39
2025-11-17 11:26:11,lan/sala2/sensor/temp,20.64
2025-11-17 11:26:12,lan/sala1/sensor/hum,21.74
2025-11-17 11:26:12,lan/sala1/sensor/temp,19.86
2025-11-17 11:26:13,lan/sala2/sensor/temp,26.17
2025-11-17 11:26:14,lan/sala1/sensor/hum,27.99
2025-11-17 11:26:14,lan/sala1/sensor/temp,25.79
2025-11-17 11:26:15,lan/sala2/sensor/temp,27.22
2025-11-17 11:26:16,lan/sala1/sensor/temp,26.87
2025-11-17 11:26:16,lan/sala1/sensor/hum,23.56
2025-11-17 11:26:17,lan/sala2/sensor/temp,22.32
2025-11-17 11:26:18,lan/sala1/sensor/hum,21.99
2025-11-17 11:26:18,lan/sala1/sensor/temp,25.89
2025-11-17 11:26:19,lan/sala2/sensor/temp,19.42
2025-11-17 11:26:20,lan/sala1/sensor/temp,26.78
2025-11-17 11:26:20,lan/sala1/sensor/hum,24.1
2025-11-17 11:26:21,lan/sala2/sensor/temp,18.56
2025-11-17 11:26:22,lan/sala1/sensor/temp,20.25
2025-11-17 11:26:22,lan/sala1/sensor/hum,23.92
2025-11-17 11:26:23,lan/sala2/sensor/temp,18.51
2025-11-17 11:26:24,lan/sala1/sensor/hum,29.98
2025-11-17 11:26:24,lan/sala1/sensor/temp,18.01
2025-11-17 11:26:25,lan/sala2/sensor/temp,19.16
2025-11-17 11:26:26,lan/sala1/sensor/hum,23.71
2025-11-17 11:26:26,lan/sala1/sensor/temp,23.14
2025-11-17 11:26:27,lan/sala2/sensor/temp,26.38
2025-11-17 11:26:28,lan/sala1/sensor/hum,19.5
2025-11-17 11:26:28,lan/sala1/sensor/temp,20.65
2025-11-17 11:26:29,lan/sala2/sensor/temp,27.39
2025-11-17 11:26:30,lan/sala1/sensor/hum,22.97
2025-11-17 11:26:30,lan/sala1/sensor/temp,20.5
2025-11-17 11:26:31,lan/sala2/sensor/temp,25.55
2025-11-17 11:26:32,lan/sala1/sensor/hum,22.1
2025-11-17 11:26:32,lan/sala1/sensor/temp,18.27
2025-11-17 11:26:33,lan/sala2/sensor/temp,27.23
2025-11-17 11:26:34,lan/sala1/sensor/hum,21.74
2025-11-17 11:26:34,lan/sala1/sensor/temp,28.56
2025-11-17 11:26:35,lan/sala2/sensor/temp,22.21
2025-11-17 11:26:36,lan/sala1/sensor/hum,24.65
2025-11-17 11:26:36,lan/sala1/sensor/temp,28.64
2025-11-17 11:26:37,lan/sala2/sensor/temp,29.43
2025-11-17 11:26:38,lan/sala1/sensor/hum,25.37
2025-11-17 11:26:38,lan/sala1/sensor/temp,25.03
2025-11-17 11:26:39,lan/sala2/sensor/temp,21.26
2025-11-17 11:26:40,lan/sala1/sensor/hum,19.26
2025-11-17 11:26:40,lan/sala1/sensor/temp,22.01
2025-11-17 11:26:41,lan/sala2/sensor/temp,21.77
2025-11-17 11:26:42,lan/sala1/sensor/hum,27.86
2025-11-17 11:26:42,lan/sala1/sensor/temp,24.95
2025-11-17 11:26:43,lan/sala2/sensor/temp,20.52
2025-11-17 11:26:44,lan/sala1/sensor/hum,25.52
2025-11-17 11:26:44,lan/sala1/sensor/temp,23.09
2025-11-17 11:26:45,lan/sala2/sensor/temp,24.94
2025-11-17 11:26:46,lan/sala1/sensor/hum,22.68
2025-11-17 11:26:46,lan/sala1/sensor/temp,25.39
2025-11-17 11:26:47,lan/sala2/sensor/temp,21.42
2025-11-17 11:26:48,lan/sala1/sensor/hum,25.69
2025-11-17 11:26:48,lan/sala1/sensor/temp,26.57
2025-11-17 11:26:49,lan/sala2/sensor/temp,24.43
2025-11-17 11:26:50,lan/sala1/sensor/hum,26.71
2025-11-17 11:26:50,lan/sala1/sensor/temp,19.0
2025-11-17 11:26:51,lan/sala2/sensor/temp,19.71
2025-11-17 11:26:52,lan/sala1/sensor/hum,27.98
2025-11-17 11:26:52,lan/sala1/sensor/temp,26.11
2025-11-17 11:26:53,lan/sala2/sensor/temp,19.11
2025-11-17 11:26:54,lan/sala1/sensor/hum,26.46
2025-11-17 11:26:54,lan/sala1/sensor/temp,19.1
2025-11-17 11:26:55,lan/sala2/sensor/temp,21.18
2025-11-17 11:26:56,lan/sala1/sensor/hum,27.47
2025-11-17 11:26:56,lan/sala1/sensor/temp,29.75
2025-11-17 11:26:57,lan/sala2/sensor/temp,28.72
2025-11-17 11:26:58,lan/sala1/sensor/hum,19.53
2025-11-17 11:26:58,lan/sala1/sensor/temp,19.32
2025-11-17 11:26:59,lan/sala2/sensor/temp,24.26
2025-11-17 11:27:00,lan/sala1/sensor/hum,27.54
2025-11-17 11:27:00,lan/sala1/sensor/temp,23.4
2025-11-17 11:27:01,lan/sala2/sensor/temp,19.56
2025-11-17 11:27:02,lan/sala1/sensor/hum,19.36
2025-11-17 11:27:02,lan/sala1/sensor/temp,25.38
2025-11-17 11:27:03,lan/sala2/sensor/temp,21.22
2025-11-17 11:27:04,lan/sala1/sensor/hum,28.86
2025-11-17 11:27:04,lan/sala1/sensor/temp,21.32
2025-11-17 11:27:05,lan/sala2/sensor/temp,19.93
2025-11-17 11:27:06,lan/sala1/sensor/hum,20.58
2025-11-17 11:27:06,lan/sala1/sensor/temp,23.82
2025-11-17 11:27:07,lan/sala2/sensor/temp,23.73
2025-11-17 11:27:13,lan/sala1/sensor/temp,27.58
2025-11-17 11:27:13,lan/sala1/sensor/temp,25.92
2025-11-17 11:27:13,lan/sala1/sensor/temp,18.42
2025-11-17 11:27:13,lan/sala1/sensor/hum,20.72
2025-11-17 11:27:13,lan/sala1/sensor/hum,24.5
2025-11-17 11:27:13,lan/sala1/sensor/hum,20.57
2025-11-17 11:27:14,lan/sala2/sensor/temp,24.51
2025-11-17 11:27:14,lan/sala2/sensor/temp,26.77
2025-11-17 11:27:14,lan/sala2/sensor/temp,21.34
2025-11-17 11:27:14,lan/sala1/sensor/hum,23.25
2025-11-17 11:27:14,lan/sala1/sensor/temp,26.1
2025-11-17 11:27:15,lan/sala2/sensor/temp,21.87
2025-11-17 11:27:16,lan/sala1/sensor/hum,20.68
2025-11-17 11:27:16,lan/sala1/sensor/temp,27.65
2025-11-17 11:27:17,lan/sala2/sensor/temp,27.63
2025-11-17 11:27:18,lan/sala1/sensor/hum,27.08
2025-11-17 11:27:18,lan/sala1/sensor/temp,21.03
2025-11-17 11:27:19,lan/sala2/sensor/temp,18.51
2025-11-17 11:27:20,lan/sala1/sensor/hum,28.95
2025-11-17 11:27:20,lan/sala1/sensor/temp,20.62
2025-11-17 11:27:21,lan/sala2/sensor/temp,18.38
2025-11-17 11:27:22,lan/sala1/sensor/hum,29.78
2025-11-17 11:27:22,lan/sala1/sensor/temp,22.44
2025-11-17 11:27:23,lan/sala2/sensor/temp,20.94
2025-11-17 11:27:24,lan/sala1/sensor/temp,22.6
2025-11-17 11:27:24,lan/sala1/sensor/hum,21.18
2025-11-17 11:27:25,lan/sala2/sensor/temp,22.57
2025-11-17 11:27:26,lan/sala1/sensor/hum,28.05
2025-11-17 11:27:26,lan/sala1/sensor/temp,22.95
2025-11-17 11:27:27,lan/sala2/sensor/temp,25.31
2025-11-17 11:27:28,lan/sala1/sensor/hum,27.91
2025-11-17 11:27:28,lan/sala1/sensor/temp,29.69
2025-11-17 11:27:29,lan/sala2/sensor/temp,23.05
2025-11-17 11:27:30,lan/sala1/sensor/temp,24.2
2025-11-17 11:27:30,lan/sala1/sensor/hum,27.72
2025-11-17 11:27:31,lan/sala2/sensor/temp,22.05
2025-11-17 11:27:32,lan/sala1/sensor/hum,27.77
2025-11-17 11:27:32,lan/sala1/sensor/temp,23.83
2025-11-17 11:27:33,lan/sala2/sensor/temp,19.87
2025-11-17 11:27:34,lan/sala1/sensor/temp,22.83
2025-11-17 11:27:34,lan/sala1/sensor/hum,23.88
2025-11-17 11:27:35,lan/sala2/sensor/temp,18.05
2025-11-17 11:27:36,lan/sala1/sensor/hum,24.6
2025-11-17 11:27:36,lan/sala1/sensor/temp,23.81
2025-11-17 11:27:37,lan/sala2/sensor/temp,28.85
2025-11-17 11:27:38,lan/sala1/sensor/hum,29.44
2025-11-17 11:27:38,lan/sala1/sensor/temp,22.76
2025-11-17 11:27:39,lan/sala2/sensor/temp,23.33
2025-11-17 11:27:40,lan/sala1/sensor/hum,24.77
2025-11-17 11:27:40,lan/sala1/sensor/temp,23.78
2025-11-17 11:27:41,lan/sala2/sensor/temp,22.18
2025-11-17 11:27:42,lan/sala1/sensor/hum,23.5
2025-11-17 11:27:42,lan/sala1/sensor/temp,21.66
2025-11-17 11:27:43,lan/sala2/sensor/temp,22.27
2025-11-17 11:27:44,lan/sala1/sensor/hum,22.49
2025-11-17 11:27:44,lan/sala1/sensor/temp,29.77
2025-11-17 11:27:45,lan/sala2/sensor/temp,20.33
2025-11-17 11:27:46,lan/sala1/sensor/hum,29.11
2025-11-17 11:27:46,lan/sala1/sensor/temp,24.75
2025-11-17 11:27:47,lan/sala2/sensor/temp,25.27
2025-11-17 11:27:48,lan/sala1/sensor/hum,23.45
2025-11-17 11:27:48,lan/sala1/sensor/temp,29.33
2025-11-17 11:27:49,lan/sala2/sensor/temp,22.05
2025-11-17 11:27:50,lan/sala1/sensor/hum,20.7
2025-11-17 11:27:51,lan/sala1/sensor/temp,29.32
2025-11-17 11:27:51,lan/sala2/sensor/temp,29.94
2025-11-17 11:27:52,lan/sala1/sensor/hum,27.74
2025-11-17 11:27:52,lan/sala1/sensor/temp,22.2
2025-11-17 11:27:53,lan/sala2/sensor/temp,24.95
2025-11-17 11:27:54,lan/sala1/sensor/hum,23.01
2025-11-17 11:27:54,lan/sala1/sensor/temp,20.89
2025-11-17 11:27:55,lan/sala2/sensor/temp,21.4
2025-11-17 11:27:56,lan/sala1/sensor/temp,28.62
2025-11-17 11:27:56,lan/sala1/sensor/hum,24.17
2025-11-17 11:27:57,lan/sala2/sensor/temp,27.05
2025-11-17 11:27:58,lan/sala1/sensor/hum,23.77
2025-11-17 11:27:58,lan/sala1/sensor/temp,27.68
2025-11-17 11:27:59,lan/sala2/sensor/temp,27.68
2025-11-17 11:28:00,lan/sala1/sensor/hum,18.12
2025-11-17 11:28:00,lan/sala1/sensor/temp,27.67
2025-11-17 11:28:01,lan/sala2/sensor/temp,25.94
2025-11-17 11:28:02,lan/sala1/sensor/hum,20.36
2025-11-17 11:28:02,lan/sala1/sensor/temp,18.0
2025-11-17 11:28:03,lan/sala2/sensor/temp,28.51
2025-11-17 11:28:04,lan/sala1/sensor/temp,27.78
2025-11-17 11:28:04,lan/sala1/sensor/hum,19.95
2025-11-17 11:28:05,lan/sala2/sensor/temp,22.1
2025-11-17 11:28:06,lan/sala1/sensor/hum,26.15
2025-11-17 11:28:06,lan/sala1/sensor/temp,18.97
2025-11-17 11:28:07,lan/sala2/sensor/temp,21.69
2025-11-17 11:28:08,lan/sala1/sensor/hum,23.56
2025-11-17 11:28:08,lan/sala1/sensor/temp,22.85
2025-11-17 11:28:09,lan/sala2/sensor/temp,28.55
2025-11-17 11:28:10,lan/sala1/sensor/hum,27.04
2025-11-17 11:28:10,lan/sala1/sensor/temp,29.57
2025-11-17 11:28:11,lan/sala2/sensor/temp,27.55
2025-11-17 11:28:12,lan/sala1/sensor/hum,29.98
2025-11-17 11:28:12,lan/sala1/sensor/temp,23.16
2025-11-17 11:28:13,lan/sala2/sensor/temp,25.87
2025-11-17 11:28:14,lan/sala1/sensor/hum,25.43
2025-11-17 11:28:14,lan/sala1/sensor/temp,26.88
2025-11-17 11:28:15,lan/sala2/sensor/temp,22.73
2025-11-17 11:28:16,lan/sala1/sensor/hum,23.43
2025-11-17 11:28:16,lan/sala1/sensor/temp,24.6
2025-11-17 11:28:17,lan/sala2/sensor/temp,18.27
2025-11-17 11:28:18,lan/sala1/sensor/hum,28.2
2025-11-17 11:28:18,lan/sala1/sensor/temp,23.68
2025-11-17 11:28:19,lan/sala2/sensor/temp,22.56
2025-11-17 11:28:20,lan/sala1/sensor/hum,22.27
2025-11-17 11:28:20,lan/sala1/sensor/temp,25.56
2025-11-17 11:28:21,lan/sala2/sensor/temp,27.59
2025-11-17 11:28:22,lan/sala1/sensor/hum,21.76
2025-11-17 11:28:23,lan/sala1/sensor/temp,18.91
2025-11-17 11:28:23,lan/sala2/sensor/temp,29.43
2025-11-17 11:28:24,lan/sala1/sensor/hum,22.97
2025-11-17 11:28:25,lan/sala1/sensor/temp,18.45
2025-11-17 11:28:25,lan/sala2/sensor/temp,23.5
2025-11-17 11:28:26,lan/sala1/sensor/hum,19.65
2025-11-17 11:28:26,lan/sala1/sensor/temp,29.08
2025-11-17 11:28:27,lan/sala2/sensor/temp,18.41
2025-11-17 11:28:28,lan/sala1/sensor/hum,21.06
2025-11-17 11:28:28,lan/sala1/sensor/temp,28.03
2025-11-17 11:28:29,lan/sala2/sensor/temp,26.11
2025-11-17 11:28:30,lan/sala1/sensor/hum,18.59
2025-11-17 11:28:30,lan/sala1/sensor/temp,24.94
2025-11-17 11:28:31,lan/sala2/sensor/temp,21.99
2025-11-17 11:28:32,lan/sala1/sensor/hum,21.14
2025-11-17 11:28:32,lan/sala1/sensor/temp,29.1
2025-11-17 11:28:33,lan/sala2/sensor/temp,29.51
2025-11-17 11:28:34,lan/sala1/sensor/hum,18.53
2025-11-17 11:28:34,lan/sala1/sensor/temp,27.71
2025-11-17 11:28:35,lan/sala2/sensor/temp,22.78
2025-11-17 11:28:36,lan/sala1/sensor/hum,18.72
2025-11-17 11:28:36,lan/sala1/sensor/temp,27.12
2025-11-17 11:28:37,lan/sala2/sensor/temp,21.91
2025-11-17 11:28:38,lan/sala1/sensor/hum,29.16
2025-11-17 11:28:38,lan/sala1/sensor/temp,21.95
2025-11-17 11:28:39,lan/sala2/sensor/temp,26.94
2025-11-17 11:28:40,lan/sala1/sensor/hum,26.51
2025-11-17 11:28:40,lan/sala1/sensor/temp,24.84
2025-11-17 11:28:41,lan/sala2/sensor/temp,19.18
2025-11-17 11:28:42,lan/sala1/sensor/hum,20.72
2025-11-17 11:28:43,lan/sala1/sensor/temp,19.58
2025-11-17 11:28:43,lan/sala2/sensor/temp,25.2
2025-11-17 11:28:44,lan/sala1/sensor/hum,19.38
2025-11-17 11:28:44,lan/sala1/sensor/temp,20.36
2025-11-17 11:28:45,lan/sala2/sensor/temp,20.83
2025-11-17 11:28:46,lan/sala1/sensor/hum,22.09
2025-11-17 11:28:46,lan/sala1/sensor/temp,19.81
2025-11-17 11:28:47,lan/sala2/sensor/temp,28.51
2025-11-17 11:28:48,lan/sala1/sensor/hum,24.42
2025-11-17 11:28:48,lan/sala1/sensor/temp,24.37
2025-11-17 11:28:49,lan/sala2/sensor/temp,20.87
2025-11-17 11:28:50,lan/sala1/sensor/hum,26.58
2025-11-17 11:28:50,lan/sala1/sensor/temp,21.39
2025-11-17 11:28:51,lan/sala2/sensor/temp,23.97
2025-11-17 11:28:52,lan/sala1/sensor/hum,27.98
2025-11-17 11:28:52,lan/sala1/sensor/temp,26.96
2025-11-17 11:28:53,lan/sala2/sensor/temp,24.29
2025-11-17 11:28:54,lan/sala1/sensor/hum,25.88
2025-11-17 11:28:54,lan/sala1/sensor/temp,29.11
2025-11-17 11:28:55,lan/sala2/sensor/temp,24.86
2025-11-17 11:28:56,lan/sala1/sensor/hum,24.75
2025-11-17 11:28:56,lan/sala1/sensor/temp,25.88
2025-11-17 11:28:57,lan/sala2/sensor/temp,18.86
2025-11-17 11:28:58,lan/sala1/sensor/hum,23.96
2025-11-17 11:28:58,lan/sala1/sensor/temp,18.06
2025-11-17 11:28:59,lan/sala2/sensor/temp,22.82
2025-11-17 11:29:00,lan/sala1/sensor/hum,26.32
2025-11-17 11:29:00,lan/sala1/sensor/temp,24.81
2025-11-17 11:29:01,lan/sala2/sensor/temp,21.67
2025-11-17 11:29:02,lan/sala1/sensor/hum,26.12
2025-11-17 11:29:03,lan/sala1/sensor/temp,24.4
2025-11-17 11:29:03,lan/sala2/sensor/temp,24.27
2025-11-17 11:29:04,lan/sala1/sensor/hum,18.3
2025-11-17 11:29:04,lan/sala1/sensor/temp,29.66
2025-11-17 11:29:05,lan/sala2/sensor/temp,25.01
2025-11-17 11:29:06,lan/sala1/sensor/hum,29.96
2025-11-17 11:29:06,lan/sala1/sensor/temp,29.7
2025-11-17 11:29:07,lan/sala2/sensor/temp,24.96
2025-11-17 11:29:08,lan/sala1/sensor/hum,27.49
2025-11-17 11:29:08,lan/sala1/sensor/temp,27.03
2025-11-17 11:29:09,lan/sala2/sensor/temp,23.95
2025-11-17 11:29:10,lan/sala1/sensor/hum,22.83
2025-11-17 11:29:10,lan/sala1/sensor/temp,18.57
2025-11-17 11:29:11,lan/sala2/sensor/temp,25.4
2025-11-17 11:29:12,lan/sala1/sensor/hum,19.02
2025-11-17 11:29:12,lan/sala1/sensor/temp,23.58
2025-11-17 11:29:13,lan/sala2/sensor/temp,24.59
2025-11-17 11:29:14,lan/sala1/sensor/hum,19.36
2025-11-17 11:29:14,lan/sala1/sensor/temp,25.95
2025-11-17 11:29:15,lan/sala2/sensor/temp,23.04
2025-11-17 11:29:16,lan/sala1/sensor/hum,21.55
2025-11-17 11:29:16,lan/sala1/sensor/temp,20.37
2025-11-17 11:29:17,lan/sala2/sensor/temp,29.61
2025-11-17 11:29:18,lan/sala1/sensor/hum,18.14
2025-11-17 11:29:18,lan/sala1/sensor/temp,20.09
2025-11-17 11:29:19,lan/sala2/sensor/temp,22.18
2025-11-17 11:29:20,lan/sala1/sensor/hum,25.03
2025-11-17 11:29:20,lan/sala1/sensor/temp,25.43
2025-11-17 11:29:22,lan/sala2/sensor/temp,26.73
2025-11-17 11:29:22,lan/sala1/sensor/hum,25.46
2025-11-17 11:29:22,lan/sala1/sensor/temp,28.49
2025-11-17 11:29:23,lan/sala2/sensor/temp,27.19
2025-11-17 11:29:24,lan/sala1/sensor/hum,24.05
2025-11-17 11:29:24,lan/sala1/sensor/temp,22.22
2025-11-17 11:29:25,lan/sala2/sensor/temp,19.34
2025-11-17 11:29:26,lan/sala1/sensor/hum,24.2
2025-11-17 11:29:26,lan/sala1/sensor/temp,24.38
2025-11-17 11:29:27,lan/sala2/sensor/temp,18.55
2025-11-17 11:29:28,lan/sala1/sensor/hum,20.1
2025-11-17 11:29:28,lan/sala1/sensor/temp,22.21
2025-11-17 11:29:29,lan/sala2/sensor/temp,20.29
2025-11-17 11:29:30,lan/sala1/sensor/hum,22.86
2025-11-17 11:29:30,lan/sala1/sensor/temp,19.44
2025-11-17 11:29:31,lan/sala2/sensor/temp,24.78
2025-11-17 11:29:32,lan/sala1/sensor/hum,26.18
2025-11-17 11:29:32,lan/sala1/sensor/temp,25.57
2025-11-17 11:29:33,lan/sala2/sensor/temp,28.08
2025-11-17 11:29:34,lan/sala1/sensor/hum,20.58
2025-11-17 11:29:34,lan/sala1/sensor/temp,18.94
2025-11-17 11:29:35,lan/sala2/sensor/temp,28.2
2025-11-17 11:29:36,lan/sala1/sensor/hum,21.0
2025-11-17 11:29:36,lan/sala1/sensor/temp,25.04
2025-11-17 11:29:37,lan/sala2/sensor/temp,29.51
2025-11-17 11:29:38,lan/sala1/sensor/hum,25.85
2025-11-17 11:29:38,lan/sala1/sensor/temp,27.41
2025-11-17 11:29:39,lan/sala2/sensor/temp,27.12
2025-11-17 11:29:40,lan/sala1/sensor/hum,21.35
2025-11-17 11:29:40,lan/sala1/sensor/temp,23.96
2025-11-17 11:29:41,lan/sala2/sensor/temp,22.38
2025-11-17 11:29:42,lan/sala1/sensor/hum,23.62
2025-11-17 11:29:42,lan/sala1/sensor/temp,19.95
2025-11-17 11:29:43,lan/sala2/sensor/temp,25.51
2025-11-17 11:29:44,lan/sala1/sensor/hum,24.11
2025-11-17 11:29:44,lan/sala1/sensor/temp,23.64
2025-11-17 11:29:45,lan/sala2/sensor/temp,19.56
2025-11-17 11:29:46,lan/sala1/sensor/hum,22.12
2025-11-17 11:29:46,lan/sala1/sensor/temp,28.33
2025-11-17 11:29:47,lan/sala2/sensor/temp,26.51
2025-11-17 11:29:48,lan/sala1/sensor/hum,24.95
2025-11-17 11:29:48,lan/sala1/sensor/temp,18.81
2025-11-17 11:29:49,lan/sala2/sensor/temp,22.89
2025-11-17 11:29:50,lan/sala1/sensor/hum,28.73
2025-11-17 11:29:50,lan/sala1/sensor/temp,20.49
2025-11-17 11:29:51,lan/sala2/sensor/temp,20.63
2025-11-17 11:29:52,lan/sala1/sensor/hum,29.14
2025-11-17 11:29:52,lan/sala1/sensor/temp,26.99
2025-11-17 11:29:53,lan/sala2/sensor/temp,21.03
2025-11-17 11:29:54,lan/sala1/sensor/hum,26.09
2025-11-17 11:29:54,lan/sala1/sensor/temp,18.72
2025-11-17 11:29:55,lan/sala2/sensor/temp,21.35
2025-11-17 11:29:56,lan/sala1/sensor/hum,23.14
2025-11-17 11:29:56,lan/sala1/sensor/temp,18.82
2025-11-17 11:29:57,lan/sala2/sensor/temp,27.87
2025-11-17 11:29:58,lan/sala1/sensor/hum,18.46
2025-11-17 11:29:58,lan/sala1/sensor/temp,22.27
2025-11-17 11:29:59,lan/sala2/sensor/temp,24.55
2025-11-17 11:30:00,lan/sala1/sensor/hum,28.97
2025-11-17 11:30:00,lan/sala1/sensor/temp,19.36
2025-11-17 11:30:01,lan/sala2/sensor/temp,21.33
2025-11-17 11:30:02,lan/sala1/sensor/hum,28.96
2025-11-17 11:30:02,lan/sala1/sensor/temp,20.55
2025-11-17 11:30:03,lan/sala2/sensor/temp,28.19
2025-11-17 11:30:04,lan/sala1/sensor/hum,24.76
2025-11-17 11:30:04,lan/sala1/sensor/temp,22.87
2025-11-17 11:30:05,lan/sala2/sensor/temp,21.32
2025-11-17 11:30:06,lan/sala1/sensor/hum,21.2
2025-11-17 11:30:06,lan/sala1/sensor/temp,21.65
2025-11-17 11:30:07,lan/sala2/sensor/temp,23.25
2025-11-17 11:30:08,lan/sala1/sensor/hum,25.82
2025-11-17 11:30:08,lan/sala1/sensor/temp,22.15
2025-11-17 11:30:09,lan/sala2/sensor/temp,21.07
2025-11-17 11:30:10,lan/sala1/sensor/hum,28.9
2025-11-17 11:30:10,lan/sala1/sensor/temp,26.37
2025-11-17 11:30:11,lan/sala2/sensor/temp,18.92
2025-11-17 11:30:12,lan/sala1/sensor/hum,19.97
2025-11-17 11:30:12,lan/sala1/sensor/temp,18.78
2025-11-17 11:30:13,lan/sala2/sensor/temp,23.59
2025-11-17 11:30:14,lan/sala1/sensor/hum,19.73
2025-11-17 11:30:14,lan/sala1/sensor/temp,18.81
2025-11-17 11:30:15,lan/sala2/sensor/temp,29.84
2025-11-17 11:30:16,lan/sala1/sensor/hum,25.65
2025-11-17 11:30:16,lan/sala1/sensor/temp,26.96
2025-11-17 11:30:17,lan/sala2/sensor/temp,18.5
2025-11-17 11:30:18,lan/sala1/sensor/hum,24.62
2025-11-17 11:30:18,lan/sala1/sensor/temp,19.48
2025-11-17 11:30:19,lan/sala2/sensor/temp,26.49
2025-11-17 11:30:20,lan/sala1/sensor/hum,26.21
2025-11-17 11:30:20,lan/sala1/sensor/temp,19.37
2025-11-17 11:30:21,lan/sala2/sensor/temp,18.67
2025-11-17 11:30:22,lan/sala1/sensor/hum,24.63
2025-11-17 11:30:22,lan/sala1/sensor/temp,24.19
2025-11-17 11:30:23,lan/sala2/sensor/temp,28.44
2025-11-17 11:30:24,lan/sala1/sensor/hum,22.01
2025-11-17 11:30:24,lan/sala1/sensor/temp,20.43
2025-11-17 11:30:25,lan/sala2/sensor/temp,20.77
2025-11-17 11:30:26,lan/sala1/sensor/hum,21.54
2025-11-17 11:30:26,lan/sala1/sensor/temp,19.63
2025-11-17 11:30:27,lan/sala2/sensor/temp,18.9
2025-11-17 11:30:28,lan/sala1/sensor/hum,25.73
2025-11-17 11:30:28,lan/sala1/sensor/temp,19.75
2025-11-17 11:30:29,lan/sala2/sensor/temp,28.05
2025-11-17 11:30:30,lan/sala1/sensor/hum,29.26
2025-11-17 11:30:30,lan/sala1/sensor/temp,19.75
2025-11-17 11:30:31,lan/sala2/sensor/temp,18.97
2025-11-17 11:30:32,lan/sala1/sensor/hum,20.72
2025-11-17 11:30:32,lan/sala1/sensor/temp,18.55
2025-11-17 11:30:33,lan/sala2/sensor/temp,18.06
2025-11-17 11:30:34,lan/sala1/sensor/hum,26.66
2025-11-17 11:30:34,lan/sala1/sensor/temp,25.43
2025-11-17 11:30:35,lan/sala2/sensor/temp,23.8
2025-11-17 11:30:36,lan/sala1/sensor/hum,25.39
2025-11-17 11:30:36,lan/sala1/sensor/temp,21.85
2025-11-17 11:30:37,lan/sala2/sensor/temp,25.4
2025-11-17 11:30:38,lan/sala1/sensor/hum,18.75
2025-11-17 11:30:38,lan/sala1/sensor/temp,22.62
2025-11-17 11:30:39,lan/sala2/sensor/temp,19.18
2025-11-17 11:30:40,lan/sala1/sensor/hum,27.24
2025-11-17 11:30:40,lan/sala1/sensor/temp,29.04
2025-11-17 11:30:41,lan/sala2/sensor/temp,29.02
2025-11-17 11:30:42,lan/sala1/sensor/hum,26.68
2025-11-17 11:30:42,lan/sala1/sensor/temp,20.29
2025-11-17 11:30:43,lan/sala2/sensor/temp,19.8
2025-11-17 11:30:44,lan/sala1/sensor/hum,28.25
2025-11-17 11:30:44,lan/sala1/sensor/temp,18.67
2025-11-17 11:30:45,lan/sala2/sensor/temp,29.94
2025-11-17 11:30:46,lan/sala1/sensor/hum,26.14
2025-11-17 11:30:46,lan/sala1/sensor/temp,29.53
2025-11-17 11:30:47,lan/sala2/sensor/temp,28.7
2025-11-17 11:30:48,lan/sala1/sensor/hum,19.94
2025-11-17 11:30:48,lan/sala1/sensor/temp,19.01
2025-11-17 11:30:49,lan/sala2/sensor/temp,24.51
2025-11-17 11:30:50,lan/sala1/sensor/hum,21.38
2025-11-17 11:30:50,lan/sala1/sensor/temp,18.87
2025-11-17 11:30:51,lan/sala2/sensor/temp,18.08
2025-11-17 11:30:52,lan/sala1/sensor/hum,29.43
2025-11-17 11:30:52,lan/sala1/sensor/temp,27.31
2025-11-17 11:30:53,lan/sala2/sensor/temp,28.34
2025-11-17 11:30:54,lan/sala1/sensor/hum,24.14
2025-11-17 11:30:54,lan/sala1/sensor/temp,28.88
2025-11-17 11:30:55,lan/sala2/sensor/temp,29.58
2025-11-17 11:30:56,lan/sala1/sensor/hum,25.3
2025-11-17 11:30:56,lan/sala1/sensor/temp,28.96
2025-11-17 11:30:57,lan/sala2/sensor/temp,20.0
2025-11-17 11:30:58,lan/sala1/sensor/hum,25.21
2025-11-17 11:30:58,lan/sala1/sensor/temp,27.08
2025-11-17 11:30:59,lan/sala2/sensor/temp,29.73
2025-11-17 11:31:00,lan/sala1/sensor/hum,28.62
2025-11-17 11:31:00,lan/sala1/sensor/temp,19.34
2025-11-17 11:31:01,lan/sala2/sensor/temp,24.85
2025-11-17 11:31:02,lan/sala1/sensor/hum,28.05
2025-11-17 11:31:02,lan/sala1/sensor/temp,29.35
2025-11-17 11:31:03,lan/sala2/sensor/temp,19.9
2025-11-17 11:31:04,lan/sala1/sensor/hum,24.71
2025-11-17 11:31:04,lan/sala1/sensor/temp,25.37
2025-11-17 11:31:05,lan/sala2/sensor/temp,20.26
2025-11-17 11:31:06,lan/sala1/sensor/hum,29.1
2025-11-17 11:31:06,lan/sala1/sensor/temp,28.12
2025-11-17 11:31:07,lan/sala2/sensor/temp,24.88
2025-11-17 11:31:08,lan/sala1/sensor/hum,22.01
2025-11-17 11:31:08,lan/sala1/sensor/temp,18.86
2025-11-17 11:31:09,lan/sala2/sensor/temp,28.78
2025-11-17 11:31:10,lan/sala1/sensor/hum,26.49
2025-11-17 11:31:10,lan/sala1/sensor/temp,19.08
2025-11-17 11:31:11,lan/sala2/sensor/temp,22.07
2025-11-17 11:31:12,lan/sala1/sensor/hum,26.3
2025-11-17 11:31:12,lan/sala1/sensor/temp,20.17
2025-11-17 11:31:13,lan/sala2/sensor/temp,22.54
2025-11-17 11:31:14,lan/sala1/sensor/hum,25.89
2025-11-17 11:31:14,lan/sala1/sensor/temp,29.23
2025-11-17 11:31:15,lan/sala2/sensor/temp,27.73
2025-11-17 11:31:16,lan/sala1/sensor/hum,22.67
2025-11-17 11:31:16,lan/sala1/sensor/temp,28.99
2025-11-17 11:31:17,lan/sala2/sensor/temp,29.52
2025-11-17 11:31:18,lan/sala1/sensor/hum,20.42
2025-11-17 11:31:18,lan/sala1/sensor/temp,19.05
2025-11-17 11:31:19,lan/sala2/sensor/temp,20.17
2025-11-17 11:31:20,lan/sala1/sensor/hum,20.43
2025-11-17 11:31:20,lan/sala1/sensor/temp,24.59
2025-11-17 11:31:21,lan/sala2/sensor/temp,18.05
2025-11-17 11:31:22,lan/sala1/sensor/hum,20.83
2025-11-17 11:31:22,lan/sala1/sensor/temp,23.61
2025-11-17 11:31:23,lan/sala2/sensor/temp,22.09
2025-11-17 11:31:24,lan/sala1/sensor/hum,18.7
2025-11-17 11:31:24,lan/sala1/sensor/temp,22.83
2025-11-17 11:31:25,lan/sala2/sensor/temp,18.93
2025-11-17 11:31:26,lan/sala1/sensor/hum,19.4
2025-11-17 11:31:26,lan/sala1/sensor/temp,28.79
2025-11-17 11:31:27,lan/sala2/sensor/temp,28.86
2025-11-17 11:31:28,lan/sala1/sensor/hum,29.15
2025-11-17 11:31:28,lan/sala1/sensor/temp,26.35
2025-11-17 11:31:29,lan/sala2/sensor/temp,27.51
2025-11-17 11:31:30,lan/sala1/sensor/hum,29.66
2025-11-17 11:31:30,lan/sala1/sensor/temp,29.21
2025-11-17 11:31:31,lan/sala2/sensor/temp,28.39
2025-11-17 11:31:32,lan/sala1/sensor/hum,28.76
2025-11-17 11:31:32,lan/sala1/sensor/temp,18.71
2025-11-17 11:31:33,lan/sala2/sensor/temp,25.5
2025-11-17 11:31:34,lan/sala1/sensor/hum,24.92
2025-11-17 11:31:34,lan/sala1/sensor/temp,29.77
2025-11-17 11:31:35,lan/sala2/sensor/temp,22.61
2025-11-17 11:31:36,lan/sala1/sensor/hum,25.71
2025-11-17 11:31:36,lan/sala1/sensor/temp,25.81
2025-11-17 11:31:37,lan/sala2/sensor/temp,21.46
2025-11-17 11:31:38,lan/sala1/sensor/hum,23.64
2025-11-17 11:31:38,lan/sala1/sensor/temp,27.41
2025-11-17 11:31:39,lan/sala2/sensor/temp,28.39
2025-11-17 11:31:40,lan/sala1/sensor/hum,27.72
2025-11-17 11:31:40,lan/sala1/sensor/temp,19.26
2025-11-17 11:31:41,lan/sala2/sensor/temp,27.59
2025-11-17 11:31:42,lan/sala1/sensor/hum,18.9
2025-11-17 11:31:42,lan/sala1/sensor/temp,25.48
2025-11-17 11:31:43,lan/sala2/sensor/temp,29.75
2025-11-17 11:31:44,lan/sala1/sensor/hum,22.27
2025-11-17 11:31:44,lan/sala1/sensor/temp,29.81
2025-11-17 11:31:45,lan/sala2/sensor/temp,21.61
2025-11-17 11:31:46,lan/sala1/sensor/hum,28.23
2025-11-17 11:31:46,lan/sala1/sensor/temp,24.04
2025-11-17 11:31:47,lan/sala2/sensor/temp,24.86
2025-11-17 11:31:48,lan/sala1/sensor/hum,23.23
2025-11-17 11:31:48,lan/sala1/sensor/temp,23.15
2025-11-17 11:31:49,lan/sala2/sensor/temp,21.78
2025-11-17 11:31:50,lan/sala1/sensor/hum,29.98
2025-11-17 11:31:50,lan/sala1/sensor/temp,21.16
2025-11-17 11:31:51,lan/sala2/sensor/temp,18.25
2025-11-17 11:31:52,lan/sala1/sensor/hum,26.08
2025-11-17 11:31:52,lan/sala1/sensor/temp,19.83
2025-11-17 11:31:53,lan/sala2/sensor/temp,18.94
2025-11-17 11:31:54,lan/sala1/sensor/hum,25.81
2025-11-17 11:31:54,lan/sala1/sensor/temp,26.29
2025-11-17 11:31:55,lan/sala2/sensor/temp,21.14
2025-11-17 11:31:56,lan/sala1/sensor/hum,24.13
2025-11-17 11:31:56,lan/sala1/sensor/temp,20.43
2025-11-17 11:31:57,lan/sala2/sensor/temp,21.81
2025-11-17 11:31:58,lan/sala1/sensor/hum,29.43
2025-11-17 11:31:58,lan/sala1/sensor/temp,21.02
2025-11-17 11:31:59,lan/sala2/sensor/temp,26.93
2025-11-17 11:32:00,lan/sala1/sensor/hum,28.76
2025-11-17 11:32:00,lan/sala1/sensor/temp,24.61
2025-11-17 11:32:01,lan/sala2/sensor/temp,22.9
2025-11-17 11:32:02,lan/sala1/sensor/hum,23.36
2025-11-17 11:32:02,lan/sala1/sensor/temp,22.97
2025-11-17 11:32:03,lan/sala2/sensor/temp,27.1
2025-11-17 11:32:04,lan/sala1/sensor/hum,19.84
2025-11-17 11:32:04,lan/sala1/sensor/temp,23.98
2025-11-17 11:32:05,lan/sala2/sensor/temp,18.29
2025-11-17 11:32:06,lan/sala1/sensor/temp,29.37
2025-11-17 11:32:06,lan/sala1/sensor/hum,26.97
2025-11-17 11:32:07,lan/sala2/sensor/temp,24.03
2025-11-17 11:32:08,lan/sala1/sensor/hum,23.13
2025-11-17 11:32:08,lan/sala1/sensor/temp,26.46
2025-11-17 11:32:09,lan/sala2/sensor/temp,27.65
2025-11-17 11:32:10,lan/sala1/sensor/temp,29.36
2025-11-17 11:32:10,lan/sala1/sensor/hum,24.09
2025-11-17 11:32:11,lan/sala2/sensor/temp,20.81
2025-11-17 11:32:12,lan/sala1/sensor/hum,19.9
2025-11-17 11:32:12,lan/sala1/sensor/temp,19.76
2025-11-17 11:32:13,lan/sala2/sensor/temp,19.03
2025-11-17 11:32:14,lan/sala1/sensor/hum,24.57
2025-11-17 11:32:14,lan/sala1/sensor/temp,19.56
2025-11-17 11:32:15,lan/sala2/sensor/temp,18.4
2025-11-17 11:32:16,lan/sala1/sensor/temp,18.04
2025-11-17 11:32:16,lan/sala1/sensor/hum,18.63
2025-11-17 11:32:17,lan/sala2/sensor/temp,20.13
2025-11-17 11:32:18,lan/sala1/sensor/temp,28.69
2025-11-17 11:32:18,lan/sala1/sensor/hum,21.24
2025-11-17 11:32:19,lan/sala2/sensor/temp,21.15
2025-11-17 11:32:20,lan/sala1/sensor/temp,23.49
2025-11-17 11:32:20,lan/sala1/sensor/hum,21.83
2025-11-17 11:32:21,lan/sala2/sensor/temp,19.28
2025-11-17 11:32:22,lan/sala1/sensor/hum,28.59
2025-11-17 11:32:22,lan/sala1/sensor/temp,19.3
2025-11-17 11:32:23,lan/sala2/sensor/temp,20.38
2025-11-17 11:32:24,lan/sala1/sensor/hum,26.75
2025-11-17 11:32:24,lan/sala1/sensor/temp,28.61
2025-11-17 11:32:25,lan/sala2/sensor/temp,24.97
2025-11-17 11:32:26,lan/sala1/sensor/hum,29.48
2025-11-17 11:32:26,lan/sala1/sensor/temp,18.42
2025-11-17 11:32:27,lan/sala2/sensor/temp,21.27
2025-11-17 11:32:28,lan/sala1/sensor/hum,22.43
2025-11-17 11:32:28,lan/sala1/sensor/temp,19.04
2025-11-17 11:32:29,lan/sala2/sensor/temp,24.26
2025-11-17 11:32:30,lan/sala1/sensor/temp,22.75
2025-11-17 11:32:30,lan/sala1/sensor/hum,26.24
2025-11-17 11:32:31,lan/sala2/sensor/temp,22.43
2025-11-17 11:32:32,lan/sala1/sensor/temp,29.0
2025-11-17 11:32:32,lan/sala1/sensor/hum,22.88
2025-11-17 11:32:33,lan/sala2/sensor/temp,26.2
2025-11-17 11:32:34,lan/sala1/sensor/temp,23.55
2025-11-17 11:32:34,lan/sala1/sensor/hum,19.61
2025-11-17 11:32:35,lan/sala2/sensor/temp,28.71
2025-11-17 11:32:36,lan/sala1/sensor/temp,27.9
2025-11-17 11:32:36,lan/sala1/sensor/hum,22.55
2025-11-17 11:32:37,lan/sala2/sensor/temp,26.07
2025-11-17 11:32:38,lan/sala1/sensor/temp,23.4
2025-11-17 11:32:38,lan/sala1/sensor/hum,24.48
2025-11-17 11:32:39,lan/sala2/sensor/temp,26.03
2025-11-17 11:32:40,lan/sala1/sensor/temp,20.49
2025-11-17 11:32:40,lan/sala1/sensor/hum,25.68
2025-11-17 11:32:41,lan/sala2/sensor/temp,26.06
2025-11-17 11:32:42,lan/sala1/sensor/temp,18.22
2025-11-17 11:32:42,lan/sala1/sensor/hum,27.63
2025-11-17 11:32:43,lan/sala2/sensor/temp,29.28
2025-11-17 11:32:44,lan/sala1/sensor/temp,20.3
2025-11-17 11:32:44,lan/sala1/sensor/hum,28.68
2025-11-17 11:32:45,lan/sala2/sensor/temp,19.68
2025-11-17 11:32:46,lan/sala1/sensor/temp,26.39
2025-11-17 11:32:46,lan/sala1/sensor/hum,22.19
2025-11-17 11:32:47,lan/sala2/sensor/temp,21.05
2025-11-17 11:32:48,lan/sala1/sensor/hum,26.35
2025-11-17 11:32:48,lan/sala1/sensor/temp,26.33
2025-11-17 11:32:49,lan/sala2/sensor/temp,23.31
2025-11-17 11:32:50,lan/sala1/sensor/temp,25.26
2025-11-17 11:32:50,lan/sala1/sensor/hum,27.14
2025-11-17 11:32:51,lan/sala2/sensor/temp,26.08
2025-11-17 11:32:52,lan/sala1/sensor/hum,20.72
2025-11-17 11:32:52,lan/sala1/sensor/temp,24.05
2025-11-17 11:32:53,lan/sala2/sensor/temp,28.19
2025-11-17 11:32:54,lan/sala1/sensor/temp,28.44
2025-11-17 11:32:54,lan/sala1/sensor/hum,29.89
2025-11-17 11:32:55,lan/sala2/sensor/temp,21.42
2025-11-17 11:32:56,lan/sala1/sensor/hum,23.02
2025-11-17 11:32:56,lan/sala1/sensor/temp,22.1
2025-11-17 11:32:57,lan/sala2/sensor/temp,21.74
2025-11-17 11:32:58,lan/sala1/sensor/hum,18.26
2025-11-17 11:32:58,lan/sala1/sensor/temp,27.68
2025-11-17 11:32:59,lan/sala2/sensor/temp,25.67
2025-11-17 11:33:00,lan/sala1/sensor/temp,25.05
2025-11-17 11:33:00,lan/sala1/sensor/hum,20.35
2025-11-17 11:33:01,lan/sala2/sensor/temp,23.58
2025-11-17 11:33:02,lan/sala1/sensor/hum,24.51
2025-11-17 11:33:02,lan/sala1/sensor/temp,18.81
2025-11-17 11:33:03,lan/sala2/sensor/temp,22.63
2025-11-17 11:33:04,lan/sala1/sensor/temp,19.67
2025-11-17 11:33:04,lan/sala1/sensor/hum,21.01
2025-11-17 11:33:05,lan/sala2/sensor/temp,25.03
2025-11-17 11:33:06,lan/sala1/sensor/hum,29.67
2025-11-17 11:33:06,lan/sala1/sensor/temp,26.34
2025-11-17 11:33:07,lan/sala2/sensor/temp,20.54
2025-11-17 11:33:08,lan/sala1/sensor/temp,29.85
2025-11-17 11:33:08,lan/sala1/sensor/hum,29.19
2025-11-17 11:33:09,lan/sala2/sensor/temp,28.2
2025-11-17 11:33:10,lan/sala1/sensor/hum,18.52
2025-11-17 11:33:10,lan/sala1/sensor/temp,25.14
2025-11-17 11:33:11,lan/sala2/sensor/temp,25.6
2025-11-17 11:33:12,lan/sala1/sensor/hum,26.75
2025-11-17 11:33:12,lan/sala1/sensor/temp,21.11
2025-11-17 11:33:13,lan/sala2/sensor/temp,20.02
2025-11-17 11:33:14,lan/sala1/sensor/hum,27.88
2025-11-17 11:33:14,lan/sala1/sensor/temp,20.35
2025-11-17 11:33:15,lan/sala2/sensor/temp,23.32
2025-11-17 11:33:16,lan/sala1/sensor/hum,26.26
2025-11-17 11:33:16,lan/sala1/sensor/temp,29.25
2025-11-17 11:33:17,lan/sala2/sensor/temp,22.43
2025-11-17 11:33:18,lan/sala1/sensor/hum,29.17
2025-11-17 11:33:18,lan/sala1/sensor/temp,29.1
2025-11-17 11:33:19,lan/sala2/sensor/temp,24.14
2025-11-17 11:33:20,lan/sala1/sensor/temp,27.25
2025-11-17 11:33:20,lan/sala1/sensor/hum,26.65
2025-11-17 11:33:21,lan/sala2/sensor/temp,22.35
2025-11-17 11:33:22,lan/sala1/sensor/hum,27.82
2025-11-17 11:33:22,lan/sala1/sensor/temp,29.5
2025-11-17 11:33:23,lan/sala2/sensor/temp,18.67
2025-11-17 11:33:24,lan/sala1/sensor/hum,25.52
2025-11-17 11:33:24,lan/sala1/sensor/temp,21.96
2025-11-17 11:33:25,lan/sala2/sensor/temp,26.81
2025-11-17 11:33:26,lan/sala1/sensor/hum,24.55
2025-11-17 11:33:26,lan/sala1/sensor/temp,20.18
2025-11-17 11:33:27,lan/sala2/sensor/temp,24.74
2025-11-17 11:33:28,lan/sala1/sensor/temp,18.53
2025-11-17 11:33:28,lan/sala1/sensor/hum,27.16
2025-11-17 11:33:29,lan/sala2/sensor/temp,18.52
2025-11-17 11:33:30,lan/sala1/sensor/temp,21.22
2025-11-17 11:33:30,lan/sala1/sensor/hum,23.91
2025-11-17 11:33:31,lan/sala2/sensor/temp,29.83
2025-11-17 11:33:32,lan/sala1/sensor/temp,24.15
2025-11-17 11:33:32,lan/sala1/sensor/hum,19.75
2025-11-17 11:33:33,lan/sala2/sensor/temp,26.55
2025-11-17 11:33:34,lan/sala1/sensor/hum,18.77
2025-11-17 11:33:34,lan/sala1/sensor/temp,26.42
2025-11-17 11:33:35,lan/sala2/sensor/temp,27.95
2025-11-17 11:33:36,lan/sala1/sensor/temp,23.39
2025-11-17 11:33:36,lan/sala1/sensor/hum,28.24
2025-11-17 11:33:37,lan/sala2/sensor/temp,22.55
2025-11-17 11:33:38,lan/sala1/sensor/hum,20.19
2025-11-17 11:33:38,lan/sala1/sensor/temp,27.19
2025-11-17 11:33:39,lan/sala2/sensor/temp,28.52
2025-11-17 11:33:40,lan/sala1/sensor/temp,24.76
2025-11-17 11:33:40,lan/sala1/sensor/hum,22.74
2025-11-17 11:33:41,lan/sala2/sensor/temp,23.37
2025-11-17 11:33:42,lan/sala1/sensor/temp,22.43
2025-11-17 11:33:42,lan/sala1/sensor/hum,19.62
2025-11-17 11:33:43,lan/sala2/sensor/temp,26.67
2025-11-17 11:33:44,lan/sala1/sensor/hum,25.35
2025-11-17 11:33:44,lan/sala1/sensor/temp,25.34
2025-11-17 11:33:45,lan/sala2/sensor/temp,19.62
2025-11-17 11:33:46,lan/sala1/sensor/hum,22.73
2025-11-17 11:33:46,lan/sala1/sensor/temp,21.03
2025-11-17 11:33:47,lan/sala2/sensor/temp,25.58
2025-11-17 11:33:48,lan/sala1/sensor/hum,25.36
2025-11-17 11:33:48,lan/sala1/sensor/temp,29.74
2025-11-17 11:33:49,lan/sala2/sensor/temp,26.45
2025-11-17 11:33:50,lan/sala1/sensor/hum,23.56
2025-11-17 11:33:50,lan/sala1/sensor/temp,20.41
2025-11-17 11:33:51,lan/sala2/sensor/temp,24.71
2025-11-17 11:33:52,lan/sala1/sensor/hum,28.29
2025-11-17 11:33:52,lan/sala1/sensor/temp,23.56
2025-11-17 11:33:53,lan/sala2/sensor/temp,23.15
2025-11-17 11:33:54,lan/sala1/sensor/hum,29.65
2025-11-17 11:33:54,lan/sala1/sensor/temp,25.49
2025-11-17 11:33:55,lan/sala2/sensor/temp,25.45
2025-11-17 11:33:56,lan/sala1/sensor/hum,26.43
2025-11-17 11:33:56,lan/sala1/sensor/temp,28.55
2025-11-17 11:33:57,lan/sala2/sensor/temp,18.16
2025-11-17 11:33:58,lan/sala1/sensor/hum,29.04
2025-11-17 11:33:58,lan/sala1/sensor/temp,26.94
2025-11-17 11:33:59,lan/sala2/sensor/temp,19.74
2025-11-17 11:34:00,lan/sala1/sensor/hum,24.05
2025-11-17 11:34:00,lan/sala1/sensor/temp,18.95
2025-11-17 11:34:01,lan/sala2/sensor/temp,22.44
2025-11-17 11:34:02,lan/sala1/sensor/hum,19.04
2025-11-17 11:34:02,lan/sala1/sensor/temp,21.99
2025-11-17 11:34:03,lan/sala2/sensor/temp,27.21
2025-11-17 11:34:04,lan/sala1/sensor/hum,29.36
2025-11-17 11:34:04,lan/sala1/sensor/temp,29.8
2025-11-17 11:34:05,lan/sala2/sensor/temp,21.48
2025-11-17 11:34:06,lan/sala1/sensor/hum,21.93
2025-11-17 11:34:06,lan/sala1/sensor/temp,29.43
2025-11-17 11:34:07,lan/sala2/sensor/temp,19.42
2025-11-17 11:34:08,lan/sala1/sensor/hum,19.05
2025-11-17 11:34:09,lan/sala1/sensor/temp,18.75
2025-11-17 11:34:09,lan/sala2/sensor/temp,23.64
2025-11-17 11:34:10,lan/sala1/sensor/hum,19.18
2025-11-17 11:34:10,lan/sala1/sensor/temp,25.1
2025-11-17 11:34:11,lan/sala2/sensor/temp,20.71
2025-11-17 11:34:12,lan/sala1/sensor/hum,20.94
2025-11-17 11:34:12,lan/sala1/sensor/temp,28.95
2025-11-17 11:34:13,lan/sala2/sensor/temp,21.0
2025-11-17 11:34:14,lan/sala1/sensor/hum,21.62
2025-11-17 11:34:15,lan/sala1/sensor/temp,22.95
2025-11-17 11:34:15,lan/sala2/sensor/temp,19.43
2025-11-17 11:34:16,lan/sala1/sensor/hum,25.55
2025-11-17 11:34:17,lan/sala1/sensor/temp,24.18
2025-11-17 11:34:17,lan/sala2/sensor/temp,28.91
2025-11-17 11:34:18,lan/sala1/sensor/hum,26.8
2025-11-17 11:34:19,lan/sala1/sensor/temp,20.71
2025-11-17 11:34:19,lan/sala2/sensor/temp,24.92
2025-11-17 11:34:20,lan/sala1/sensor/hum,22.75
2025-11-17 11:34:20,lan/sala1/sensor/temp,27.69
2025-11-17 11:34:21,lan/sala2/sensor/temp,20.21
2025-11-17 11:34:22,lan/sala1/sensor/hum,25.44
2025-11-17 11:34:23,lan/sala1/sensor/temp,20.45
2025-11-17 11:34:23,lan/sala2/sensor/temp,23.33
2025-11-17 11:34:24,lan/sala1/sensor/hum,22.48
2025-11-17 11:34:24,lan/sala1/sensor/temp,29.81
2025-11-17 11:34:25,lan/sala2/sensor/temp,27.35
2025-11-17 11:34:26,lan/sala1/sensor/hum,28.5
2025-11-17 11:34:27,lan/sala1/sensor/temp,29.64
2025-11-17 11:34:27,lan/sala2/sensor/temp,28.27
2025-11-17 11:34:28,lan/sala1/sensor/hum,29.57
2025-11-17 11:34:29,lan/sala1/sensor/temp,24.39
2025-11-17 11:34:29,lan/sala2/sensor/temp,26.92
2025-11-17 11:34:30,lan/sala1/sensor/hum,29.58
2025-11-17 11:34:31,lan/sala1/sensor/temp,26.5
2025-11-17 11:34:31,lan/sala2/sensor/temp,18.18
2025-11-17 11:34:32,lan/sala1/sensor/hum,19.23
2025-11-17 11:34:33,lan/sala1/sensor/temp,21.12
2025-11-17 11:34:33,lan/sala2/sensor/temp,26.57
2025-11-17 11:34:34,lan/sala1/sensor/hum,25.87
2025-11-17 11:34:34,lan/sala1/sensor/temp,29.82
2025-11-17 11:34:35,lan/sala2/sensor/temp,29.32
2025-11-17 11:34:36,lan/sala1/sensor/hum,24.66
2025-11-17 11:34:37,lan/sala1/sensor/temp,27.67
2025-11-17 11:34:37,lan/sala2/sensor/temp,18.65
2025-11-17 11:34:38,lan/sala1/sensor/hum,25.99
2025-11-17 11:34:39,lan/sala1/sensor/temp,22.96
2025-11-17 11:34:39,lan/sala2/sensor/temp,27.31
2025-11-17 11:34:40,lan/sala1/sensor/hum,19.92
2025-11-17 11:34:41,lan/sala1/sensor/temp,28.56
2025-11-17 11:34:41,lan/sala2/sensor/temp,18.9
2025-11-17 11:34:42,lan/sala1/sensor/hum,29.67
2025-11-17 11:34:43,lan/sala1/sensor/temp,20.86
2025-11-17 11:34:43,lan/sala2/sensor/temp,29.99
2025-11-17 11:34:44,lan/sala1/sensor/hum,29.99
2025-11-17 11:34:45,lan/sala1/sensor/temp,20.81
2025-11-17 11:34:45,lan/sala2/sensor/temp,22.83
2025-11-17 11:34:46,lan/sala1/sensor/hum,23.91
2025-11-17 11:34:47,lan/sala1/sensor/temp,27.67
2025-11-17 11:34:47,lan/sala2/sensor/temp,25.34
2025-11-17 11:34:48,lan/sala1/sensor/hum,21.24
2025-11-17 11:34:49,lan/sala1/sensor/temp,18.18
2025-11-17 11:34:49,lan/sala2/sensor/temp,29.51
2025-11-17 11:34:50,lan/sala1/sensor/hum,24.56
2025-11-17 11:34:51,lan/sala1/sensor/temp,28.82
2025-11-17 11:34:51,lan/sala2/sensor/temp,19.25
2025-11-17 11:34:52,lan/sala1/sensor/hum,29.7
2025-11-17 11:34:53,lan/sala1/sensor/temp,21.01
2025-11-17 11:34:53,lan/sala2/sensor/temp,28.61
2025-11-17 11:34:54,lan/sala1/sensor/hum,20.5
2025-11-17 11:34:55,lan/sala1/sensor/temp,22.54
2025-11-17 11:34:55,lan/sala2/sensor/temp,23.23
2025-11-17 11:34:56,lan/sala1/sensor/hum,27.28
2025-11-17 11:34:57,lan/sala1/sensor/temp,19.68
2025-11-17 11:34:57,lan/sala2/sensor/temp,22.8
2025-11-17 11:34:58,lan/sala1/sensor/hum,21.16
2025-11-17 11:34:59,lan/sala1/sensor/temp,25.09
2025-11-17 11:34:59,lan/sala2/sensor/temp,24.77
2025-11-17 11:35:00,lan/sala1/sensor/hum,27.1
2025-11-17 11:35:01,lan/sala1/sensor/temp,22.89
2025-11-17 11:35:01,lan/sala2/sensor/temp,22.71
2025-11-17 11:35:02,lan/sala1/sensor/hum,20.76
2025-11-17 11:35:03,lan/sala1/sensor/temp,24.15
2025-11-17 11:35:03,lan/sala2/sensor/temp,22.48
2025-11-17 11:35:04,lan/sala1/sensor/hum,18.47
2025-11-17 11:35:05,lan/sala1/sensor/temp,26.11
2025-11-17 11:35:05,lan/sala2/sensor/temp,28.25
2025-11-17 11:35:06,lan/sala1/sensor/hum,22.8
2025-11-17 11:35:07,lan/sala1/sensor/temp,23.37
2025-11-17 11:35:07,lan/sala2/sensor/temp,29.84
2025-11-17 11:35:08,lan/sala1/sensor/hum,24.42
2025-11-17 11:35:09,lan/sala1/sensor/temp,19.21
2025-11-17 11:35:09,lan/sala2/sensor/temp,20.71
2025-11-17 11:35:10,lan/sala1/sensor/hum,27.57
2025-11-17 11:35:11,lan/sala1/sensor/temp,29.14
2025-11-17 11:35:11,lan/sala2/sensor/temp,27.45
2025-11-17 11:35:12,lan/sala1/sensor/hum,27.55
2025-11-17 11:35:13,lan/sala1/sensor/temp,25.68
2025-11-17 11:35:13,lan/sala2/sensor/temp,18.72
2025-11-17 11:35:14,lan/sala1/sensor/hum,23.68
2025-11-17 11:35:15,lan/sala1/sensor/temp,23.7
2025-11-17 11:35:15,lan/sala2/sensor/temp,27.73
2025-11-17 11:35:16,lan/sala1/sensor/hum,23.43
2025-11-17 11:35:17,lan/sala1/sensor/temp,24.74
2025-11-17 11:35:17,lan/sala2/sensor/temp,25.75
2025-11-17 11:35:18,lan/sala1/sensor/hum,25.56
2025-11-17 11:35:19,lan/sala1/sensor/temp,27.83
2025-11-17 11:35:19,lan/sala2/sensor/temp,27.59
2025-11-17 11:35:20,lan/sala1/sensor/hum,22.35
2025-11-17 11:35:21,lan/sala1/sensor/temp,18.82
2025-11-17 11:35:21,lan/sala2/sensor/temp,28.62
2025-11-17 11:35:22,lan/sala1/sensor/hum,23.52
2025-11-17 11:35:23,lan/sala1/sensor/temp,24.44
2025-11-17 11:35:23,lan/sala2/sensor/temp,18.92
2025-11-17 11:35:24,lan/sala1/sensor/hum,18.61
2025-11-17 11:35:25,lan/sala1/sensor/temp,24.18
2025-11-17 11:35:25,lan/sala2/sensor/temp,21.58
2025-11-17 11:35:26,lan/sala1/sensor/hum,24.31
2025-11-17 11:35:27,lan/sala1/sensor/temp,29.3
2025-11-17 11:35:27,lan/sala2/sensor/temp,28.0
2025-11-17 11:35:28,lan/sala1/sensor/hum,22.88
2025-11-17 11:35:29,lan/sala1/sensor/temp,20.7
2025-11-17 11:35:29,lan/sala2/sensor/temp,27.72
2025-11-17 11:35:30,lan/sala1/sensor/hum,21.79
2025-11-17 11:35:31,lan/sala1/sensor/temp,26.05
2025-11-17 11:35:31,lan/sala2/sensor/temp,19.17
2025-11-17 11:35:32,lan/sala1/sensor/hum,25.98
2025-11-17 11:35:33,lan/sala1/sensor/temp,23.44
2025-11-17 11:35:33,lan/sala2/sensor/temp,29.0
2025-11-17 11:35:34,lan/sala1/sensor/hum,23.16
2025-11-17 11:35:35,lan/sala1/sensor/temp,28.08
2025-11-17 11:35:35,lan/sala2/sensor/temp,23.5
2025-11-17 11:35:36,lan/sala1/sensor/hum,29.9
2025-11-17 11:35:37,lan/sala1/sensor/temp,28.13
2025-11-17 11:35:37,lan/sala2/sensor/temp,25.78
2025-11-17 11:35:38,lan/sala1/sensor/hum,19.42
2025-11-17 11:35:39,lan/sala1/sensor/temp,19.73
2025-11-17 11:35:39,lan/sala2/sensor/temp,26.7
2025-11-17 11:35:40,lan/sala1/sensor/hum,23.8
2025-11-17 11:35:41,lan/sala1/sensor/temp,24.16
2025-11-17 11:35:41,lan/sala2/sensor/temp,26.45
2025-11-17 11:35:42,lan/sala1/sensor/hum,27.39
2025-11-17 11:35:43,lan/sala1/sensor/temp,28.52
2025-11-17 11:35:43,lan/sala2/sensor/temp,22.86
2025-11-17 11:35:44,lan/sala1/sensor/hum,21.31
2025-11-17 11:35:45,lan/sala1/sensor/temp,29.87
2025-11-17 11:35:45,lan/sala2/sensor/temp,24.95
2025-11-17 11:35:46,lan/sala1/sensor/hum,21.37
2025-11-17 11:35:47,lan/sala1/sensor/temp,19.61
2025-11-17 11:35:47,lan/sala2/sensor/temp,19.89
2025-11-17 11:35:48,lan/sala1/sensor/hum,20.6
2025-11-17 11:35:49,lan/sala1/sensor/temp,23.41
2025-11-17 11:35:49,lan/sala2/sensor/temp,26.49
2025-11-17 11:35:50,lan/sala1/sensor/hum,29.12
2025-11-17 11:35:51,lan/sala1/sensor/temp,19.36
2025-11-17 11:35:51,lan/sala2/sensor/temp,23.15
2025-11-17 11:35:52,lan/sala1/sensor/hum,24.39
2025-11-17 11:35:53,lan/sala1/sensor/temp,29.51
2025-11-17 11:35:53,lan/sala2/sensor/temp,24.86
2025-11-17 11:35:54,lan/sala1/sensor/hum,22.48
2025-11-17 11:35:55,lan/sala1/sensor/temp,28.52
2025-11-17 11:35:55,lan/sala2/sensor/temp,23.07
2025-11-17 11:35:56,lan/sala1/sensor/hum,28.52
2025-11-17 11:35:57,lan/sala1/sensor/temp,20.81
2025-11-17 11:35:57,lan/sala2/sensor/temp,28.15
2025-11-17 11:35:58,lan/sala1/sensor/hum,29.5
2025-11-17 11:35:59,lan/sala1/sensor/temp,26.15
2025-11-17 11:35:59,lan/sala2/sensor/temp,21.87
2025-11-17 11:36:00,lan/sala1/sensor/hum,21.54
2025-11-17 11:36:01,lan/sala1/sensor/temp,20.02
2025-11-17 11:36:01,lan/sala2/sensor/temp,19.88
2025-11-17 11:36:02,lan/sala1/sensor/hum,22.43
2025-11-17 11:36:03,lan/sala1/sensor/temp,19.88
2025-11-17 11:36:03,lan/sala2/sensor/temp,24.9
2025-11-17 11:36:04,lan/sala1/sensor/hum,26.48
2025-11-17 11:36:05,lan/sala1/sensor/temp,26.87
2025-11-17 11:36:05,lan/sala2/sensor/temp,28.28
2025-11-17 11:36:06,lan/sala1/sensor/hum,21.21
2025-11-17 11:36:07,lan/sala1/sensor/temp,26.0
2025-11-17 11:36:07,lan/sala2/sensor/temp,22.94
2025-11-17 11:36:08,lan/sala1/sensor/hum,24.13
2025-11-17 11:36:09,lan/sala1/sensor/temp,24.09
2025-11-17 11:36:09,lan/sala2/sensor/temp,20.59
2025-11-17 11:36:10,lan/sala1/sensor/hum,23.18
2025-11-17 11:36:11,lan/sala1/sensor/temp,28.53
2025-11-17 11:36:11,lan/sala2/sensor/temp,27.0
2025-11-17 11:36:12,lan/sala1/sensor/hum,29.41
2025-11-17 11:36:13,lan/sala1/sensor/temp,21.06
2025-11-17 11:36:13,lan/sala2/sensor/temp,19.38
2025-11-17 11:36:14,lan/sala1/sensor/hum,23.07
2025-11-17 11:36:15,lan/sala1/sensor/temp,26.64
2025-11-17 11:36:15,lan/sala2/sensor/temp,20.72
2025-11-17 11:36:16,lan/sala1/sensor/hum,29.17
2025-11-17 11:36:17,lan/sala1/sensor/temp,21.32
2025-11-17 11:36:17,lan/sala2/sensor/temp,21.63
2025-11-17 11:36:18,lan/sala1/sensor/hum,24.21
2025-11-17 11:36:19,lan/sala1/sensor/temp,23.58
2025-11-17 11:36:19,lan/sala2/sensor/temp,26.46
2025-11-17 11:36:20,lan/sala1/sensor/hum,24.35
2025-11-17 11:36:21,lan/sala1/sensor/temp,29.09
2025-11-17 11:36:21,lan/sala2/sensor/temp,24.21
2025-11-17 11:36:22,lan/sala1/sensor/hum,22.66
2025-11-17 11:36:23,lan/sala1/sensor/temp,20.58
2025-11-17 11:36:23,lan/sala2/sensor/temp,28.06
2025-11-17 11:36:24,lan/sala1/sensor/hum,21.27
2025-11-17 11:36:25,lan/sala1/sensor/temp,23.47
2025-11-17 11:36:25,lan/sala2/sensor/temp,24.76
2025-11-17 11:36:26,lan/sala1/sensor/hum,18.8
2025-11-17 11:36:27,lan/sala1/sensor/temp,24.22
2025-11-17 11:36:27,lan/sala2/sensor/temp,18.22
2025-11-17 11:36:28,lan/sala1/sensor/hum,26.37
2025-11-17 11:36:29,lan/sala1/sensor/temp,27.68
2025-11-17 11:36:29,lan/sala2/sensor/temp,28.8
2025-11-17 11:36:30,lan/sala1/sensor/hum,27.4
2025-11-17 11:36:31,lan/sala1/sensor/temp,21.79
2025-11-17 11:36:31,lan/sala2/sensor/temp,21.18
2025-11-17 11:36:32,lan/sala1/sensor/hum,29.51
2025-11-17 11:36:33,lan/sala1/sensor/temp,29.54
2025-11-17 11:36:33,lan/sala2/sensor/temp,19.9
2025-11-17 11:36:34,lan/sala1/sensor/hum,25.92
2025-11-17 11:36:35,lan/sala1/sensor/temp,26.94
2025-11-17 11:36:35,lan/sala2/sensor/temp,29.76
2025-11-17 11:36:36,lan/sala1/sensor/hum,29.08
2025-11-17 11:36:37,lan/sala1/sensor/temp,22.9
2025-11-17 11:36:37,lan/sala2/sensor/temp,20.92
2025-11-17 11:36:38,lan/sala1/sensor/hum,28.36
2025-11-17 11:36:39,lan/sala1/sensor/temp,24.03
2025-11-17 11:36:39,lan/sala2/sensor/temp,29.3
2025-11-17 11:36:40,lan/sala1/sensor/hum,25.57
2025-11-17 11:36:41,lan/sala1/sensor/temp,26.16
2025-11-17 11:36:41,lan/sala2/sensor/temp,20.92
2025-11-17 11:36:42,lan/sala1/sensor/hum,22.92
2025-11-17 11:36:43,lan/sala1/sensor/temp,27.07
2025-11-17 11:36:43,lan/sala2/sensor/temp,18.08
2025-11-17 11:36:44,lan/sala1/sensor/hum,29.69
2025-11-17 11:36:45,lan/sala1/sensor/temp,25.53
2025-11-17 11:36:45,lan/sala2/sensor/temp,18.79
2025-11-17 11:36:46,lan/sala1/sensor/hum,27.71
2025-11-17 11:36:47,lan/sala1/sensor/temp,21.25
2025-11-17 11:36:47,lan/sala2/sensor/temp,29.53
2025-11-17 11:36:48,lan/sala1/sensor/hum,23.36
2025-11-17 11:36:49,lan/sala1/sensor/temp,20.37
2025-11-17 11:36:49,lan/sala2/sensor/temp,28.88
2025-11-17 11:36:50,lan/sala1/sensor/hum,25.88
2025-11-17 11:36:51,lan/sala1/sensor/temp,22.28
2025-11-17 11:36:51,lan/sala2/sensor/temp,21.14
2025-11-17 11:36:52,lan/sala1/sensor/hum,19.59
2025-11-17 11:36:53,lan/sala1/sensor/temp,29.58
2025-11-17 11:36:53,lan/sala2/sensor/temp,24.38
2025-11-17 11:36:54,lan/sala1/sensor/hum,25.81
2025-11-17 11:36:55,lan/sala1/sensor/temp,27.06
2025-11-17 11:36:55,lan/sala2/sensor/temp,27.73
2025-11-17 11:36:56,lan/sala1/sensor/hum,18.62
2025-11-17 11:36:57,lan/sala1/sensor/temp,23.98
2025-11-17 11:36:57,lan/sala2/sensor/temp,27.19
2025-11-17 11:36:58,lan/sala1/sensor/hum,21.45
2025-11-17 11:36:59,lan/sala1/sensor/temp,27.81
2025-11-17 11:36:59,lan/sala2/sensor/temp,21.17
2025-11-17 11:37:00,lan/sala1/sensor/hum,22.44
2025-11-17 11:37:01,lan/sala1/sensor/temp,20.11
2025-11-17 11:37:01,lan/sala2/sensor/temp,18.56
2025-11-17 11:37:02,lan/sala1/sensor/hum,18.01
2025-11-17 11:37:03,lan/sala1/sensor/temp,24.52
2025-11-17 11:37:03,lan/sala2/sensor/temp,22.73
2025-11-17 11:37:04,lan/sala1/sensor/hum,18.19
2025-11-17 11:37:05,lan/sala1/sensor/temp,26.23
2025-11-17 11:37:05,lan/sala2/sensor/temp,28.59
2025-11-17 11:37:07,lan/sala1/sensor/hum,24.51
2025-11-17 11:37:07,lan/sala1/sensor/temp,18.8
2025-11-17 11:37:07,lan/sala2/sensor/temp,20.67
2025-11-17 11:37:08,lan/sala1/sensor/hum,23.97
2025-11-17 11:37:09,lan/sala1/sensor/temp,22.31
2025-11-17 11:37:09,lan/sala2/sensor/temp,24.5
2025-11-17 11:37:10,lan/sala1/sensor/hum,25.45
2025-11-17 11:37:11,lan/sala1/sensor/temp,26.05
2025-11-17 11:37:11,lan/sala2/sensor/temp,26.84
2025-11-17 11:37:12,lan/sala1/sensor/hum,27.05
2025-11-17 11:37:13,lan/sala1/sensor/temp,22.0
2025-11-17 11:37:13,lan/sala2/sensor/temp,25.98
2025-11-17 11:37:14,lan/sala1/sensor/hum,23.34
2025-11-17 11:37:15,lan/sala1/sensor/temp,23.05
2025-11-17 11:37:15,lan/sala2/sensor/temp,23.04
2025-11-17 11:37:16,lan/sala1/sensor/hum,24.66
2025-11-17 11:37:17,lan/sala1/sensor/temp,25.28
2025-11-17 11:37:17,lan/sala2/sensor/temp,20.33
2025-11-17 11:37:18,lan/sala1/sensor/hum,22.18
2025-11-17 11:37:19,lan/sala1/sensor/temp,25.5
2025-11-17 11:37:19,lan/sala2/sensor/temp,19.94
2025-11-17 11:37:20,lan/sala1/sensor/hum,24.19
2025-11-17 11:37:21,lan/sala1/sensor/temp,24.61
2025-11-17 11:37:22,lan/sala2/sensor/temp,26.74
2025-11-17 11:37:23,lan/sala1/sensor/hum,26.32
2025-11-17 11:37:23,lan/sala1/sensor/temp,29.69
2025-11-17 11:37:24,lan/sala2/sensor/temp,27.59
2025-11-17 11:37:24,lan/sala1/sensor/hum,19.53
2025-11-17 11:37:25,lan/sala1/sensor/temp,21.89
2025-11-17 11:37:25,lan/sala2/sensor/temp,27.3
2025-11-17 11:37:26,lan/sala1/sensor/hum,29.19
2025-11-17 11:37:27,lan/sala1/sensor/temp,18.97
2025-11-17 11:37:27,lan/sala2/sensor/temp,24.24
2025-11-17 11:37:28,lan/sala1/sensor/hum,20.56
2025-11-17 11:37:29,lan/sala1/sensor/temp,26.16
2025-11-17 11:37:30,lan/sala2/sensor/temp,22.36
2025-11-17 11:37:30,lan/sala1/sensor/hum,20.2
2025-11-17 11:37:31,lan/sala1/sensor/temp,23.99
2025-11-17 11:37:31,lan/sala2/sensor/temp,26.18
2025-11-17 11:37:32,lan/sala1/sensor/hum,26.63
2025-11-17 11:37:33,lan/sala1/sensor/temp,27.16
2025-11-17 11:37:33,lan/sala2/sensor/temp,25.12
2025-11-17 11:37:34,lan/sala1/sensor/hum,18.56
2025-11-17 11:37:35,lan/sala1/sensor/temp,27.56
2025-11-17 11:37:35,lan/sala2/sensor/temp,25.74
2025-11-17 11:37:36,lan/sala1/sensor/hum,26.85
2025-11-17 11:37:37,lan/sala1/sensor/temp,21.25
2025-11-17 11:37:38,lan/sala2/sensor/temp,20.78
2025-11-17 11:37:38,lan/sala1/sensor/hum,29.61
2025-11-17 11:37:39,lan/sala1/sensor/temp,19.79
2025-11-17 11:37:40,lan/sala2/sensor/temp,26.45
2025-11-17 11:37:40,lan/sala1/sensor/hum,19.16
2025-11-17 11:37:41,lan/sala1/sensor/temp,27.41
2025-11-17 11:37:41,lan/sala2/sensor/temp,24.82
2025-11-17 11:37:42,lan/sala1/sensor/hum,22.26
2025-11-17 11:37:43,lan/sala1/sensor/temp,20.59
2025-11-17 11:37:44,lan/sala2/sensor/temp,24.31
2025-11-17 11:37:44,lan/sala1/sensor/hum,28.56
2025-11-17 11:37:45,lan/sala1/sensor/temp,22.07
2025-11-17 11:37:46,lan/sala2/sensor/temp,24.25
2025-11-17 11:37:46,lan/sala1/sensor/hum,18.92
2025-11-17 11:37:47,lan/sala1/sensor/temp,18.88
2025-11-17 11:37:47,lan/sala2/sensor/temp,28.6
2025-11-17 11:37:48,lan/sala1/sensor/hum,23.44
2025-11-17 11:37:49,lan/sala1/sensor/temp,27.11
2025-11-17 11:37:49,lan/sala2/sensor/temp,19.09
2025-11-17 11:37:50,lan/sala1/sensor/hum,26.02
2025-11-17 11:37:51,lan/sala1/sensor/temp,26.92
2025-11-17 11:37:51,lan/sala2/sensor/temp,25.24
2025-11-17 11:37:52,lan/sala1/sensor/hum,22.05
2025-11-17 11:37:53,lan/sala1/sensor/temp,22.17
2025-11-17 11:37:54,lan/sala2/sensor/temp,19.46
2025-11-17 11:37:54,lan/sala1/sensor/hum,19.25
2025-11-17 11:37:55,lan/sala1/sensor/temp,18.01
2025-11-17 11:37:55,lan/sala2/sensor/temp,29.29
2025-11-17 11:37:56,lan/sala1/sensor/hum,23.9
2025-11-17 11:37:57,lan/sala1/sensor/temp,28.17
2025-11-17 11:37:57,lan/sala2/sensor/temp,19.2
2025-11-17 11:37:58,lan/sala1/sensor/hum,19.37
2025-11-17 11:37:59,lan/sala1/sensor/temp,22.15
2025-11-17 11:38:00,lan/sala2/sensor/temp,28.37
2025-11-17 11:38:00,lan/sala1/sensor/hum,25.37
2025-11-17 11:38:01,lan/sala1/sensor/temp,26.81
2025-11-17 11:38:02,lan/sala2/sensor/temp,21.73
2025-11-17 11:38:02,lan/sala1/sensor/hum,28.11
2025-11-17 11:38:03,lan/sala1/sensor/temp,20.84
2025-11-17 11:38:04,lan/sala2/sensor/temp,19.81
2025-11-17 11:38:04,lan/sala1/sensor/hum,18.73
2025-11-17 11:38:05,lan/sala1/sensor/temp,18.53
2025-11-17 11:38:05,lan/sala2/sensor/temp,29.33
2025-11-17 11:38:06,lan/sala1/sensor/hum,26.67
2025-11-17 11:38:07,lan/sala1/sensor/temp,26.86
2025-11-17 11:38:08,lan/sala2/sensor/temp,21.18
2025-11-17 11:38:08,lan/sala1/sensor/hum,18.04
2025-11-17 11:38:09,lan/sala1/sensor/temp,21.15
2025-11-17 11:38:10,lan/sala2/sensor/temp,20.55
2025-11-17 11:38:10,lan/sala1/sensor/hum,22.8
2025-11-17 11:38:11,lan/sala1/sensor/temp,22.99
2025-11-17 11:38:12,lan/sala2/sensor/temp,19.09
2025-11-17 11:38:12,lan/sala1/sensor/hum,21.81
2025-11-17 11:38:13,lan/sala1/sensor/temp,20.71
2025-11-17 11:38:14,lan/sala2/sensor/temp,19.33
2025-11-17 11:38:14,lan/sala1/sensor/hum,18.21
2025-11-17 11:38:15,lan/sala1/sensor/temp,21.33
2025-11-17 11:38:16,lan/sala2/sensor/temp,24.52
2025-11-17 11:38:16,lan/sala1/sensor/hum,21.73
2025-11-17 11:38:17,lan/sala1/sensor/temp,28.25
2025-11-17 11:38:18,lan/sala2/sensor/temp,20.38
2025-11-17 11:38:18,lan/sala1/sensor/hum,21.49
2025-11-17 11:38:19,lan/sala1/sensor/temp,26.23
2025-11-17 11:38:20,lan/sala2/sensor/temp,29.54
2025-11-17 11:38:20,lan/sala1/sensor/hum,22.9
2025-11-17 11:38:21,lan/sala1/sensor/temp,23.1
2025-11-17 11:38:22,lan/sala2/sensor/temp,28.81
2025-11-17 11:38:22,lan/sala1/sensor/hum,23.37
2025-11-17 11:38:23,lan/sala1/sensor/temp,18.62
2025-11-17 11:38:24,lan/sala2/sensor/temp,23.14
2025-11-17 11:38:24,lan/sala1/sensor/hum,26.04
2025-11-17 11:38:25,lan/sala1/sensor/temp,27.11
2025-11-17 11:38:26,lan/sala2/sensor/temp,25.93
2025-11-17 11:38:26,lan/sala1/sensor/hum,24.99
2025-11-17 11:38:27,lan/sala1/sensor/temp,24.19
2025-11-17 11:38:28,lan/sala2/sensor/temp,27.64
2025-11-17 11:38:28,lan/sala1/sensor/hum,22.31
2025-11-17 11:38:29,lan/sala1/sensor/temp,21.7
2025-11-17 11:38:30,lan/sala2/sensor/temp,21.45
2025-11-17 11:38:30,lan/sala1/sensor/hum,21.09
2025-11-17 11:38:31,lan/sala1/sensor/temp,28.83
2025-11-17 11:38:32,lan/sala2/sensor/temp,18.72
2025-11-17 11:38:32,lan/sala1/sensor/hum,23.22
2025-11-17 11:38:33,lan/sala1/sensor/temp,29.36
2025-11-17 11:38:34,lan/sala2/sensor/temp,19.68
2025-11-17 11:38:34,lan/sala1/sensor/hum,23.59
2025-11-17 11:38:35,lan/sala1/sensor/temp,21.61
2025-11-17 11:38:36,lan/sala2/sensor/temp,20.01
2025-11-17 11:38:36,lan/sala1/sensor/hum,21.55
2025-11-17 11:38:37,lan/sala1/sensor/temp,25.98
2025-11-17 11:38:38,lan/sala2/sensor/temp,26.81
2025-11-17 11:38:38,lan/sala1/sensor/hum,23.05
2025-11-17 11:38:39,lan/sala1/sensor/temp,29.18
2025-11-17 11:38:40,lan/sala2/sensor/temp,28.28
2025-11-17 11:38:40,lan/sala1/sensor/hum,25.8
2025-11-17 11:38:41,lan/sala1/sensor/temp,24.37
2025-11-17 11:38:42,lan/sala2/sensor/temp,29.72
2025-11-17 11:38:42,lan/sala1/sensor/hum,19.48
2025-11-17 11:38:43,lan/sala1/sensor/temp,19.41
2025-11-17 11:38:44,lan/sala2/sensor/temp,25.52
2025-11-17 11:38:44,lan/sala1/sensor/hum,27.66
2025-11-17 11:38:45,lan/sala1/sensor/temp,19.18
2025-11-17 11:38:46,lan/sala2/sensor/temp,26.89
2025-11-17 11:38:46,lan/sala1/sensor/hum,25.3
2025-11-17 11:38:47,lan/sala1/sensor/temp,22.85
2025-11-17 11:38:48,lan/sala2/sensor/temp,20.47
2025-11-17 11:38:48,lan/sala1/sensor/hum,25.21
2025-11-17 11:38:49,lan/sala1/sensor/temp,23.7
2025-11-17 11:38:50,lan/sala2/sensor/temp,18.22
2025-11-17 11:38:50,lan/sala1/sensor/hum,26.09
2025-11-17 11:38:51,lan/sala1/sensor/temp,19.06
2025-11-17 11:38:52,lan/sala2/sensor/temp,23.43
2025-11-17 11:38:52,lan/sala1/sensor/hum,25.14
2025-11-17 11:38:53,lan/sala1/sensor/temp,28.77
2025-11-17 11:38:54,lan/sala2/sensor/temp,26.75
2025-11-17 11:38:54,lan/sala1/sensor/hum,27.31
2025-11-17 11:38:55,lan/sala1/sensor/temp,26.19
2025-11-17 11:38:56,lan/sala2/sensor/temp,24.82
2025-11-17 11:38:56,lan/sala1/sensor/hum,18.71
2025-11-17 11:38:57,lan/sala1/sensor/temp,18.82
2025-11-17 11:38:58,lan/sala2/sensor/temp,22.72
2025-11-17 11:38:58,lan/sala1/sensor/hum,24.86
2025-11-17 11:38:59,lan/sala1/sensor/temp,28.42
2025-11-17 11:39:00,lan/sala2/sensor/temp,20.43
2025-11-17 11:39:00,lan/sala1/sensor/hum,21.04
2025-11-17 11:39:01,lan/sala1/sensor/temp,27.67
2025-11-17 11:39:02,lan/sala2/sensor/temp,20.42
2025-11-17 11:39:02,lan/sala1/sensor/hum,24.18
2025-11-17 11:39:03,lan/sala1/sensor/temp,25.88
2025-11-17 11:39:04,lan/sala2/sensor/temp,25.68
2025-11-17 11:39:04,lan/sala1/sensor/hum,23.02
2025-11-17 11:39:05,lan/sala1/sensor/temp,26.32
2025-11-17 11:39:06,lan/sala2/sensor/temp,18.03
2025-11-17 11:39:06,lan/sala1/sensor/hum,21.99
2025-11-17 11:39:07,lan/sala1/sensor/temp,18.66
2025-11-17 11:39:08,lan/sala2/sensor/temp,22.47
2025-11-17 11:39:08,lan/sala1/sensor/hum,29.91
2025-11-17 11:39:09,lan/sala1/sensor/temp,29.54
2025-11-17 11:39:10,lan/sala2/sensor/temp,22.86
2025-11-17 11:39:10,lan/sala1/sensor/hum,27.02
2025-11-17 11:39:11,lan/sala1/sensor/temp,29.34
2025-11-17 11:39:12,lan/sala2/sensor/temp,29.55
2025-11-17 11:39:12,lan/sala1/sensor/hum,22.88
2025-11-17 11:39:13,lan/sala1/sensor/temp,20.9
2025-11-17 11:39:14,lan/sala2/sensor/temp,27.69
2025-11-17 11:39:14,lan/sala1/sensor/hum,25.37
2025-11-17 11:39:15,lan/sala1/sensor/temp,25.11
2025-11-17 11:39:16,lan/sala2/sensor/temp,19.88
2025-11-17 11:39:16,lan/sala1/sensor/hum,18.84
2025-11-17 11:39:17,lan/sala1/sensor/temp,20.69
2025-11-17 11:39:18,lan/sala2/sensor/temp,24.22
2025-11-17 11:39:18,lan/sala1/sensor/hum,27.81
2025-11-17 11:39:19,lan/sala1/sensor/temp,27.54
2025-11-17 11:39:20,lan/sala2/sensor/temp,23.01
2025-11-17 11:39:20,lan/sala1/sensor/hum,22.78
2025-11-17 11:39:21,lan/sala1/sensor/temp,23.77
2025-11-17 11:39:22,lan/sala2/sensor/temp,19.91
2025-11-17 11:39:22,lan/sala1/sensor/hum,24.19
2025-11-17 11:39:23,lan/sala1/sensor/temp,20.63
2025-11-17 11:39:24,lan/sala2/sensor/temp,21.38
2025-11-17 11:39:24,lan/sala1/sensor/hum,25.68
2025-11-17 11:39:25,lan/sala1/sensor/temp,22.16
2025-11-17 11:39:26,lan/sala2/sensor/temp,27.77
2025-11-17 11:39:26,lan/sala1/sensor/hum,22.7
2025-11-17 11:39:27,lan/sala1/sensor/temp,24.46
2025-11-17 11:39:28,lan/sala2/sensor/temp,20.44
2025-11-17 11:39:28,lan/sala1/sensor/hum,25.16
2025-11-17 11:39:29,lan/sala1/sensor/temp,20.43
2025-11-17 11:39:30,lan/sala2/sensor/temp,25.25
2025-11-17 11:39:30,lan/sala1/sensor/hum,18.97
2025-11-17 11:39:31,lan/sala1/sensor/temp,29.87
2025-11-17 11:39:32,lan/sala2/sensor/temp,20.83
2025-11-17 11:39:32,lan/sala1/sensor/hum,27.95
2025-11-17 11:39:33,lan/sala1/sensor/temp,28.64
2025-11-17 11:39:34,lan/sala2/sensor/temp,28.61
2025-11-17 11:39:34,lan/sala1/sensor/hum,21.21
2025-11-17 11:39:35,lan/sala1/sensor/temp,21.78
2025-11-17 11:39:36,lan/sala2/sensor/temp,19.46
2025-11-17 11:39:36,lan/sala1/sensor/hum,23.22
2025-11-17 11:39:37,lan/sala1/sensor/temp,28.02
2025-11-17 11:39:38,lan/sala2/sensor/temp,26.72
2025-11-17 11:39:38,lan/sala1/sensor/hum,27.31
2025-11-17 11:39:39,lan/sala1/sensor/temp,27.96
2025-11-17 11:39:40,lan/sala2/sensor/temp,18.13
2025-11-17 11:39:40,lan/sala1/sensor/hum,28.26
2025-11-17 11:39:41,lan/sala1/sensor/temp,19.7
2025-11-17 11:39:42,lan/sala2/sensor/temp,23.82
2025-11-17 11:39:42,lan/sala1/sensor/hum,25.21
2025-11-17 11:39:43,lan/sala1/sensor/temp,20.53
2025-11-17 11:39:44,lan/sala2/sensor/temp,25.5
2025-11-17 11:39:44,lan/sala1/sensor/hum,27.21
2025-11-17 11:39:45,lan/sala1/sensor/temp,27.22
2025-11-17 11:39:46,lan/sala2/sensor/temp,29.96
2025-11-17 11:39:46,lan/sala1/sensor/hum,25.49
2025-11-17 11:39:47,lan/sala1/sensor/temp,28.17
2025-11-17 11:39:48,lan/sala2/sensor/temp,26.2
2025-11-17 11:39:48,lan/sala1/sensor/hum,21.5
2025-11-17 11:39:49,lan/sala1/sensor/temp,21.92
2025-11-17 11:39:50,lan/sala2/sensor/temp,18.91
2025-11-17 11:39:50,lan/sala1/sensor/hum,19.0
2025-11-17 11:39:51,lan/sala1/sensor/temp,18.23
2025-11-17 11:39:52,lan/sala2/sensor/temp,27.83
2025-11-17 11:39:52,lan/sala1/sensor/hum,20.87
2025-11-17 11:39:53,lan/sala1/sensor/temp,26.91
2025-11-17 11:39:54,lan/sala2/sensor/temp,18.95
2025-11-17 11:39:55,lan/sala1/sensor/hum,27.83
2025-11-17 11:39:55,lan/sala1/sensor/temp,22.6
2025-11-17 11:39:56,lan/sala2/sensor/temp,18.01
2025-11-17 11:39:56,lan/sala1/sensor/hum,21.43
2025-11-17 11:39:57,lan/sala1/sensor/temp,27.07
2025-11-17 11:39:58,lan/sala2/sensor/temp,22.28
2025-11-17 11:39:59,lan/sala1/sensor/hum,19.39
2025-11-17 11:39:59,lan/sala1/sensor/temp,20.82
2025-11-17 11:40:00,lan/sala2/sensor/temp,25.37
2025-11-17 11:40:00,lan/sala1/sensor/hum,20.32
2025-11-17 11:40:01,lan/sala1/sensor/temp,20.56
2025-11-17 11:40:02,lan/sala2/sensor/temp,27.75
2025-11-17 11:40:03,lan/sala1/sensor/hum,28.17
2025-11-17 11:40:03,lan/sala1/sensor/temp,25.57
2025-11-17 11:40:04,lan/sala2/sensor/temp,18.95
2025-11-17 11:40:04,lan/sala1/sensor/hum,20.41
2025-11-17 11:40:05,lan/sala1/sensor/temp,20.47
2025-11-17 11:40:06,lan/sala2/sensor/temp,25.61
2025-11-17 11:40:06,lan/sala1/sensor/hum,23.3
2025-11-17 11:40:07,lan/sala1/sensor/temp,22.52
2025-11-17 11:40:08,lan/sala2/sensor/temp,19.1
2025-11-17 11:40:08,lan/sala1/sensor/hum,22.21
2025-11-17 11:40:09,lan/sala1/sensor/temp,21.71
2025-11-17 11:40:10,lan/sala2/sensor/temp,28.77
2025-11-17 11:40:11,lan/sala1/sensor/hum,27.79
2025-11-17 11:40:11,lan/sala1/sensor/temp,26.56
2025-11-17 11:40:12,lan/sala2/sensor/temp,24.44
2025-11-17 11:40:12,lan/sala1/sensor/hum,20.83
2025-11-17 11:40:13,lan/sala1/sensor/temp,27.9
2025-11-17 11:40:14,lan/sala2/sensor/temp,23.0
2025-11-17 11:40:14,lan/sala1/sensor/hum,26.08
2025-11-17 11:40:15,lan/sala1/sensor/temp,27.29
2025-11-17 11:40:16,lan/sala2/sensor/temp,21.27
2025-11-17 11:40:16,lan/sala1/sensor/hum,20.81
2025-11-17 11:40:17,lan/sala1/sensor/temp,28.97
2025-11-17 11:40:18,lan/sala2/sensor/temp,23.42
2025-11-17 11:40:18,lan/sala1/sensor/hum,25.97
2025-11-17 11:40:19,lan/sala1/sensor/temp,18.66
2025-11-17 11:40:20,lan/sala2/sensor/temp,21.12
2025-11-17 11:40:20,lan/sala1/sensor/hum,29.7
2025-11-17 11:40:21,lan/sala1/sensor/temp,24.41
2025-11-17 11:40:22,lan/sala2/sensor/temp,25.99
2025-11-17 11:40:23,lan/sala1/sensor/hum,22.54
2025-11-17 11:40:23,lan/sala1/sensor/temp,25.49
2025-11-17 11:40:24,lan/sala2/sensor/temp,22.52
2025-11-17 11:40:25,lan/sala1/sensor/hum,29.12
2025-11-17 11:40:25,lan/sala1/sensor/temp,20.29
2025-11-17 11:40:26,lan/sala2/sensor/temp,21.71
2025-11-17 11:40:26,lan/sala1/sensor/hum,28.5
2025-11-17 11:40:27,lan/sala1/sensor/temp,19.44
2025-11-17 11:40:28,lan/sala2/sensor/temp,22.27
2025-11-17 11:40:28,lan/sala1/sensor/hum,25.88
2025-11-17 11:40:29,lan/sala1/sensor/temp,25.11
2025-11-17 11:40:30,lan/sala2/sensor/temp,26.53
2025-11-17 11:40:31,lan/sala1/sensor/hum,26.07
2025-11-17 11:40:31,lan/sala1/sensor/temp,18.7
2025-11-17 11:40:32,lan/sala2/sensor/temp,25.33
2025-11-17 11:40:33,lan/sala1/sensor/hum,18.76
2025-11-17 11:40:33,lan/sala1/sensor/temp,23.73
2025-11-17 11:40:34,lan/sala2/sensor/temp,22.45
2025-11-17 11:40:34,lan/sala1/sensor/hum,29.65
2025-11-17 11:40:35,lan/sala1/sensor/temp,21.72
2025-11-17 11:40:36,lan/sala2/sensor/temp,27.89
2025-11-17 11:40:37,lan/sala1/sensor/hum,20.26
2025-11-17 11:40:37,lan/sala1/sensor/temp,25.34
2025-11-17 11:40:38,lan/sala2/sensor/temp,23.36
2025-11-17 11:40:38,lan/sala1/sensor/hum,23.78
2025-11-17 11:40:39,lan/sala1/sensor/temp,21.12
2025-11-17 11:40:40,lan/sala2/sensor/temp,21.67
2025-11-17 11:40:40,lan/sala1/sensor/hum,21.95
2025-11-17 11:40:41,lan/sala1/sensor/temp,21.6
2025-11-17 11:40:42,lan/sala2/sensor/temp,29.16
2025-11-17 11:40:43,lan/sala1/sensor/hum,23.4
2025-11-17 11:40:43,lan/sala1/sensor/temp,23.21
2025-11-17 11:40:44,lan/sala2/sensor/temp,18.4
2025-11-17 11:40:45,lan/sala1/sensor/hum,18.13
2025-11-17 11:40:45,lan/sala1/sensor/temp,21.22
2025-11-17 11:40:46,lan/sala2/sensor/temp,24.26
2025-11-17 11:40:47,lan/sala1/sensor/hum,26.55
2025-11-17 11:40:47,lan/sala1/sensor/temp,29.95
2025-11-17 11:40:48,lan/sala2/sensor/temp,27.88
2025-11-17 11:40:49,lan/sala1/sensor/hum,19.47
2025-11-17 11:40:49,lan/sala1/sensor/temp,28.24
2025-11-17 11:40:50,lan/sala2/sensor/temp,20.17
2025-11-17 11:40:51,lan/sala1/sensor/hum,26.61
2025-11-17 11:40:51,lan/sala1/sensor/temp,21.26
2025-11-17 11:40:52,lan/sala2/sensor/temp,28.35
2025-11-17 11:40:53,lan/sala1/sensor/hum,20.96
2025-11-17 11:40:53,lan/sala1/sensor/temp,20.05
2025-11-17 11:40:54,lan/sala2/sensor/temp,22.91
2025-11-17 11:40:55,lan/sala1/sensor/hum,26.93
2025-11-17 11:40:55,lan/sala1/sensor/temp,24.95
2025-11-17 11:40:56,lan/sala2/sensor/temp,25.22
2025-11-17 11:40:57,lan/sala1/sensor/hum,23.71
2025-11-17 11:40:57,lan/sala1/sensor/temp,24.5
2025-11-17 11:40:58,lan/sala2/sensor/temp,21.21
2025-11-17 11:40:59,lan/sala1/sensor/hum,21.89
2025-11-17 11:40:59,lan/sala1/sensor/temp,23.28
2025-11-17 11:41:00,lan/sala2/sensor/temp,26.5
2025-11-17 11:41:01,lan/sala1/sensor/hum,24.05
2025-11-17 11:41:01,lan/sala1/sensor/temp,27.71
2025-11-17 11:41:02,lan/sala2/sensor/temp,24.46
2025-11-17 11:41:03,lan/sala1/sensor/hum,29.7
2025-11-17 11:41:03,lan/sala1/sensor/temp,20.3
2025-11-17 11:41:04,lan/sala2/sensor/temp,23.89
2025-11-17 11:41:05,lan/sala1/sensor/hum,23.19
2025-11-17 11:41:05,lan/sala1/sensor/temp,22.34
2025-11-17 11:41:06,lan/sala2/sensor/temp,24.09
2025-11-17 11:41:07,lan/sala1/sensor/hum,25.05
2025-11-17 11:41:07,lan/sala1/sensor/temp,26.51
2025-11-17 11:41:08,lan/sala2/sensor/temp,18.05
2025-11-17 11:41:09,lan/sala1/sensor/hum,22.67
2025-11-17 11:41:09,lan/sala1/sensor/temp,20.83
2025-11-17 11:41:10,lan/sala2/sensor/temp,18.09
2025-11-17 11:41:11,lan/sala1/sensor/hum,19.44
2025-11-17 11:41:11,lan/sala1/sensor/temp,21.55
2025-11-17 11:41:12,lan/sala2/sensor/temp,29.75
2025-11-17 11:41:13,lan/sala1/sensor/hum,27.7
2025-11-17 11:41:13,lan/sala1/sensor/temp,28.98
2025-11-17 11:41:14,lan/sala2/sensor/temp,24.63
2025-11-17 11:41:15,lan/sala1/sensor/hum,26.18
2025-11-17 11:41:15,lan/sala1/sensor/temp,21.1
2025-11-17 11:41:16,lan/sala2/sensor/temp,29.4
2025-11-17 11:41:17,lan/sala1/sensor/hum,28.35
2025-11-17 11:41:17,lan/sala1/sensor/temp,28.13
2025-11-17 11:41:18,lan/sala2/sensor/temp,22.17
2025-11-17 11:41:19,lan/sala1/sensor/hum,25.21
2025-11-17 11:41:19,lan/sala1/sensor/temp,29.53
2025-11-17 11:41:20,lan/sala2/sensor/temp,25.31
2025-11-17 11:41:21,lan/sala1/sensor/hum,19.63
2025-11-17 11:41:21,lan/sala1/sensor/temp,20.03
2025-11-17 11:41:22,lan/sala2/sensor/temp,28.15
2025-11-17 11:41:23,lan/sala1/sensor/hum,21.15
2025-11-17 11:41:23,lan/sala1/sensor/temp,25.17
2025-11-17 11:41:24,lan/sala2/sensor/temp,27.05
2025-11-17 11:41:25,lan/sala1/sensor/hum,29.05
2025-11-17 11:41:25,lan/sala1/sensor/temp,22.69
2025-11-17 11:41:26,lan/sala2/sensor/temp,23.02
2025-11-17 11:41:27,lan/sala1/sensor/hum,18.13
2025-11-17 11:41:27,lan/sala1/sensor/temp,22.28
2025-11-17 11:41:28,lan/sala2/sensor/temp,21.59
2025-11-17 11:41:29,lan/sala1/sensor/hum,29.05
2025-11-17 11:41:29,lan/sala1/sensor/temp,25.52
2025-11-17 11:41:30,lan/sala2/sensor/temp,26.86
2025-11-17 11:41:31,lan/sala1/sensor/hum,24.85
2025-11-17 11:41:31,lan/sala1/sensor/temp,27.6
2025-11-17 11:41:32,lan/sala2/sensor/temp,28.44
2025-11-17 11:41:33,lan/sala1/sensor/hum,26.86
2025-11-17 11:41:33,lan/sala1/sensor/temp,19.28
2025-11-17 11:41:34,lan/sala2/sensor/temp,21.06
2025-11-17 11:41:35,lan/sala1/sensor/hum,18.39
2025-11-17 11:41:35,lan/sala1/sensor/temp,21.57
2025-11-17 11:41:36,lan/sala2/sensor/temp,22.1
2025-11-17 11:41:37,lan/sala1/sensor/hum,19.18
2025-11-17 11:41:37,lan/sala1/sensor/temp,24.77
2025-11-17 11:41:38,lan/sala2/sensor/temp,21.33
2025-11-17 11:41:39,lan/sala1/sensor/hum,29.2
2025-11-17 11:41:39,lan/sala1/sensor/temp,22.13
2025-11-17 11:41:40,lan/sala2/sensor/temp,20.67
2025-11-17 11:41:41,lan/sala1/sensor/hum,29.37
2025-11-17 11:41:41,lan/sala1/sensor/temp,24.6
2025-11-17 11:41:42,lan/sala2/sensor/temp,29.79
2025-11-17 11:41:43,lan/sala1/sensor/hum,29.7
2025-11-17 11:41:43,lan/sala1/sensor/temp,24.11
2025-11-17 11:41:44,lan/sala2/sensor/temp,28.55
2025-11-17 11:41:45,lan/sala1/sensor/hum,23.6
2025-11-17 11:41:45,lan/sala1/sensor/temp,25.86
2025-11-17 11:41:46,lan/sala2/sensor/temp,26.81
2025-11-17 11:41:47,lan/sala1/sensor/hum,28.53
2025-11-17 11:41:47,lan/sala1/sensor/temp,21.64
2025-11-17 11:41:48,lan/sala2/sensor/temp,23.48
2025-11-17 11:41:49,lan/sala1/sensor/hum,18.64
2025-11-17 11:41:49,lan/sala1/sensor/temp,18.2
2025-11-17 11:41:50,lan/sala2/sensor/temp,25.7
2025-11-17 11:41:51,lan/sala1/sensor/hum,25.51
2025-11-17 11:41:51,lan/sala1/sensor/temp,20.76
2025-11-17 11:41:52,lan/sala2/sensor/temp,29.32
2025-11-17 11:41:53,lan/sala1/sensor/hum,22.5
2025-11-17 11:41:53,lan/sala1/sensor/temp,24.89
2025-11-17 11:41:54,lan/sala2/sensor/temp,21.68
2025-11-17 11:41:55,lan/sala1/sensor/hum,29.49
2025-11-17 11:41:55,lan/sala1/sensor/temp,23.23
2025-11-17 11:41:56,lan/sala2/sensor/temp,24.39
2025-11-17 11:41:57,lan/sala1/sensor/hum,26.42
2025-11-17 11:41:57,lan/sala1/sensor/temp,26.52
2025-11-17 11:41:58,lan/sala2/sensor/temp,24.61
2025-11-17 11:41:59,lan/sala1/sensor/hum,28.63
2025-11-17 11:41:59,lan/sala1/sensor/temp,20.31
2025-11-17 11:42:00,lan/sala2/sensor/temp,25.97
2025-11-17 11:42:01,lan/sala1/sensor/hum,21.44
2025-11-17 11:42:01,lan/sala1/sensor/temp,20.61
2025-11-17 11:42:02,lan/sala2/sensor/temp,19.65
2025-11-17 11:42:03,lan/sala1/sensor/hum,26.0
2025-11-17 11:42:03,lan/sala1/sensor/temp,28.22
2025-11-17 11:42:04,lan/sala2/sensor/temp,29.93
2025-11-17 11:42:05,lan/sala1/sensor/hum,22.94
2025-11-17 11:42:05,lan/sala1/sensor/temp,23.61
2025-11-17 11:42:06,lan/sala2/sensor/temp,19.74
2025-11-17 11:42:07,lan/sala1/sensor/hum,20.16
2025-11-17 11:42:07,lan/sala1/sensor/temp,23.9
2025-11-17 11:42:08,lan/sala2/sensor/temp,22.6
2025-11-17 11:42:09,lan/sala1/sensor/hum,25.46
2025-11-17 11:42:09,lan/sala1/sensor/temp,22.35
2025-11-17 11:42:10,lan/sala2/sensor/temp,24.62
2025-11-17 11:42:11,lan/sala1/sensor/hum,21.45
2025-11-17 11:42:11,lan/sala1/sensor/temp,21.67
2025-11-17 11:42:12,lan/sala2/sensor/temp,29.3
2025-11-17 11:42:13,lan/sala1/sensor/hum,22.06
2025-11-17 11:42:13,lan/sala1/sensor/temp,25.09
2025-11-17 11:42:14,lan/sala2/sensor/temp,21.32
2025-11-17 11:42:15,lan/sala1/sensor/hum,27.34
2025-11-17 11:42:15,lan/sala1/sensor/temp,25.82
2025-11-17 11:42:16,lan/sala2/sensor/temp,27.43
2025-11-17 11:42:17,lan/sala1/sensor/hum,29.97
2025-11-17 11:42:17,lan/sala1/sensor/temp,27.03
2025-11-17 11:42:18,lan/sala2/sensor/temp,21.64
2025-11-17 11:42:19,lan/sala1/sensor/hum,19.6
2025-11-17 11:42:19,lan/sala1/sensor/temp,25.41
2025-11-17 11:42:20,lan/sala2/sensor/temp,27.96
2025-11-17 11:42:21,lan/sala1/sensor/hum,22.55
2025-11-17 11:42:21,lan/sala1/sensor/temp,25.7
2025-11-17 11:42:22,lan/sala2/sensor/temp,28.77
2025-11-17 11:42:23,lan/sala1/sensor/hum,20.15
2025-11-17 11:42:23,lan/sala1/sensor/temp,23.35
2025-11-17 11:42:24,lan/sala2/sensor/temp,27.55
2025-11-17 11:42:25,lan/sala1/sensor/hum,29.49
2025-11-17 11:42:25,lan/sala1/sensor/temp,24.76
2025-11-17 11:42:26,lan/sala2/sensor/temp,23.71
2025-11-17 11:42:27,lan/sala1/sensor/hum,29.58
2025-11-17 11:42:27,lan/sala1/sensor/temp,25.89
2025-11-17 11:42:28,lan/sala2/sensor/temp,21.16
2025-11-17 11:42:29,lan/sala1/sensor/hum,19.87
2025-11-17 11:42:29,lan/sala1/sensor/temp,18.69
2025-11-17 11:42:30,lan/sala2/sensor/temp,29.07
2025-11-17 11:42:31,lan/sala1/sensor/hum,19.55
2025-11-17 11:42:31,lan/sala1/sensor/temp,19.86
2025-11-17 11:42:32,lan/sala2/sensor/temp,19.63
2025-11-17 11:42:33,lan/sala1/sensor/hum,21.78
2025-11-17 11:42:33,lan/sala1/sensor/temp,19.14
2025-11-17 11:42:34,lan/sala2/sensor/temp,22.54
2025-11-17 11:42:35,lan/sala1/sensor/hum,24.19
2025-11-17 11:42:35,lan/sala1/sensor/temp,21.75
2025-11-17 11:42:36,lan/sala2/sensor/temp,21.9
2025-11-17 11:42:37,lan/sala1/sensor/hum,22.08
2025-11-17 11:42:37,lan/sala1/sensor/temp,22.83
2025-11-17 11:42:38,lan/sala2/sensor/temp,27.16
2025-11-17 11:42:39,lan/sala1/sensor/hum,27.85
2025-11-17 11:42:39,lan/sala1/sensor/temp,21.45
2025-11-17 11:42:40,lan/sala2/sensor/temp,19.11
2025-11-17 11:42:41,lan/sala1/sensor/hum,24.81
2025-11-17 11:42:41,lan/sala1/sensor/temp,28.23
2025-11-17 11:42:42,lan/sala2/sensor/temp,18.7
2025-11-17 11:42:43,lan/sala1/sensor/hum,19.83
2025-11-17 11:42:43,lan/sala1/sensor/temp,28.89
2025-11-17 11:42:44,lan/sala2/sensor/temp,26.89
2025-11-17 11:42:45,lan/sala1/sensor/hum,22.87
2025-11-17 11:42:45,lan/sala1/sensor/temp,20.93
2025-11-17 11:42:46,lan/sala2/sensor/temp,19.24
2025-11-17 11:42:47,lan/sala1/sensor/hum,29.56
2025-11-17 11:42:47,lan/sala1/sensor/temp,19.99
2025-11-17 11:42:48,lan/sala2/sensor/temp,23.97
2025-11-17 11:42:49,lan/sala1/sensor/hum,26.1
2025-11-17 11:42:49,lan/sala1/sensor/temp,20.99
2025-11-17 11:42:50,lan/sala2/sensor/temp,19.0
2025-11-17 11:42:51,lan/sala1/sensor/hum,29.43
2025-11-17 11:42:51,lan/sala1/sensor/temp,19.46
2025-11-17 11:42:52,lan/sala2/sensor/temp,25.55
2025-11-17 11:42:53,lan/sala1/sensor/hum,21.07
2025-11-17 11:42:53,lan/sala1/sensor/temp,29.99
2025-11-17 11:42:54,lan/sala2/sensor/temp,20.86
2025-11-17 11:42:55,lan/sala1/sensor/hum,27.41
2025-11-17 11:42:55,lan/sala1/sensor/temp,28.69
2025-11-17 11:42:56,lan/sala2/sensor/temp,23.43
2025-11-17 11:42:57,lan/sala1/sensor/hum,28.09
2025-11-17 11:42:57,lan/sala1/sensor/temp,27.13
2025-11-17 11:42:58,lan/sala2/sensor/temp,27.6
2025-11-17 11:42:59,lan/sala1/sensor/hum,27.6
2025-11-17 11:42:59,lan/sala1/sensor/temp,26.81
2025-11-17 11:43:00,lan/sala2/sensor/temp,27.67
2025-11-17 11:43:01,lan/sala1/sensor/hum,24.72
2025-11-17 11:43:01,lan/sala1/sensor/temp,27.93
2025-11-17 11:43:02,lan/sala2/sensor/temp,24.95
2025-11-17 11:43:03,lan/sala1/sensor/hum,27.7
2025-11-17 11:43:03,lan/sala1/sensor/temp,19.81
2025-11-17 11:43:04,lan/sala2/sensor/temp,19.4
2025-11-17 11:43:05,lan/sala1/sensor/hum,25.07
2025-11-17 11:43:05,lan/sala1/sensor/temp,21.83
2025-11-17 11:43:06,lan/sala2/sensor/temp,27.95
2025-11-17 11:43:07,lan/sala1/sensor/hum,23.31
2025-11-17 11:43:07,lan/sala1/sensor/temp,18.59
2025-11-17 11:43:08,lan/sala2/sensor/temp,24.17
2025-11-17 11:43:09,lan/sala1/sensor/hum,20.33
2025-11-17 11:43:09,lan/sala1/sensor/temp,21.58
2025-11-17 11:43:10,lan/sala2/sensor/temp,19.25
2025-11-17 11:43:11,lan/sala1/sensor/hum,22.98
2025-11-17 11:43:11,lan/sala1/sensor/temp,22.99
2025-11-17 11:43:12,lan/sala2/sensor/temp,20.0
2025-11-17 11:43:13,lan/sala1/sensor/hum,23.76
2025-11-17 11:43:13,lan/sala1/sensor/temp,29.61
2025-11-17 11:43:14,lan/sala2/sensor/temp,20.63
2025-11-17 11:43:15,lan/sala1/sensor/hum,28.39
2025-11-17 11:43:15,lan/sala1/sensor/temp,22.07
2025-11-17 11:43:16,lan/sala2/sensor/temp,21.7
2025-11-17 11:43:17,lan/sala1/sensor/hum,20.64
2025-11-17 11:43:17,lan/sala1/sensor/temp,27.24
2025-11-17 11:43:18,lan/sala2/sensor/temp,28.43
2025-11-17 11:43:19,lan/sala1/sensor/hum,26.92
2025-11-17 11:43:19,lan/sala1/sensor/temp,26.9
2025-11-17 11:43:20,lan/sala2/sensor/temp,22.97
2025-11-17 11:43:21,lan/sala1/sensor/hum,21.83
2025-11-17 11:43:21,lan/sala1/sensor/temp,19.64
2025-11-17 11:43:22,lan/sala2/sensor/temp,26.01
2025-11-17 11:43:23,lan/sala1/sensor/hum,21.22
2025-11-17 11:43:23,lan/sala1/sensor/temp,27.73
2025-11-17 11:43:24,lan/sala2/sensor/temp,29.38
2025-11-17 11:43:25,lan/sala1/sensor/hum,21.21
2025-11-17 11:43:25,lan/sala1/sensor/temp,23.18
2025-11-17 11:43:26,lan/sala2/sensor/temp,29.78
2025-11-17 11:43:27,lan/sala1/sensor/hum,19.82
2025-11-17 11:43:27,lan/sala1/sensor/temp,24.78
2025-11-17 11:43:28,lan/sala2/sensor/temp,20.74
2025-11-17 11:43:29,lan/sala1/sensor/hum,22.64
2025-11-17 11:43:29,lan/sala1/sensor/temp,29.06
2025-11-17 11:43:30,lan/sala2/sensor/temp,27.42
2025-11-17 11:43:31,lan/sala1/sensor/hum,27.82
2025-11-17 11:43:31,lan/sala1/sensor/temp,22.66
2025-11-17 11:43:32,lan/sala2/sensor/temp,25.06
2025-11-17 11:43:33,lan/sala1/sensor/hum,21.47
2025-11-17 11:43:33,lan/sala1/sensor/temp,22.05
2025-11-17 11:43:34,lan/sala2/sensor/temp,24.93
2025-11-17 11:43:35,lan/sala1/sensor/hum,26.42
2025-11-17 11:43:35,lan/sala1/sensor/temp,19.43
2025-11-17 11:43:36,lan/sala2/sensor/temp,22.47
2025-11-17 11:43:37,lan/sala1/sensor/hum,22.63
2025-11-17 11:43:37,lan/sala1/sensor/temp,27.36
2025-11-17 11:43:38,lan/sala2/sensor/temp,20.31
2025-11-17 11:43:39,lan/sala1/sensor/hum,27.78
2025-11-17 11:43:39,lan/sala1/sensor/temp,25.29
2025-11-17 11:43:40,lan/sala2/sensor/temp,28.13
2025-11-17 11:43:41,lan/sala1/sensor/hum,28.11
2025-11-17 11:43:41,lan/sala1/sensor/temp,18.94
2025-11-17 11:43:42,lan/sala2/sensor/temp,28.29
2025-11-17 11:43:43,lan/sala1/sensor/hum,18.9
2025-11-17 11:43:43,lan/sala1/sensor/temp,24.67
2025-11-17 11:43:44,lan/sala2/sensor/temp,29.9
2025-11-17 11:43:45,lan/sala1/sensor/hum,29.76
2025-11-17 11:43:45,lan/sala1/sensor/temp,29.04
2025-11-17 11:43:46,lan/sala2/sensor/temp,20.73
2025-11-17 11:43:47,lan/sala1/sensor/hum,21.37
2025-11-17 11:43:47,lan/sala1/sensor/temp,25.98
2025-11-17 11:43:48,lan/sala2/sensor/temp,28.61
2025-11-17 11:43:49,lan/sala1/sensor/hum,20.56
2025-11-17 11:43:49,lan/sala1/sensor/temp,20.81
2025-11-17 11:43:50,lan/sala2/sensor/temp,25.06
2025-11-17 11:43:51,lan/sala1/sensor/hum,23.07
2025-11-17 11:43:51,lan/sala1/sensor/temp,22.96
2025-11-17 11:43:52,lan/sala2/sensor/temp,29.45
2025-11-17 11:43:53,lan/sala1/sensor/hum,27.16
2025-11-17 11:43:53,lan/sala1/sensor/temp,24.12
2025-11-17 11:43:54,lan/sala2/sensor/temp,22.69
2025-11-17 11:43:55,lan/sala1/sensor/hum,27.42
2025-11-17 11:43:55,lan/sala1/sensor/temp,29.39
2025-11-17 11:43:56,lan/sala2/sensor/temp,18.79
2025-11-17 11:43:57,lan/sala1/sensor/hum,26.87
2025-11-17 11:43:57,lan/sala1/sensor/temp,26.87
2025-11-17 11:43:58,lan/sala2/sensor/temp,27.7
2025-11-17 11:43:59,lan/sala1/sensor/hum,21.91
2025-11-17 11:43:59,lan/sala1/sensor/temp,19.91
2025-11-17 11:44:00,lan/sala2/sensor/temp,27.82
2025-11-17 11:44:01,lan/sala1/sensor/hum,27.73
2025-11-17 11:44:01,lan/sala1/sensor/temp,26.96
2025-11-17 11:44:02,lan/sala2/sensor/temp,26.96
2025-11-17 11:44:03,lan/sala1/sensor/hum,19.46
2025-11-17 11:44:03,lan/sala1/sensor/temp,26.67
2025-11-17 11:44:04,lan/sala2/sensor/temp,21.2
2025-11-17 11:44:05,lan/sala1/sensor/hum,29.13
2025-11-17 11:44:05,lan/sala1/sensor/temp,21.65
2025-11-17 11:44:06,lan/sala2/sensor/temp,27.04
2025-11-17 11:44:07,lan/sala1/sensor/hum,20.96
2025-11-17 11:44:07,lan/sala1/sensor/temp,25.46
2025-11-17 11:44:08,lan/sala2/sensor/temp,19.97
2025-11-17 11:44:09,lan/sala1/sensor/hum,18.05
2025-11-17 11:44:09,lan/sala1/sensor/temp,22.68
2025-11-17 11:44:10,lan/sala2/sensor/temp,21.39
2025-11-17 11:44:11,lan/sala1/sensor/hum,24.05
2025-11-17 11:44:11,lan/sala1/sensor/temp,29.45
2025-11-17 11:44:12,lan/sala2/sensor/temp,19.87
2025-11-17 11:44:13,lan/sala1/sensor/hum,26.13
2025-11-17 11:44:13,lan/sala1/sensor/temp,24.64
2025-11-17 11:44:14,lan/sala2/sensor/temp,18.97
2025-11-17 11:44:15,lan/sala1/sensor/hum,29.52
2025-11-17 11:44:15,lan/sala1/sensor/temp,22.33
2025-11-17 11:44:16,lan/sala2/sensor/temp,23.63
2025-11-17 11:44:17,lan/sala1/sensor/hum,21.61
2025-11-17 11:44:17,lan/sala1/sensor/temp,27.16
2025-11-17 11:44:19,lan/sala2/sensor/temp,23.02
2025-11-17 11:44:19,lan/sala1/sensor/hum,22.98
2025-11-17 11:44:19,lan/sala1/sensor/temp,23.41
2025-11-17 11:44:20,lan/sala2/sensor/temp,18.13
2025-11-17 11:44:21,lan/sala1/sensor/hum,19.98
2025-11-17 11:44:21,lan/sala1/sensor/temp,29.94
2025-11-17 11:44:22,lan/sala2/sensor/temp,19.25
2025-11-17 11:44:23,lan/sala1/sensor/hum,23.33
2025-11-17 11:44:23,lan/sala1/sensor/temp,21.94
2025-11-17 11:44:26,lan/sala2/sensor/temp,22.8
2025-11-17 11:44:26,lan/sala1/sensor/hum,21.5
2025-11-17 11:44:26,lan/sala1/sensor/temp,27.75
2025-11-17 11:44:26,lan/sala2/sensor/temp,27.82
2025-11-17 11:44:27,lan/sala1/sensor/hum,21.79
2025-11-17 11:44:27,lan/sala1/sensor/temp,20.67
2025-11-17 11:44:28,lan/sala2/sensor/temp,20.87
2025-11-17 11:44:29,lan/sala1/sensor/hum,26.16
2025-11-17 11:44:29,lan/sala1/sensor/temp,19.16
2025-11-17 11:44:30,lan/sala2/sensor/temp,28.95
2025-11-17 11:44:31,lan/sala1/sensor/hum,25.81
2025-11-17 11:44:31,lan/sala1/sensor/temp,20.98
2025-11-17 11:44:32,lan/sala2/sensor/temp,19.68
2025-11-17 11:44:33,lan/sala1/sensor/hum,29.35
2025-11-17 11:44:33,lan/sala1/sensor/temp,19.55
2025-11-17 11:44:34,lan/sala2/sensor/temp,18.94
2025-11-17 11:44:35,lan/sala1/sensor/hum,20.68
2025-11-17 11:44:35,lan/sala1/sensor/temp,22.68
2025-11-17 11:44:36,lan/sala2/sensor/temp,25.19
2025-11-17 11:44:37,lan/sala1/sensor/hum,28.04
2025-11-17 11:44:37,lan/sala1/sensor/temp,22.06
2025-11-17 11:44:38,lan/sala2/sensor/temp,20.72
2025-11-17 11:44:39,lan/sala1/sensor/hum,23.54
2025-11-17 11:44:39,lan/sala1/sensor/temp,24.76
2025-11-17 11:44:40,lan/sala2/sensor/temp,26.99
2025-11-17 11:44:41,lan/sala1/sensor/hum,26.49
2025-11-17 11:44:41,lan/sala1/sensor/temp,20.19
2025-11-17 11:44:42,lan/sala2/sensor/temp,25.12
2025-11-17 11:44:43,lan/sala1/sensor/hum,25.97
2025-11-17 11:44:43,lan/sala1/sensor/temp,20.22
2025-11-17 11:44:44,lan/sala2/sensor/temp,29.8
2025-11-17 11:44:45,lan/sala1/sensor/hum,24.32
2025-11-17 11:44:45,lan/sala1/sensor/temp,24.52
2025-11-17 11:44:46,lan/sala2/sensor/temp,18.25
2025-11-17 11:44:47,lan/sala1/sensor/hum,24.99
2025-11-17 11:44:47,lan/sala1/sensor/temp,25.94
2025-11-17 11:44:48,lan/sala2/sensor/temp,28.82
2025-11-17 11:44:49,lan/sala1/sensor/hum,23.39
2025-11-17 11:44:49,lan/sala1/sensor/temp,21.08
2025-11-17 11:44:50,lan/sala2/sensor/temp,25.53
2025-11-17 11:44:51,lan/sala1/sensor/hum,27.26
2025-11-17 11:44:51,lan/sala1/sensor/temp,20.8
2025-11-17 11:44:52,lan/sala2/sensor/temp,27.42
2025-11-17 11:44:53,lan/sala1/sensor/hum,18.58
2025-11-17 11:44:53,lan/sala1/sensor/temp,21.83
2025-11-17 11:44:54,lan/sala2/sensor/temp,25.84
2025-11-17 11:44:55,lan/sala1/sensor/hum,22.4
2025-11-17 11:44:55,lan/sala1/sensor/temp,20.69
2025-11-17 11:44:56,lan/sala2/sensor/temp,23.1
2025-11-17 11:44:57,lan/sala1/sensor/hum,19.47
2025-11-17 11:44:57,lan/sala1/sensor/temp,29.9
2025-11-17 11:44:58,lan/sala2/sensor/temp,22.51
2025-11-17 11:44:59,lan/sala1/sensor/hum,21.01
2025-11-17 11:44:59,lan/sala1/sensor/temp,23.26
2025-11-17 11:45:00,lan/sala2/sensor/temp,26.2
2025-11-17 11:45:01,lan/sala1/sensor/hum,22.43
2025-11-17 11:45:01,lan/sala1/sensor/temp,26.91
2025-11-17 11:45:02,lan/sala2/sensor/temp,24.51
2025-11-17 11:45:03,lan/sala1/sensor/hum,29.57
2025-11-17 11:45:03,lan/sala1/sensor/temp,29.7
2025-11-17 11:45:04,lan/sala2/sensor/temp,18.22
2025-11-17 11:45:05,lan/sala1/sensor/hum,25.45
2025-11-17 11:45:05,lan/sala1/sensor/temp,21.07
2025-11-17 11:45:06,lan/sala2/sensor/temp,26.24
2025-11-17 11:45:07,lan/sala1/sensor/hum,19.15
2025-11-17 11:45:07,lan/sala1/sensor/temp,23.3
2025-11-17 11:45:08,lan/sala2/sensor/temp,25.35
2025-11-17 11:45:09,lan/sala1/sensor/hum,27.76
2025-11-17 11:45:09,lan/sala1/sensor/temp,27.2
2025-11-17 11:45:10,lan/sala2/sensor/temp,22.85
2025-11-17 11:45:11,lan/sala1/sensor/hum,24.39
2025-11-17 11:45:11,lan/sala1/sensor/temp,29.67
2025-11-17 11:45:12,lan/sala2/sensor/temp,19.74
2025-11-17 11:45:13,lan/sala1/sensor/hum,26.18
2025-11-17 11:45:13,lan/sala1/sensor/temp,18.84
2025-11-17 11:45:14,lan/sala2/sensor/temp,27.94
2025-11-17 11:45:15,lan/sala1/sensor/hum,18.94
2025-11-17 11:45:15,lan/sala1/sensor/temp,25.77
2025-11-17 11:45:16,lan/sala2/sensor/temp,29.58
2025-11-17 11:45:17,lan/sala1/sensor/hum,24.43
2025-11-17 11:45:17,lan/sala1/sensor/temp,23.97
2025-11-17 11:45:18,lan/sala2/sensor/temp,22.11
2025-11-17 11:45:19,lan/sala1/sensor/hum,20.38
2025-11-17 11:45:19,lan/sala1/sensor/temp,24.08
2025-11-17 11:45:20,lan/sala2/sensor/temp,27.42
2025-11-17 11:45:21,lan/sala1/sensor/hum,20.44
2025-11-17 11:45:21,lan/sala1/sensor/temp,19.29
2025-11-17 11:45:22,lan/sala2/sensor/temp,24.14
2025-11-17 11:45:23,lan/sala1/sensor/hum,23.63
2025-11-17 11:45:23,lan/sala1/sensor/temp,18.8
2025-11-17 11:45:24,lan/sala2/sensor/temp,19.63
2025-11-17 11:45:25,lan/sala1/sensor/hum,24.25
2025-11-17 11:45:25,lan/sala1/sensor/temp,26.69
2025-11-17 11:45:26,lan/sala2/sensor/temp,20.22
2025-11-17 11:45:27,lan/sala1/sensor/hum,27.59
2025-11-17 11:45:27,lan/sala1/sensor/temp,27.71
2025-11-17 11:45:28,lan/sala2/sensor/temp,22.42
2025-11-17 11:45:29,lan/sala1/sensor/hum,26.25
2025-11-17 11:45:29,lan/sala1/sensor/temp,23.74
2025-11-17 11:45:30,lan/sala2/sensor/temp,19.53
2025-11-17 11:45:31,lan/sala1/sensor/hum,20.1
2025-11-17 11:45:31,lan/sala1/sensor/temp,27.91
2025-11-17 11:45:32,lan/sala2/sensor/temp,20.76
2025-11-17 11:45:33,lan/sala1/sensor/hum,25.93
2025-11-17 11:45:33,lan/sala1/sensor/temp,24.86
2025-11-17 11:45:34,lan/sala2/sensor/temp,23.35
2025-11-17 11:45:35,lan/sala1/sensor/hum,22.42
2025-11-17 11:45:35,lan/sala1/sensor/temp,23.17
2025-11-17 11:45:36,lan/sala2/sensor/temp,26.9
2025-11-17 11:45:37,lan/sala1/sensor/hum,26.58
2025-11-17 11:45:37,lan/sala1/sensor/temp,20.5
2025-11-17 11:45:38,lan/sala2/sensor/temp,24.13
2025-11-17 11:45:39,lan/sala1/sensor/hum,26.45
2025-11-17 11:45:39,lan/sala1/sensor/temp,26.19
2025-11-17 11:45:40,lan/sala2/sensor/temp,25.88
2025-11-17 11:45:41,lan/sala1/sensor/hum,21.9
2025-11-17 11:45:41,lan/sala1/sensor/temp,28.72
2025-11-17 11:45:42,lan/sala2/sensor/temp,28.58
2025-11-17 11:45:43,lan/sala1/sensor/hum,26.09
2025-11-17 11:45:43,lan/sala1/sensor/temp,28.01
2025-11-17 11:45:44,lan/sala2/sensor/temp,21.6
2025-11-17 11:45:45,lan/sala1/sensor/hum,29.23
2025-11-17 11:45:45,lan/sala1/sensor/temp,24.09
2025-11-17 11:45:46,lan/sala2/sensor/temp,27.6
2025-11-17 11:45:47,lan/sala1/sensor/hum,25.09
2025-11-17 11:45:47,lan/sala1/sensor/temp,23.48
2025-11-17 11:45:48,lan/sala2/sensor/temp,24.05
2025-11-17 11:45:49,lan/sala1/sensor/hum,29.22
2025-11-17 11:45:49,lan/sala1/sensor/temp,18.45
2025-11-17 11:45:50,lan/sala2/sensor/temp,23.79
2025-11-17 11:45:51,lan/sala1/sensor/hum,25.95
2025-11-17 11:45:51,lan/sala1/sensor/temp,24.48
2025-11-17 11:45:52,lan/sala2/sensor/temp,19.4
2025-11-17 11:45:53,lan/sala1/sensor/hum,18.33
2025-11-17 11:45:53,lan/sala1/sensor/temp,29.26
2025-11-17 11:45:54,lan/sala2/sensor/temp,24.21
2025-11-17 11:45:55,lan/sala1/sensor/hum,24.84
2025-11-17 11:45:55,lan/sala1/sensor/temp,28.31
2025-11-17 11:45:56,lan/sala2/sensor/temp,24.09
2025-11-17 11:45:57,lan/sala1/sensor/hum,24.23
2025-11-17 11:45:57,lan/sala1/sensor/temp,22.48
2025-11-17 11:45:58,lan/sala2/sensor/temp,26.7
2025-11-17 11:45:59,lan/sala1/sensor/hum,26.15
2025-11-17 11:45:59,lan/sala1/sensor/temp,18.14
2025-11-17 11:46:00,lan/sala2/sensor/temp,24.51
2025-11-17 11:46:01,lan/sala1/sensor/hum,26.07
2025-11-17 11:46:01,lan/sala1/sensor/temp,25.91
2025-11-17 11:46:02,lan/sala2/sensor/temp,26.07
2025-11-17 11:46:03,lan/sala1/sensor/hum,25.14
2025-11-17 11:46:03,lan/sala1/sensor/temp,21.78
2025-11-17 11:46:04,lan/sala2/sensor/temp,19.91
2025-11-17 11:46:05,lan/sala1/sensor/hum,27.29
2025-11-17 11:46:05,lan/sala1/sensor/temp,26.46
2025-11-17 11:46:06,lan/sala2/sensor/temp,28.1
2025-11-17 11:46:07,lan/sala1/sensor/hum,29.07
2025-11-17 11:46:07,lan/sala1/sensor/temp,23.97
2025-11-17 11:46:08,lan/sala2/sensor/temp,18.56
2025-11-17 11:46:09,lan/sala1/sensor/hum,27.59
2025-11-17 11:46:09,lan/sala1/sensor/temp,21.16
2025-11-17 11:46:10,lan/sala2/sensor/temp,29.89
2025-11-17 11:46:11,lan/sala1/sensor/hum,23.63
2025-11-17 11:46:11,lan/sala1/sensor/temp,18.53
2025-11-17 11:46:12,lan/sala2/sensor/temp,28.71
2025-11-17 11:46:13,lan/sala1/sensor/hum,26.67
2025-11-17 11:46:13,lan/sala1/sensor/temp,23.9
2025-11-17 11:46:14,lan/sala2/sensor/temp,19.19
2025-11-17 11:46:15,lan/sala1/sensor/hum,27.85
2025-11-17 11:46:15,lan/sala1/sensor/temp,25.16
2025-11-17 11:46:16,lan/sala2/sensor/temp,27.4
2025-11-17 11:46:17,lan/sala1/sensor/hum,28.46
2025-11-17 11:46:17,lan/sala1/sensor/temp,24.7
2025-11-17 11:46:18,lan/sala2/sensor/temp,26.54
2025-11-17 11:46:19,lan/sala1/sensor/hum,29.87
2025-11-17 11:46:19,lan/sala1/sensor/temp,24.52
2025-11-17 11:46:20,lan/sala2/sensor/temp,21.12
2025-11-17 11:46:21,lan/sala1/sensor/hum,23.8
2025-11-17 11:46:21,lan/sala1/sensor/temp,22.7
2025-11-17 11:46:22,lan/sala2/sensor/temp,26.38
2025-11-17 11:46:23,lan/sala1/sensor/hum,25.89
2025-11-17 11:46:23,lan/sala1/sensor/temp,19.42
2025-11-17 11:46:24,lan/sala2/sensor/temp,23.27
2025-11-17 11:46:25,lan/sala1/sensor/hum,25.75
2025-11-17 11:46:25,lan/sala1/sensor/temp,21.19
2025-11-17 11:46:26,lan/sala2/sensor/temp,29.38
2025-11-17 11:46:27,lan/sala1/sensor/hum,21.99
2025-11-17 11:46:27,lan/sala1/sensor/temp,28.56
2025-11-17 11:46:28,lan/sala2/sensor/temp,18.72
2025-11-17 11:46:29,lan/sala1/sensor/hum,27.31
2025-11-17 11:46:29,lan/sala1/sensor/temp,20.54
2025-11-17 11:46:30,lan/sala2/sensor/temp,26.86
2025-11-17 11:46:31,lan/sala1/sensor/hum,23.03
2025-11-17 11:46:31,lan/sala1/sensor/temp,21.4
2025-11-17 11:46:32,lan/sala2/sensor/temp,27.12
2025-11-17 11:46:33,lan/sala1/sensor/hum,28.2
2025-11-17 11:46:33,lan/sala1/sensor/temp,27.96
2025-11-17 11:46:34,lan/sala2/sensor/temp,23.54
2025-11-17 11:46:35,lan/sala1/sensor/hum,24.69
2025-11-17 11:46:35,lan/sala1/sensor/temp,24.98
2025-11-17 11:46:36,lan/sala2/sensor/temp,27.54
2025-11-17 11:46:37,lan/sala1/sensor/hum,20.81
2025-11-17 11:46:37,lan/sala1/sensor/temp,27.82
2025-11-17 11:46:38,lan/sala2/sensor/temp,24.82
2025-11-17 11:46:39,lan/sala1/sensor/hum,26.38
2025-11-17 11:46:39,lan/sala1/sensor/temp,18.46
2025-11-17 11:46:40,lan/sala2/sensor/temp,27.23
2025-11-17 11:46:41,lan/sala1/sensor/hum,21.95
2025-11-17 11:46:41,lan/sala1/sensor/temp,28.27
2025-11-17 11:46:42,lan/sala2/sensor/temp,22.92
2025-11-17 11:46:43,lan/sala1/sensor/hum,21.19
2025-11-17 11:46:43,lan/sala1/sensor/temp,22.94
2025-11-17 11:46:44,lan/sala2/sensor/temp,29.11
2025-11-17 11:46:45,lan/sala1/sensor/hum,21.67
2025-11-17 11:46:45,lan/sala1/sensor/temp,20.88
2025-11-17 11:46:46,lan/sala2/sensor/temp,26.11
2025-11-17 11:46:47,lan/sala1/sensor/hum,22.6
2025-11-17 11:46:47,lan/sala1/sensor/temp,21.71
2025-11-17 11:46:48,lan/sala2/sensor/temp,24.69
2025-11-17 11:46:49,lan/sala1/sensor/hum,21.03
2025-11-17 11:46:49,lan/sala1/sensor/temp,19.35
2025-11-17 11:46:50,lan/sala2/sensor/temp,22.68
2025-11-17 11:46:51,lan/sala1/sensor/hum,19.4
2025-11-17 11:46:51,lan/sala1/sensor/temp,26.52
2025-11-17 11:46:52,lan/sala2/sensor/temp,22.34
2025-11-17 11:46:53,lan/sala1/sensor/hum,22.87
2025-11-17 11:46:53,lan/sala1/sensor/temp,23.92
2025-11-17 11:46:54,lan/sala2/sensor/temp,29.31
2025-11-17 11:46:55,lan/sala1/sensor/hum,18.7
2025-11-17 11:46:55,lan/sala1/sensor/temp,21.63
2025-11-17 11:46:56,lan/sala2/sensor/temp,19.76
2025-11-17 11:46:57,lan/sala1/sensor/hum,26.3
2025-11-17 11:46:57,lan/sala1/sensor/temp,27.9
2025-11-17 11:46:58,lan/sala2/sensor/temp,29.86
2025-11-17 11:46:59,lan/sala1/sensor/hum,28.8
2025-11-17 11:46:59,lan/sala1/sensor/temp,27.61
2025-11-17 11:47:00,lan/sala2/sensor/temp,28.54
2025-11-17 11:47:01,lan/sala1/sensor/hum,24.8
2025-11-17 11:47:01,lan/sala1/sensor/temp,23.67
2025-11-17 11:47:02,lan/sala2/sensor/temp,29.26
2025-11-17 11:47:03,lan/sala1/sensor/hum,26.54
2025-11-17 11:47:03,lan/sala1/sensor/temp,29.21
2025-11-17 11:47:04,lan/sala2/sensor/temp,25.21
2025-11-17 11:47:05,lan/sala1/sensor/hum,24.22
2025-11-17 11:47:05,lan/sala1/sensor/temp,25.86
2025-11-17 11:47:06,lan/sala2/sensor/temp,26.77
2025-11-17 11:47:07,lan/sala1/sensor/hum,18.56
2025-11-17 11:47:07,lan/sala1/sensor/temp,19.47
2025-11-17 11:47:08,lan/sala2/sensor/temp,25.61
2025-11-17 11:47:09,lan/sala1/sensor/hum,29.35
2025-11-17 11:47:09,lan/sala1/sensor/temp,27.65
2025-11-17 11:47:10,lan/sala2/sensor/temp,21.17
2025-11-17 11:47:11,lan/sala1/sensor/hum,28.09
2025-11-17 11:47:11,lan/sala1/sensor/temp,20.16
2025-11-17 11:47:12,lan/sala2/sensor/temp,19.49
2025-11-17 11:47:13,lan/sala1/sensor/hum,22.21
2025-11-17 11:47:13,lan/sala1/sensor/temp,23.08
2025-11-17 11:47:14,lan/sala2/sensor/temp,27.22
2025-11-17 11:47:15,lan/sala1/sensor/hum,19.02
2025-11-17 11:47:15,lan/sala1/sensor/temp,18.27
2025-11-17 11:47:16,lan/sala2/sensor/temp,27.89
2025-11-17 11:47:17,lan/sala1/sensor/hum,19.79
2025-11-17 11:47:17,lan/sala1/sensor/temp,21.16
2025-11-17 11:47:18,lan/sala2/sensor/temp,28.88
2025-11-17 11:47:19,lan/sala1/sensor/hum,29.71
2025-11-17 11:47:19,lan/sala1/sensor/temp,23.66
2025-11-17 11:47:20,lan/sala2/sensor/temp,29.54
2025-11-17 11:47:21,lan/sala1/sensor/hum,20.55
2025-11-17 11:47:21,lan/sala1/sensor/temp,18.73
2025-11-17 11:47:22,lan/sala2/sensor/temp,19.79
2025-11-17 11:47:23,lan/sala1/sensor/hum,26.5
2025-11-17 11:47:23,lan/sala1/sensor/temp,18.75
2025-11-17 11:47:24,lan/sala2/sensor/temp,29.23
2025-11-17 11:47:25,lan/sala1/sensor/hum,19.0
2025-11-17 11:47:25,lan/sala1/sensor/temp,26.29
2025-11-17 11:47:26,lan/sala2/sensor/temp,24.49
2025-11-17 11:47:27,lan/sala1/sensor/hum,26.76
2025-11-17 11:47:27,lan/sala1/sensor/temp,19.09
2025-11-17 11:47:28,lan/sala2/sensor/temp,18.46
2025-11-17 11:47:29,lan/sala1/sensor/hum,23.18
2025-11-17 11:47:29,lan/sala1/sensor/temp,27.66
2025-11-17 11:47:30,lan/sala2/sensor/temp,23.51
2025-11-17 11:47:31,lan/sala1/sensor/hum,19.76
2025-11-17 11:47:31,lan/sala1/sensor/temp,29.31
2025-11-17 11:47:32,lan/sala2/sensor/temp,25.99
2025-11-17 11:47:33,lan/sala1/sensor/hum,20.99
2025-11-17 11:47:33,lan/sala1/sensor/temp,24.36
2025-11-17 11:47:34,lan/sala2/sensor/temp,28.77
2025-11-17 11:47:35,lan/sala1/sensor/hum,20.43
2025-11-17 11:47:35,lan/sala1/sensor/temp,18.36
2025-11-17 11:47:36,lan/sala2/sensor/temp,19.33
2025-11-17 11:47:37,lan/sala1/sensor/hum,29.29
2025-11-17 11:47:37,lan/sala1/sensor/temp,20.96
2025-11-17 11:47:38,lan/sala2/sensor/temp,26.59
2025-11-17 11:47:39,lan/sala1/sensor/hum,28.97
2025-11-17 11:47:39,lan/sala1/sensor/temp,20.26
2025-11-17 11:47:40,lan/sala2/sensor/temp,29.15
2025-11-17 11:47:41,lan/sala1/sensor/hum,22.41
2025-11-17 11:47:41,lan/sala1/sensor/temp,20.24
2025-11-17 11:47:42,lan/sala2/sensor/temp,23.25
2025-11-17 11:47:43,lan/sala1/sensor/hum,22.18
2025-11-17 11:47:43,lan/sala1/sensor/temp,27.63
2025-11-17 11:47:44,lan/sala2/sensor/temp,20.88
2025-11-17 11:47:45,lan/sala1/sensor/hum,18.16
2025-11-17 11:47:45,lan/sala1/sensor/temp,28.8
2025-11-17 11:47:46,lan/sala2/sensor/temp,21.17
2025-11-17 11:47:47,lan/sala1/sensor/hum,25.12
2025-11-17 11:47:47,lan/sala1/sensor/temp,23.93
2025-11-17 11:47:48,lan/sala2/sensor/temp,26.45
2025-11-17 11:47:49,lan/sala1/sensor/hum,18.59
2025-11-17 11:47:49,lan/sala1/sensor/temp,28.17
2025-11-17 11:47:50,lan/sala2/sensor/temp,20.7
2025-11-17 11:47:51,lan/sala1/sensor/hum,25.4
2025-11-17 11:47:51,lan/sala1/sensor/temp,29.55
2025-11-17 11:47:52,lan/sala2/sensor/temp,19.46
2025-11-17 11:47:53,lan/sala1/sensor/hum,24.17
2025-11-17 11:47:53,lan/sala1/sensor/temp,21.78
2025-11-17 11:47:54,lan/sala2/sensor/temp,18.79
2025-11-17 11:47:55,lan/sala1/sensor/hum,24.8
2025-11-17 11:47:55,lan/sala1/sensor/temp,20.69
2025-11-17 11:47:56,lan/sala2/sensor/temp,20.74
2025-11-17 11:47:57,lan/sala1/sensor/hum,27.96
2025-11-17 11:47:57,lan/sala1/sensor/temp,19.76
2025-11-17 11:47:58,lan/sala2/sensor/temp,22.83
2025-11-17 11:47:59,lan/sala1/sensor/hum,21.03
2025-11-17 11:47:59,lan/sala1/sensor/temp,23.61
2025-11-17 11:48:00,lan/sala2/sensor/temp,24.14
2025-11-17 11:48:01,lan/sala1/sensor/hum,22.12
2025-11-17 11:48:01,lan/sala1/sensor/temp,20.96
2025-11-17 11:48:02,lan/sala2/sensor/temp,28.93
2025-11-17 11:48:03,lan/sala1/sensor/hum,19.44
2025-11-17 11:48:03,lan/sala1/sensor/temp,20.46
2025-11-17 11:48:04,lan/sala2/sensor/temp,20.49
2025-11-17 11:48:05,lan/sala1/sensor/hum,21.01
2025-11-17 11:48:05,lan/sala1/sensor/temp,19.28
2025-11-17 11:48:06,lan/sala2/sensor/temp,21.56
2025-11-17 11:48:07,lan/sala1/sensor/hum,24.4
2025-11-17 11:48:07,lan/sala1/sensor/temp,21.92
2025-11-17 11:48:08,lan/sala2/sensor/temp,29.3
2025-11-17 11:48:09,lan/sala1/sensor/hum,29.62
2025-11-17 11:48:09,lan/sala1/sensor/temp,20.48
2025-11-17 11:48:10,lan/sala2/sensor/temp,28.87
2025-11-17 11:48:11,lan/sala1/sensor/hum,20.19
2025-11-17 11:48:11,lan/sala1/sensor/temp,23.83
2025-11-17 11:48:12,lan/sala2/sensor/temp,18.65
2025-11-17 11:48:13,lan/sala1/sensor/hum,20.29
2025-11-17 11:48:13,lan/sala1/sensor/temp,23.66
2025-11-17 11:48:14,lan/sala2/sensor/temp,26.05
2025-11-17 11:48:15,lan/sala1/sensor/hum,24.19
2025-11-17 11:48:15,lan/sala1/sensor/temp,26.31
2025-11-17 11:48:16,lan/sala2/sensor/temp,25.18
2025-11-17 11:48:17,lan/sala1/sensor/hum,23.92
2025-11-17 11:48:17,lan/sala1/sensor/temp,22.11
2025-11-17 11:48:18,lan/sala2/sensor/temp,21.46
2025-11-17 11:48:19,lan/sala1/sensor/hum,24.65
2025-11-17 11:48:19,lan/sala1/sensor/temp,24.81
2025-11-17 11:48:20,lan/sala2/sensor/temp,21.98
2025-11-17 11:48:21,lan/sala1/sensor/hum,21.18
2025-11-17 11:48:21,lan/sala1/sensor/temp,24.91
2025-11-17 11:48:22,lan/sala2/sensor/temp,23.13
2025-11-17 11:48:23,lan/sala1/sensor/hum,25.61
2025-11-17 11:48:23,lan/sala1/sensor/temp,19.68
2025-11-17 11:48:24,lan/sala2/sensor/temp,26.99
2025-11-17 11:48:25,lan/sala1/sensor/hum,29.43
2025-11-17 11:48:25,lan/sala1/sensor/temp,20.1
2025-11-17 11:48:26,lan/sala2/sensor/temp,25.47
2025-11-17 11:48:27,lan/sala1/sensor/hum,18.64
2025-11-17 11:48:27,lan/sala1/sensor/temp,18.95
2025-11-17 11:48:28,lan/sala2/sensor/temp,23.09
2025-11-17 11:48:29,lan/sala1/sensor/hum,21.99
2025-11-17 11:48:29,lan/sala1/sensor/temp,18.5
2025-11-17 11:48:30,lan/sala2/sensor/temp,29.45
2025-11-17 11:48:31,lan/sala1/sensor/hum,28.35
2025-11-17 11:48:31,lan/sala1/sensor/temp,26.08
2025-11-17 11:48:32,lan/sala2/sensor/temp,20.66
2025-11-17 11:48:33,lan/sala1/sensor/hum,22.94
2025-11-17 11:48:33,lan/sala1/sensor/temp,21.2
2025-11-17 11:48:34,lan/sala2/sensor/temp,26.96
2025-11-17 11:48:35,lan/sala1/sensor/hum,19.53
2025-11-17 11:48:35,lan/sala1/sensor/temp,19.14
2025-11-17 11:48:36,lan/sala2/sensor/temp,23.73
2025-11-17 11:48:37,lan/sala1/sensor/hum,25.11
2025-11-17 11:48:37,lan/sala1/sensor/temp,22.91
2025-11-17 11:48:38,lan/sala2/sensor/temp,21.24
2025-11-17 11:48:39,lan/sala1/sensor/hum,23.73
2025-11-17 11:48:39,lan/sala1/sensor/temp,18.04
2025-11-17 11:48:40,lan/sala2/sensor/temp,23.71
2025-11-17 11:48:41,lan/sala1/sensor/hum,27.39
2025-11-17 11:48:41,lan/sala1/sensor/temp,23.32
2025-11-17 11:48:42,lan/sala2/sensor/temp,26.86
2025-11-17 11:48:43,lan/sala1/sensor/hum,25.51
2025-11-17 11:48:43,lan/sala1/sensor/temp,19.95
2025-11-17 11:48:44,lan/sala2/sensor/temp,27.95
2025-11-17 11:48:45,lan/sala1/sensor/hum,19.77
2025-11-17 11:48:45,lan/sala1/sensor/temp,26.79
2025-11-17 11:48:46,lan/sala2/sensor/temp,19.38
2025-11-17 11:48:47,lan/sala1/sensor/hum,29.41
2025-11-17 11:48:47,lan/sala1/sensor/temp,18.6
2025-11-17 11:48:48,lan/sala2/sensor/temp,25.73
2025-11-17 11:48:49,lan/sala1/sensor/hum,23.4
2025-11-17 11:48:49,lan/sala1/sensor/temp,18.17
2025-11-17 11:48:50,lan/sala2/sensor/temp,20.67
2025-11-17 11:48:51,lan/sala1/sensor/hum,24.71
2025-11-17 11:48:51,lan/sala1/sensor/temp,24.61
2025-11-17 11:48:52,lan/sala2/sensor/temp,27.9
2025-11-17 11:48:53,lan/sala1/sensor/hum,24.64
2025-11-17 11:48:53,lan/sala1/sensor/temp,25.56
2025-11-17 11:48:54,lan/sala2/sensor/temp,19.92
2025-11-17 11:48:55,lan/sala1/sensor/hum,29.61
2025-11-17 11:48:55,lan/sala1/sensor/temp,24.7
2025-11-17 11:48:56,lan/sala2/sensor/temp,23.19
2025-11-17 11:48:57,lan/sala1/sensor/hum,26.61
2025-11-17 11:48:57,lan/sala1/sensor/temp,22.68
2025-11-17 11:48:58,lan/sala2/sensor/temp,29.74
2025-11-17 11:48:59,lan/sala1/sensor/hum,29.77
2025-11-17 11:48:59,lan/sala1/sensor/temp,19.09
2025-11-17 11:49:00,lan/sala2/sensor/temp,26.53
2025-11-17 11:49:01,lan/sala1/sensor/hum,19.11
2025-11-17 11:49:01,lan/sala1/sensor/temp,24.48
2025-11-17 11:49:02,lan/sala2/sensor/temp,24.3
2025-11-17 11:49:03,lan/sala1/sensor/hum,23.46
2025-11-17 11:49:03,lan/sala1/sensor/temp,25.35
2025-11-17 11:49:04,lan/sala2/sensor/temp,26.11
2025-11-17 11:49:05,lan/sala1/sensor/hum,27.42
2025-11-17 11:49:05,lan/sala1/sensor/temp,18.79
2025-11-17 11:49:06,lan/sala2/sensor/temp,19.7
2025-11-17 11:49:07,lan/sala1/sensor/hum,21.37
2025-11-17 11:49:07,lan/sala1/sensor/temp,24.03
2025-11-17 11:49:08,lan/sala2/sensor/temp,25.19
2025-11-17 11:49:09,lan/sala1/sensor/hum,27.11
2025-11-17 11:49:09,lan/sala1/sensor/temp,26.03
2025-11-17 11:49:10,lan/sala2/sensor/temp,18.91
2025-11-17 11:49:11,lan/sala1/sensor/hum,18.73
2025-11-17 11:49:11,lan/sala1/sensor/temp,28.25
2025-11-17 11:49:12,lan/sala2/sensor/temp,25.52
2025-11-17 11:49:13,lan/sala1/sensor/hum,21.16
2025-11-17 11:49:13,lan/sala1/sensor/temp,25.47
2025-11-17 11:49:14,lan/sala2/sensor/temp,29.32
2025-11-17 11:49:15,lan/sala1/sensor/hum,20.25
2025-11-17 11:49:15,lan/sala1/sensor/temp,25.1
2025-11-17 11:49:16,lan/sala2/sensor/temp,26.01
2025-11-17 11:49:17,lan/sala1/sensor/hum,23.83
2025-11-17 11:49:17,lan/sala1/sensor/temp,18.09
2025-11-17 11:49:18,lan/sala2/sensor/temp,27.79
2025-11-17 11:49:19,lan/sala1/sensor/hum,28.76
2025-11-17 11:49:19,lan/sala1/sensor/temp,29.27
2025-11-17 11:49:20,lan/sala2/sensor/temp,19.49
2025-11-17 11:49:21,lan/sala1/sensor/hum,24.35
2025-11-17 11:49:21,lan/sala1/sensor/temp,19.22
2025-11-17 11:49:22,lan/sala2/sensor/temp,25.86
2025-11-17 11:49:23,lan/sala1/sensor/hum,25.21
2025-11-17 11:49:23,lan/sala1/sensor/temp,29.17
2025-11-17 11:49:24,lan/sala2/sensor/temp,23.51
2025-11-17 11:49:25,lan/sala1/sensor/hum,24.46
2025-11-17 11:49:25,lan/sala1/sensor/temp,23.91
2025-11-17 11:49:26,lan/sala2/sensor/temp,24.95
2025-11-17 11:49:27,lan/sala1/sensor/hum,18.44
2025-11-17 11:49:27,lan/sala1/sensor/temp,19.07
2025-11-17 11:49:28,lan/sala2/sensor/temp,21.35
2025-11-17 11:49:29,lan/sala1/sensor/hum,27.37
2025-11-17 11:49:29,lan/sala1/sensor/temp,25.91
2025-11-17 11:49:30,lan/sala2/sensor/temp,27.71
2025-11-17 11:49:31,lan/sala1/sensor/hum,28.44
2025-11-17 11:49:31,lan/sala1/sensor/temp,28.44
2025-11-17 11:49:32,lan/sala2/sensor/temp,25.82
2025-11-17 11:49:33,lan/sala1/sensor/hum,29.25
2025-11-17 11:49:33,lan/sala1/sensor/temp,19.35
2025-11-17 11:49:34,lan/sala2/sensor/temp,22.26
2025-11-17 11:49:35,lan/sala1/sensor/hum,25.7
2025-11-17 11:49:35,lan/sala1/sensor/temp,21.56
2025-11-17 11:49:36,lan/sala2/sensor/temp,19.83
2025-11-17 11:49:37,lan/sala1/sensor/hum,28.03
2025-11-17 11:49:37,lan/sala1/sensor/temp,19.16
2025-11-17 11:49:38,lan/sala2/sensor/temp,22.7
2025-11-17 11:49:39,lan/sala1/sensor/hum,25.36
2025-11-17 11:49:39,lan/sala1/sensor/temp,24.34
2025-11-17 11:49:40,lan/sala2/sensor/temp,21.55
2025-11-17 11:49:41,lan/sala1/sensor/hum,20.3
2025-11-17 11:49:41,lan/sala1/sensor/temp,28.64
2025-11-17 11:49:42,lan/sala2/sensor/temp,21.06
2025-11-17 11:49:43,lan/sala1/sensor/hum,24.02
2025-11-17 11:49:43,lan/sala1/sensor/temp,24.01
2025-11-17 11:49:44,lan/sala2/sensor/temp,19.06
2025-11-17 11:49:45,lan/sala1/sensor/hum,23.68
2025-11-17 11:49:45,lan/sala1/sensor/temp,26.66
2025-11-17 11:49:46,lan/sala2/sensor/temp,28.05
2025-11-17 11:49:47,lan/sala1/sensor/hum,19.9
2025-11-17 11:49:47,lan/sala1/sensor/temp,27.88
2025-11-17 11:49:48,lan/sala2/sensor/temp,23.74
2025-11-17 11:49:49,lan/sala1/sensor/hum,23.84
2025-11-17 11:49:49,lan/sala1/sensor/temp,29.54
2025-11-17 11:49:50,lan/sala2/sensor/temp,20.29
2025-11-17 11:49:51,lan/sala1/sensor/hum,22.99
2025-11-17 11:49:51,lan/sala1/sensor/temp,27.82
2025-11-17 11:49:52,lan/sala2/sensor/temp,20.33
2025-11-17 11:49:53,lan/sala1/sensor/hum,23.31
2025-11-17 11:49:53,lan/sala1/sensor/temp,20.78
2025-11-17 11:49:55,lan/sala2/sensor/temp,18.88
2025-11-17 11:49:55,lan/sala1/sensor/hum,26.97
2025-11-17 11:49:55,lan/sala1/sensor/temp,19.15
2025-11-17 11:49:56,lan/sala2/sensor/temp,24.17
2025-11-17 11:49:57,lan/sala1/sensor/hum,29.54
2025-11-17 11:49:57,lan/sala1/sensor/temp,24.3
2025-11-17 11:49:58,lan/sala2/sensor/temp,27.79
2025-11-17 11:49:59,lan/sala1/sensor/hum,18.18
2025-11-17 11:49:59,lan/sala1/sensor/temp,19.04
2025-11-17 11:50:00,lan/sala2/sensor/temp,27.95
2025-11-17 11:50:01,lan/sala1/sensor/hum,21.75
2025-11-17 11:50:01,lan/sala1/sensor/temp,19.78
2025-11-17 11:50:02,lan/sala2/sensor/temp,22.59
2025-11-17 11:50:03,lan/sala1/sensor/hum,24.54
2025-11-17 11:50:03,lan/sala1/sensor/temp,21.73
2025-11-17 11:50:04,lan/sala2/sensor/temp,19.12
2025-11-17 11:50:05,lan/sala1/sensor/hum,22.66
2025-11-17 11:50:05,lan/sala1/sensor/temp,21.19
2025-11-17 11:50:06,lan/sala2/sensor/temp,23.57
2025-11-17 11:50:07,lan/sala1/sensor/hum,25.2
2025-11-17 11:50:07,lan/sala1/sensor/temp,24.78
2025-11-17 11:50:08,lan/sala2/sensor/temp,27.2
2025-11-17 11:50:09,lan/sala1/sensor/hum,21.82
2025-11-17 11:50:09,lan/sala1/sensor/temp,19.06
2025-11-17 11:50:10,lan/sala2/sensor/temp,26.36
2025-11-17 11:50:11,lan/sala1/sensor/hum,19.21
2025-11-17 11:50:11,lan/sala1/sensor/temp,21.15
2025-11-17 11:50:12,lan/sala2/sensor/temp,23.15
2025-11-17 11:50:13,lan/sala1/sensor/hum,26.03
2025-11-17 11:50:13,lan/sala1/sensor/temp,25.07
2025-11-17 11:50:14,lan/sala2/sensor/temp,24.48
2025-11-17 11:50:15,lan/sala1/sensor/hum,27.63
2025-11-17 11:50:15,lan/sala1/sensor/temp,21.04
2025-11-17 11:50:16,lan/sala2/sensor/temp,20.64
2025-11-17 11:50:17,lan/sala1/sensor/hum,20.35
2025-11-17 11:50:17,lan/sala1/sensor/temp,21.56
2025-11-17 11:50:19,lan/sala2/sensor/temp,18.92
2025-11-17 11:50:19,lan/sala1/sensor/hum,21.93
2025-11-17 11:50:19,lan/sala1/sensor/temp,22.37
2025-11-17 11:50:21,lan/sala2/sensor/temp,25.54
2025-11-17 11:50:21,lan/sala1/sensor/hum,18.13
2025-11-17 11:50:21,lan/sala1/sensor/temp,23.36
2025-11-17 11:50:23,lan/sala2/sensor/temp,24.37
2025-11-17 11:50:23,lan/sala1/sensor/hum,23.93
2025-11-17 11:50:23,lan/sala1/sensor/temp,19.01
2025-11-17 11:50:24,lan/sala2/sensor/temp,18.62
2025-11-17 11:50:25,lan/sala1/sensor/hum,28.83
2025-11-17 11:50:25,lan/sala1/sensor/temp,22.43
2025-11-17 11:50:26,lan/sala2/sensor/temp,27.73
2025-11-17 11:50:27,lan/sala1/sensor/hum,19.99
2025-11-17 11:50:27,lan/sala1/sensor/temp,28.53
2025-11-17 11:50:29,lan/sala2/sensor/temp,24.48
2025-11-17 11:50:29,lan/sala1/sensor/hum,29.56
2025-11-17 11:50:29,lan/sala1/sensor/temp,22.55
2025-11-17 11:50:31,lan/sala2/sensor/temp,26.97
2025-11-17 11:50:31,lan/sala1/sensor/hum,28.69
2025-11-17 11:50:31,lan/sala1/sensor/temp,20.85
2025-11-17 11:50:32,lan/sala2/sensor/temp,25.6
2025-11-17 11:50:33,lan/sala1/sensor/hum,20.35
2025-11-17 11:50:33,lan/sala1/sensor/temp,28.21
2025-11-17 11:50:35,lan/sala2/sensor/temp,22.63
2025-11-17 11:50:35,lan/sala1/sensor/hum,23.0
2025-11-17 11:50:35,lan/sala1/sensor/temp,18.84
2025-11-17 11:50:36,lan/sala2/sensor/temp,24.04
2025-11-17 11:50:37,lan/sala1/sensor/hum,20.64
2025-11-17 11:50:37,lan/sala1/sensor/temp,27.94
2025-11-17 11:50:39,lan/sala2/sensor/temp,21.62
2025-11-17 11:50:39,lan/sala1/sensor/hum,19.68
2025-11-17 11:50:39,lan/sala1/sensor/temp,19.52
2025-11-17 11:50:41,lan/sala2/sensor/temp,26.89
2025-11-17 11:50:41,lan/sala1/sensor/hum,29.53
2025-11-17 11:50:41,lan/sala1/sensor/temp,28.29
2025-11-17 11:50:43,lan/sala2/sensor/temp,18.26
2025-11-17 11:50:43,lan/sala1/sensor/hum,20.81
2025-11-17 11:50:43,lan/sala1/sensor/temp,20.6
2025-11-17 11:50:45,lan/sala2/sensor/temp,27.93
2025-11-17 11:50:45,lan/sala1/sensor/hum,22.12
2025-11-17 11:50:45,lan/sala1/sensor/temp,26.81
2025-11-17 11:50:47,lan/sala2/sensor/temp,19.63
2025-11-17 11:50:47,lan/sala1/sensor/hum,25.39
2025-11-17 11:50:47,lan/sala1/sensor/temp,24.9
2025-11-17 11:50:49,lan/sala2/sensor/temp,25.96
2025-11-17 11:50:49,lan/sala1/sensor/hum,28.41
2025-11-17 11:50:49,lan/sala1/sensor/temp,22.63
2025-11-17 11:50:51,lan/sala2/sensor/temp,18.06
2025-11-17 11:50:51,lan/sala1/sensor/hum,21.19
2025-11-17 11:50:51,lan/sala1/sensor/temp,23.87
2025-11-17 11:50:53,lan/sala2/sensor/temp,29.85
2025-11-17 11:50:53,lan/sala1/sensor/hum,23.65
2025-11-17 11:50:53,lan/sala1/sensor/temp,22.02
2025-11-17 11:50:55,lan/sala2/sensor/temp,21.9
2025-11-17 11:50:55,lan/sala1/sensor/hum,23.43
2025-11-17 11:50:55,lan/sala1/sensor/temp,23.54
2025-11-17 11:50:57,lan/sala2/sensor/temp,26.34
2025-11-17 11:50:57,lan/sala1/sensor/hum,23.86
2025-11-17 11:50:57,lan/sala1/sensor/temp,25.61
2025-11-17 11:50:59,lan/sala2/sensor/temp,28.23
2025-11-17 11:50:59,lan/sala1/sensor/hum,27.3
2025-11-17 11:50:59,lan/sala1/sensor/temp,24.91
2025-11-17 11:51:01,lan/sala2/sensor/temp,18.61
2025-11-17 11:51:01,lan/sala1/sensor/hum,20.58
2025-11-17 11:51:01,lan/sala1/sensor/temp,22.02
2025-11-17 11:51:03,lan/sala2/sensor/temp,20.95
2025-11-17 11:51:03,lan/sala1/sensor/hum,22.72
2025-11-17 11:51:03,lan/sala1/sensor/temp,19.48
2025-11-17 11:51:05,lan/sala2/sensor/temp,19.14
2025-11-17 11:51:05,lan/sala1/sensor/hum,28.49
2025-11-17 11:51:05,lan/sala1/sensor/temp,27.43
2025-11-17 11:51:07,lan/sala2/sensor/temp,29.11
2025-11-17 11:51:07,lan/sala1/sensor/hum,26.19
2025-11-17 11:51:07,lan/sala1/sensor/temp,28.6
2025-11-17 11:51:09,lan/sala2/sensor/temp,19.41
2025-11-17 11:51:09,lan/sala1/sensor/hum,29.37
2025-11-17 11:51:09,lan/sala1/sensor/temp,26.93
2025-11-17 11:51:11,lan/sala2/sensor/temp,27.4
2025-11-17 11:51:11,lan/sala1/sensor/hum,29.03
2025-11-17 11:51:11,lan/sala1/sensor/temp,23.16
2025-11-17 11:51:13,lan/sala2/sensor/temp,26.11
2025-11-17 11:51:13,lan/sala1/sensor/hum,22.31
2025-11-17 11:51:13,lan/sala1/sensor/temp,18.58
2025-11-17 11:51:15,lan/sala2/sensor/temp,29.23
2025-11-17 11:51:15,lan/sala1/sensor/hum,19.4
2025-11-17 11:51:15,lan/sala1/sensor/temp,19.97
2025-11-17 11:51:17,lan/sala2/sensor/temp,21.41
2025-11-17 11:51:17,lan/sala1/sensor/hum,25.75
2025-11-17 11:51:17,lan/sala1/sensor/temp,29.09
2025-11-17 11:51:19,lan/sala2/sensor/temp,21.16
2025-11-17 11:51:19,lan/sala1/sensor/hum,28.9
2025-11-17 11:51:19,lan/sala1/sensor/temp,27.36
2025-11-17 11:51:21,lan/sala2/sensor/temp,27.37
2025-11-17 11:51:21,lan/sala1/sensor/hum,25.23
2025-11-17 11:51:21,lan/sala1/sensor/temp,28.1
2025-11-17 11:51:23,lan/sala2/sensor/temp,27.31
2025-11-17 11:51:23,lan/sala1/sensor/hum,23.12
2025-11-17 11:51:23,lan/sala1/sensor/temp,18.06
2025-11-17 11:51:25,lan/sala2/sensor/temp,18.6
2025-11-17 11:51:25,lan/sala1/sensor/hum,25.47
2025-11-17 11:51:25,lan/sala1/sensor/temp,27.67
2025-11-17 11:51:27,lan/sala2/sensor/temp,28.96
2025-11-17 11:51:27,lan/sala1/sensor/hum,26.22
2025-11-17 11:51:27,lan/sala1/sensor/temp,28.9
2025-11-17 11:51:29,lan/sala2/sensor/temp,18.92
2025-11-17 11:51:29,lan/sala1/sensor/hum,27.76
2025-11-17 11:51:29,lan/sala1/sensor/temp,25.65
2025-11-17 11:51:31,lan/sala2/sensor/temp,20.44
2025-11-17 11:51:31,lan/sala1/sensor/hum,18.31
2025-11-17 11:51:31,lan/sala1/sensor/temp,22.32
2025-11-17 11:51:33,lan/sala2/sensor/temp,24.37
2025-11-17 11:51:33,lan/sala1/sensor/hum,19.92
2025-11-17 11:51:33,lan/sala1/sensor/temp,26.03
2025-11-17 11:51:35,lan/sala2/sensor/temp,23.25
2025-11-17 11:51:35,lan/sala1/sensor/hum,27.16
2025-11-17 11:51:35,lan/sala1/sensor/temp,24.52
2025-11-17 11:51:37,lan/sala2/sensor/temp,21.89
2025-11-17 11:51:37,lan/sala1/sensor/hum,20.25
2025-11-17 11:51:37,lan/sala1/sensor/temp,18.99
2025-11-17 11:51:39,lan/sala2/sensor/temp,28.53
2025-11-17 11:51:39,lan/sala1/sensor/hum,22.79
2025-11-17 11:51:39,lan/sala1/sensor/temp,23.4
2025-11-17 11:51:41,lan/sala2/sensor/temp,26.56
2025-11-17 11:51:41,lan/sala1/sensor/hum,23.17
2025-11-17 11:51:42,lan/sala1/sensor/temp,29.95
2025-11-17 11:51:43,lan/sala2/sensor/temp,28.15
2025-11-17 11:51:43,lan/sala1/sensor/hum,21.77
2025-11-17 11:51:44,lan/sala1/sensor/temp,22.71
2025-11-17 11:51:45,lan/sala2/sensor/temp,19.3
2025-11-17 11:51:45,lan/sala1/sensor/hum,26.38
2025-11-17 11:51:46,lan/sala1/sensor/temp,22.52
2025-11-17 11:51:47,lan/sala2/sensor/temp,20.46
2025-11-17 11:51:47,lan/sala1/sensor/hum,19.3
2025-11-17 11:51:48,lan/sala1/sensor/temp,21.27
2025-11-17 11:51:49,lan/sala2/sensor/temp,27.03
2025-11-17 11:51:49,lan/sala1/sensor/hum,20.24
2025-11-17 11:51:50,lan/sala1/sensor/temp,29.79
2025-11-17 11:51:51,lan/sala2/sensor/temp,22.73
2025-11-17 11:51:51,lan/sala1/sensor/hum,18.65
2025-11-17 11:51:52,lan/sala1/sensor/temp,25.64
2025-11-17 11:51:53,lan/sala2/sensor/temp,20.85
2025-11-17 11:51:53,lan/sala1/sensor/hum,18.45
2025-11-17 11:51:54,lan/sala1/sensor/temp,29.36
2025-11-17 11:51:55,lan/sala2/sensor/temp,23.76
2025-11-17 11:51:55,lan/sala1/sensor/hum,21.16
2025-11-17 11:51:56,lan/sala1/sensor/temp,20.86
2025-11-17 11:51:57,lan/sala2/sensor/temp,29.18
2025-11-17 11:51:57,lan/sala1/sensor/hum,22.53
2025-11-17 11:51:58,lan/sala1/sensor/temp,23.09
2025-11-17 11:51:59,lan/sala2/sensor/temp,28.98
2025-11-17 11:51:59,lan/sala1/sensor/hum,22.37
2025-11-17 11:52:00,lan/sala1/sensor/temp,19.47
2025-11-17 11:52:01,lan/sala2/sensor/temp,18.1
2025-11-17 11:52:01,lan/sala1/sensor/hum,26.15
2025-11-17 11:52:02,lan/sala1/sensor/temp,20.16
2025-11-17 11:52:03,lan/sala2/sensor/temp,19.04
2025-11-17 11:52:03,lan/sala1/sensor/hum,19.94
2025-11-17 11:52:04,lan/sala1/sensor/temp,28.46
2025-11-17 11:52:05,lan/sala2/sensor/temp,18.34
2025-11-17 11:52:05,lan/sala1/sensor/hum,22.61
2025-11-17 11:52:06,lan/sala1/sensor/temp,29.16
2025-11-17 11:52:07,lan/sala2/sensor/temp,21.74
2025-11-17 11:52:07,lan/sala1/sensor/hum,19.71
2025-11-17 11:52:08,lan/sala1/sensor/temp,28.58
2025-11-17 11:52:09,lan/sala2/sensor/temp,23.02
2025-11-17 11:52:09,lan/sala1/sensor/hum,27.95
2025-11-17 11:52:10,lan/sala1/sensor/temp,20.43
2025-11-17 11:52:11,lan/sala2/sensor/temp,25.43
2025-11-17 11:52:11,lan/sala1/sensor/hum,18.11
2025-11-17 11:52:12,lan/sala1/sensor/temp,20.53
2025-11-17 11:52:13,lan/sala2/sensor/temp,28.23
2025-11-17 11:52:13,lan/sala1/sensor/hum,24.76
2025-11-17 11:52:14,lan/sala1/sensor/temp,19.9
2025-11-17 11:52:15,lan/sala2/sensor/temp,20.29
2025-11-17 11:52:15,lan/sala1/sensor/hum,26.2
2025-11-17 11:52:16,lan/sala1/sensor/temp,27.64
2025-11-17 11:52:17,lan/sala2/sensor/temp,18.34
2025-11-17 11:52:17,lan/sala1/sensor/hum,24.93
2025-11-17 11:52:18,lan/sala1/sensor/temp,29.81
2025-11-17 11:52:19,lan/sala2/sensor/temp,18.06
2025-11-17 11:52:19,lan/sala1/sensor/hum,23.47
2025-11-17 11:52:20,lan/sala1/sensor/temp,26.91
2025-11-17 11:52:21,lan/sala2/sensor/temp,18.71
2025-11-17 11:52:21,lan/sala1/sensor/hum,27.27
2025-11-17 11:52:22,lan/sala1/sensor/temp,27.27
2025-11-17 11:52:23,lan/sala2/sensor/temp,18.53
2025-11-17 11:52:23,lan/sala1/sensor/hum,26.5
2025-11-17 11:52:24,lan/sala1/sensor/temp,29.02
2025-11-17 11:52:25,lan/sala2/sensor/temp,27.32
2025-11-17 11:52:25,lan/sala1/sensor/hum,18.03
2025-11-17 11:52:26,lan/sala1/sensor/temp,20.79
2025-11-17 11:52:27,lan/sala2/sensor/temp,19.35
2025-11-17 11:52:27,lan/sala1/sensor/hum,19.44
2025-11-17 11:52:28,lan/sala1/sensor/temp,19.21
2025-11-17 11:52:29,lan/sala2/sensor/temp,24.04
2025-11-17 11:52:29,lan/sala1/sensor/hum,19.13
2025-11-17 11:52:30,lan/sala1/sensor/temp,18.98
2025-11-17 11:52:31,lan/sala2/sensor/temp,27.45
2025-11-17 11:52:31,lan/sala1/sensor/hum,24.33
2025-11-17 11:52:32,lan/sala1/sensor/temp,26.9
2025-11-17 11:52:33,lan/sala2/sensor/temp,20.19
2025-11-17 11:52:33,lan/sala1/sensor/hum,28.58
2025-11-17 11:52:34,lan/sala1/sensor/temp,19.79
2025-11-17 11:52:35,lan/sala2/sensor/temp,29.34
2025-11-17 11:52:35,lan/sala1/sensor/hum,19.4
2025-11-17 11:52:36,lan/sala1/sensor/temp,20.02
2025-11-17 11:52:37,lan/sala2/sensor/temp,19.27
2025-11-17 11:52:37,lan/sala1/sensor/hum,27.55
2025-11-17 11:52:38,lan/sala1/sensor/temp,24.03
2025-11-17 11:52:39,lan/sala2/sensor/temp,25.35
2025-11-17 11:52:39,lan/sala1/sensor/hum,22.18
2025-11-17 11:52:40,lan/sala1/sensor/temp,20.46
2025-11-17 11:52:41,lan/sala2/sensor/temp,29.7
2025-11-17 11:52:41,lan/sala1/sensor/hum,18.52
2025-11-17 11:52:42,lan/sala1/sensor/temp,24.78
2025-11-17 11:52:43,lan/sala2/sensor/temp,23.45
2025-11-17 11:52:43,lan/sala1/sensor/hum,22.16
2025-11-17 11:52:44,lan/sala1/sensor/temp,18.6
2025-11-17 11:52:45,lan/sala2/sensor/temp,21.55
2025-11-17 11:52:45,lan/sala1/sensor/hum,20.6
2025-11-17 11:52:46,lan/sala1/sensor/temp,28.81
2025-11-17 11:52:47,lan/sala2/sensor/temp,21.7
2025-11-17 11:52:47,lan/sala1/sensor/hum,23.97
2025-11-17 11:52:48,lan/sala1/sensor/temp,27.16
2025-11-17 11:52:49,lan/sala2/sensor/temp,21.22
2025-11-17 11:52:50,lan/sala1/sensor/hum,29.0
2025-11-17 11:52:51,lan/sala1/sensor/temp,19.26
2025-11-17 11:52:52,lan/sala2/sensor/temp,18.43
2025-11-17 11:52:52,lan/sala1/sensor/hum,24.95
2025-11-17 11:52:54,lan/sala1/sensor/temp,27.93
2025-11-17 11:52:54,lan/sala2/sensor/temp,21.11
2025-11-17 11:52:54,lan/sala1/sensor/hum,19.8
2025-11-17 11:52:55,lan/sala1/sensor/temp,24.05
2025-11-17 11:52:56,lan/sala2/sensor/temp,28.81
2025-11-17 11:52:56,lan/sala1/sensor/hum,29.44
2025-11-17 11:52:56,lan/sala1/sensor/temp,28.63
2025-11-17 11:52:57,lan/sala2/sensor/temp,21.08
2025-11-17 11:52:57,lan/sala1/sensor/hum,19.45
2025-11-17 11:52:58,lan/sala1/sensor/temp,20.1
2025-11-17 11:52:59,lan/sala2/sensor/temp,29.14
2025-11-17 11:52:59,lan/sala1/sensor/hum,22.48
2025-11-17 11:53:00,lan/sala1/sensor/temp,23.58
2025-11-17 11:53:01,lan/sala2/sensor/temp,20.19
2025-11-17 11:53:01,lan/sala1/sensor/hum,18.3
2025-11-17 11:53:02,lan/sala1/sensor/temp,29.13
2025-11-17 11:53:03,lan/sala2/sensor/temp,26.31
2025-11-17 11:53:03,lan/sala1/sensor/hum,23.56
2025-11-17 11:53:04,lan/sala1/sensor/temp,27.53
2025-11-17 11:53:05,lan/sala2/sensor/temp,26.76
2025-11-17 11:53:05,lan/sala1/sensor/hum,23.1
2025-11-17 11:53:06,lan/sala1/sensor/temp,22.17
2025-11-17 11:53:07,lan/sala2/sensor/temp,28.88
2025-11-17 11:53:07,lan/sala1/sensor/hum,29.42
2025-11-17 11:53:08,lan/sala1/sensor/temp,20.81
2025-11-17 11:53:09,lan/sala2/sensor/temp,29.28
2025-11-17 11:53:09,lan/sala1/sensor/hum,19.41
2025-11-17 11:53:10,lan/sala1/sensor/temp,24.15
2025-11-17 11:53:11,lan/sala2/sensor/temp,28.51
2025-11-17 11:53:11,lan/sala1/sensor/hum,24.37
2025-11-17 11:53:12,lan/sala1/sensor/temp,22.44
2025-11-17 11:53:13,lan/sala2/sensor/temp,21.46
2025-11-17 11:53:13,lan/sala1/sensor/hum,18.28
2025-11-17 11:53:14,lan/sala1/sensor/temp,21.43
2025-11-17 11:53:15,lan/sala2/sensor/temp,22.23
2025-11-17 11:53:15,lan/sala1/sensor/hum,26.7
2025-11-17 11:53:16,lan/sala1/sensor/temp,19.4
2025-11-17 11:53:17,lan/sala2/sensor/temp,19.72
2025-11-17 11:53:17,lan/sala1/sensor/hum,27.09
2025-11-17 11:53:18,lan/sala1/sensor/temp,18.33
2025-11-17 11:53:19,lan/sala2/sensor/temp,25.29
2025-11-17 11:53:19,lan/sala1/sensor/hum,19.5
2025-11-17 11:53:20,lan/sala1/sensor/temp,25.07
2025-11-17 11:53:21,lan/sala2/sensor/temp,23.81
2025-11-17 11:53:21,lan/sala1/sensor/hum,23.0
2025-11-17 11:53:22,lan/sala1/sensor/temp,24.59
2025-11-17 11:53:23,lan/sala2/sensor/temp,21.45
2025-11-17 11:53:23,lan/sala1/sensor/hum,20.22
2025-11-17 11:53:24,lan/sala1/sensor/temp,19.06
2025-11-17 11:53:25,lan/sala2/sensor/temp,18.77
2025-11-17 11:53:25,lan/sala1/sensor/hum,29.66
2025-11-17 11:53:26,lan/sala1/sensor/temp,29.3
2025-11-17 11:53:27,lan/sala2/sensor/temp,27.09
2025-11-17 11:53:27,lan/sala1/sensor/hum,26.7
2025-11-17 11:53:28,lan/sala1/sensor/temp,23.21
2025-11-17 11:53:29,lan/sala2/sensor/temp,21.65
2025-11-17 11:53:29,lan/sala1/sensor/hum,27.72
2025-11-17 11:53:30,lan/sala1/sensor/temp,18.95
2025-11-17 11:53:31,lan/sala2/sensor/temp,27.3
2025-11-17 11:53:31,lan/sala1/sensor/hum,20.29
2025-11-17 11:53:32,lan/sala1/sensor/temp,26.49
2025-11-17 11:53:33,lan/sala2/sensor/temp,29.85
2025-11-17 11:53:33,lan/sala1/sensor/hum,21.04
2025-11-17 11:53:34,lan/sala1/sensor/temp,28.62
2025-11-17 11:53:35,lan/sala2/sensor/temp,27.88
2025-11-17 11:53:35,lan/sala1/sensor/hum,19.29
2025-11-17 11:53:36,lan/sala1/sensor/temp,18.5
2025-11-17 11:53:37,lan/sala2/sensor/temp,23.08
2025-11-17 11:53:37,lan/sala1/sensor/hum,26.64
2025-11-17 11:53:38,lan/sala1/sensor/temp,22.19
2025-11-17 11:53:39,lan/sala2/sensor/temp,23.66
2025-11-17 11:53:39,lan/sala1/sensor/hum,27.92
2025-11-17 11:53:40,lan/sala1/sensor/temp,29.14
2025-11-17 11:53:41,lan/sala2/sensor/temp,22.1
2025-11-17 11:53:41,lan/sala1/sensor/hum,24.17
2025-11-17 11:53:42,lan/sala1/sensor/temp,28.71
2025-11-17 11:53:43,lan/sala2/sensor/temp,28.23
2025-11-17 11:53:43,lan/sala1/sensor/hum,26.83
2025-11-17 11:53:44,lan/sala1/sensor/temp,27.47
2025-11-17 11:53:45,lan/sala2/sensor/temp,23.67
2025-11-17 11:53:45,lan/sala1/sensor/hum,25.95
2025-11-17 11:53:46,lan/sala1/sensor/temp,27.1
2025-11-17 11:53:47,lan/sala2/sensor/temp,21.36
2025-11-17 11:53:47,lan/sala1/sensor/hum,21.64
2025-11-17 11:53:52,lan/sala1/sensor/temp,26.36
2025-11-17 11:53:53,lan/sala2/sensor/temp,19.38
2025-11-17 11:53:53,lan/sala1/sensor/hum,24.86
2025-11-17 11:53:53,lan/sala1/sensor/temp,29.59
2025-11-17 11:53:53,lan/sala2/sensor/temp,18.5
2025-11-17 11:53:53,lan/sala1/sensor/hum,19.05
2025-11-17 11:53:53,lan/sala1/sensor/temp,23.98
2025-11-17 11:53:53,lan/sala2/sensor/temp,22.35
2025-11-17 11:53:53,lan/sala1/sensor/hum,27.22
2025-11-17 11:53:54,lan/sala1/sensor/temp,24.12
2025-11-17 11:53:55,lan/sala2/sensor/temp,29.08
2025-11-17 11:53:55,lan/sala1/sensor/hum,27.25
2025-11-17 11:53:56,lan/sala1/sensor/temp,24.66
2025-11-17 11:53:57,lan/sala2/sensor/temp,25.52
2025-11-17 11:53:57,lan/sala1/sensor/hum,29.56
2025-11-17 11:53:58,lan/sala1/sensor/temp,29.78
2025-11-17 11:53:59,lan/sala2/sensor/temp,23.48
2025-11-17 11:53:59,lan/sala1/sensor/hum,28.59
2025-11-17 11:54:00,lan/sala1/sensor/temp,21.25
2025-11-17 11:54:01,lan/sala2/sensor/temp,23.12
2025-11-17 11:54:01,lan/sala1/sensor/hum,26.59
2025-11-17 11:54:02,lan/sala1/sensor/temp,29.58
2025-11-17 11:54:03,lan/sala2/sensor/temp,18.79
2025-11-17 11:54:03,lan/sala1/sensor/hum,18.69
2025-11-17 11:54:04,lan/sala1/sensor/temp,24.73
2025-11-17 11:54:05,lan/sala2/sensor/temp,26.81
2025-11-17 11:54:05,lan/sala1/sensor/hum,20.1
2025-11-17 11:54:06,lan/sala1/sensor/temp,21.42
2025-11-17 11:54:07,lan/sala2/sensor/temp,25.34
2025-11-17 11:54:07,lan/sala1/sensor/hum,26.34
2025-11-17 11:54:08,lan/sala1/sensor/temp,21.98
2025-11-17 11:54:09,lan/sala2/sensor/temp,21.57
2025-11-17 11:54:09,lan/sala1/sensor/hum,22.18
2025-11-17 11:54:10,lan/sala1/sensor/temp,18.68
2025-11-17 11:54:11,lan/sala2/sensor/temp,29.65
2025-11-17 11:54:11,lan/sala1/sensor/hum,21.89
2025-11-17 11:54:12,lan/sala1/sensor/temp,29.18
2025-11-17 11:54:13,lan/sala2/sensor/temp,19.77
2025-11-17 11:54:13,lan/sala1/sensor/hum,20.74
2025-11-17 11:54:14,lan/sala1/sensor/temp,26.75
2025-11-17 11:54:15,lan/sala2/sensor/temp,25.95
2025-11-17 11:54:15,lan/sala1/sensor/hum,23.11
2025-11-17 11:54:16,lan/sala1/sensor/temp,26.88
2025-11-17 11:54:17,lan/sala2/sensor/temp,21.71
2025-11-17 11:54:17,lan/sala1/sensor/hum,26.93
2025-11-17 11:54:18,lan/sala1/sensor/temp,25.69
2025-11-17 11:54:19,lan/sala2/sensor/temp,29.52
2025-11-17 11:54:19,lan/sala1/sensor/hum,28.37
2025-11-17 11:54:20,lan/sala1/sensor/temp,28.4
2025-11-17 11:54:21,lan/sala2/sensor/temp,29.12
2025-11-17 11:54:21,lan/sala1/sensor/hum,29.83
2025-11-17 11:54:22,lan/sala1/sensor/temp,22.47
2025-11-17 11:54:23,lan/sala2/sensor/temp,22.89
2025-11-17 11:54:23,lan/sala1/sensor/hum,18.85
2025-11-17 11:54:24,lan/sala1/sensor/temp,25.49
2025-11-17 11:54:25,lan/sala2/sensor/temp,18.0
2025-11-17 11:54:25,lan/sala1/sensor/hum,25.65
2025-11-17 11:54:26,lan/sala1/sensor/temp,28.56
2025-11-17 11:54:27,lan/sala2/sensor/temp,18.67
2025-11-17 11:54:27,lan/sala1/sensor/hum,20.57
2025-11-17 11:54:28,lan/sala1/sensor/temp,29.63
2025-11-17 11:54:29,lan/sala2/sensor/temp,28.93
2025-11-17 11:54:29,lan/sala1/sensor/hum,25.47
2025-11-17 11:54:30,lan/sala1/sensor/temp,27.07
2025-11-17 11:54:31,lan/sala2/sensor/temp,29.24
2025-11-17 11:54:31,lan/sala1/sensor/hum,19.26
2025-11-17 11:54:32,lan/sala1/sensor/temp,25.32
2025-11-17 11:54:33,lan/sala2/sensor/temp,18.42
2025-11-17 11:54:33,lan/sala1/sensor/hum,27.68
2025-11-17 11:54:34,lan/sala1/sensor/temp,23.73
2025-11-17 11:54:35,lan/sala2/sensor/temp,24.37
2025-11-17 11:54:35,lan/sala1/sensor/hum,21.08
2025-11-17 11:54:36,lan/sala1/sensor/temp,23.16
2025-11-17 11:54:37,lan/sala2/sensor/temp,18.71
2025-11-17 11:54:37,lan/sala1/sensor/hum,28.68
2025-11-17 11:54:38,lan/sala1/sensor/temp,26.92
2025-11-17 11:54:39,lan/sala2/sensor/temp,23.13
2025-11-17 11:54:39,lan/sala1/sensor/hum,28.44
2025-11-17 11:54:40,lan/sala1/sensor/temp,27.94
2025-11-17 11:54:41,lan/sala2/sensor/temp,20.65
2025-11-17 11:54:41,lan/sala1/sensor/hum,22.41
2025-11-17 11:54:42,lan/sala1/sensor/temp,24.7
2025-11-17 11:54:43,lan/sala2/sensor/temp,25.64
2025-11-17 11:54:43,lan/sala1/sensor/hum,22.21
2025-11-17 11:54:44,lan/sala1/sensor/temp,27.81
2025-11-17 11:54:45,lan/sala2/sensor/temp,24.28
2025-11-17 11:54:45,lan/sala1/sensor/hum,22.2
2025-11-17 11:54:46,lan/sala1/sensor/temp,24.78
2025-11-17 11:54:47,lan/sala2/sensor/temp,20.51
2025-11-17 11:54:47,lan/sala1/sensor/hum,24.28
2025-11-17 11:54:48,lan/sala1/sensor/temp,24.42
2025-11-17 11:54:49,lan/sala2/sensor/temp,27.47
2025-11-17 11:54:49,lan/sala1/sensor/hum,20.89
2025-11-17 11:54:50,lan/sala1/sensor/temp,21.0
2025-11-17 11:54:51,lan/sala2/sensor/temp,21.38
2025-11-17 11:54:51,lan/sala1/sensor/hum,28.51
2025-11-17 11:54:52,lan/sala1/sensor/temp,19.63
2025-11-17 11:54:53,lan/sala2/sensor/temp,27.81
2025-11-17 11:54:53,lan/sala1/sensor/hum,26.26
2025-11-17 11:54:54,lan/sala1/sensor/temp,18.79
2025-11-17 11:54:55,lan/sala2/sensor/temp,19.8
2025-11-17 11:54:55,lan/sala1/sensor/hum,24.26
2025-11-17 11:54:56,lan/sala1/sensor/temp,27.26
2025-11-17 11:54:57,lan/sala2/sensor/temp,23.67
2025-11-17 11:54:57,lan/sala1/sensor/hum,27.5
2025-11-17 11:54:58,lan/sala1/sensor/temp,20.82
2025-11-17 11:54:59,lan/sala2/sensor/temp,29.94
2025-11-17 11:54:59,lan/sala1/sensor/hum,20.38
2025-11-17 11:55:00,lan/sala1/sensor/temp,23.1
2025-11-17 11:55:01,lan/sala2/sensor/temp,22.83
2025-11-17 11:55:01,lan/sala1/sensor/hum,29.64
2025-11-17 11:55:02,lan/sala1/sensor/temp,24.53
2025-11-17 11:55:03,lan/sala2/sensor/temp,18.63
2025-11-17 11:55:03,lan/sala1/sensor/hum,27.4
2025-11-17 11:55:04,lan/sala1/sensor/temp,25.47
2025-11-17 11:55:05,lan/sala2/sensor/temp,23.01
2025-11-17 11:55:05,lan/sala1/sensor/hum,29.36
2025-11-17 11:55:06,lan/sala1/sensor/temp,22.51
2025-11-17 11:55:07,lan/sala2/sensor/temp,25.15
2025-11-17 11:55:07,lan/sala1/sensor/hum,21.11
2025-11-17 11:55:08,lan/sala1/sensor/temp,22.35
2025-11-17 11:55:09,lan/sala2/sensor/temp,21.59
2025-11-17 11:55:09,lan/sala1/sensor/hum,25.54
2025-11-17 11:55:10,lan/sala1/sensor/temp,18.38
2025-11-17 11:55:11,lan/sala2/sensor/temp,28.85
2025-11-17 11:55:11,lan/sala1/sensor/hum,19.95
2025-11-17 11:55:12,lan/sala1/sensor/temp,29.84
2025-11-17 11:55:13,lan/sala2/sensor/temp,20.79
2025-11-17 11:55:13,lan/sala1/sensor/hum,19.21
2025-11-17 11:55:14,lan/sala1/sensor/temp,27.12
2025-11-17 11:55:15,lan/sala2/sensor/temp,24.26
2025-11-17 11:55:15,lan/sala1/sensor/hum,24.48
2025-11-17 11:55:16,lan/sala1/sensor/temp,20.32
2025-11-17 11:55:17,lan/sala2/sensor/temp,22.65
2025-11-17 11:55:17,lan/sala1/sensor/hum,20.66
2025-11-17 11:55:18,lan/sala1/sensor/temp,30.0
2025-11-17 11:55:19,lan/sala2/sensor/temp,29.92
2025-11-17 11:55:19,lan/sala1/sensor/hum,26.89
2025-11-17 11:55:20,lan/sala1/sensor/temp,22.9
2025-11-17 11:55:21,lan/sala2/sensor/temp,25.5
2025-11-17 11:55:21,lan/sala1/sensor/hum,23.09
2025-11-17 11:55:22,lan/sala1/sensor/temp,27.22
2025-11-17 11:55:23,lan/sala2/sensor/temp,22.16
2025-11-17 11:55:23,lan/sala1/sensor/hum,27.94
2025-11-17 11:55:24,lan/sala1/sensor/temp,28.68
2025-11-17 11:55:25,lan/sala2/sensor/temp,24.66
2025-11-17 11:55:25,lan/sala1/sensor/hum,24.63
2025-11-17 11:55:26,lan/sala1/sensor/temp,23.88
2025-11-17 11:55:27,lan/sala2/sensor/temp,20.4
2025-11-17 11:55:27,lan/sala1/sensor/hum,25.13
2025-11-17 11:55:28,lan/sala1/sensor/temp,25.15
2025-11-17 11:55:29,lan/sala2/sensor/temp,20.05
2025-11-17 11:55:29,lan/sala1/sensor/hum,22.31
2025-11-17 11:55:30,lan/sala1/sensor/temp,29.83
2025-11-17 11:55:31,lan/sala2/sensor/temp,18.09
2025-11-17 11:55:31,lan/sala1/sensor/hum,20.88
2025-11-17 11:55:32,lan/sala1/sensor/temp,23.5
2025-11-17 11:55:33,lan/sala2/sensor/temp,25.06
2025-11-17 11:55:33,lan/sala1/sensor/hum,24.69
2025-11-17 11:55:34,lan/sala1/sensor/temp,26.65
2025-11-17 11:55:35,lan/sala2/sensor/temp,29.47
2025-11-17 11:55:35,lan/sala1/sensor/hum,29.91
2025-11-17 11:55:36,lan/sala1/sensor/temp,18.86
2025-11-17 11:55:37,lan/sala2/sensor/temp,21.78
2025-11-17 11:55:37,lan/sala1/sensor/hum,20.13
2025-11-17 11:55:38,lan/sala1/sensor/temp,19.14
2025-11-17 11:55:39,lan/sala2/sensor/temp,29.04
2025-11-17 11:55:39,lan/sala1/sensor/hum,25.57
2025-11-17 11:55:40,lan/sala1/sensor/temp,22.1
2025-11-17 11:55:41,lan/sala2/sensor/temp,28.52
2025-11-17 11:55:41,lan/sala1/sensor/hum,26.16
2025-11-17 11:55:42,lan/sala1/sensor/temp,23.78
2025-11-17 11:55:43,lan/sala2/sensor/temp,26.15
2025-11-17 11:55:43,lan/sala1/sensor/hum,19.34
2025-11-17 11:55:44,lan/sala1/sensor/temp,25.81
2025-11-17 11:55:45,lan/sala2/sensor/temp,19.75
2025-11-17 11:55:45,lan/sala1/sensor/hum,23.33
2025-11-17 11:55:46,lan/sala1/sensor/temp,18.07
2025-11-17 11:55:47,lan/sala2/sensor/temp,29.94
2025-11-17 11:55:47,lan/sala1/sensor/hum,26.63
2025-11-17 11:55:48,lan/sala1/sensor/temp,18.7
2025-11-17 11:55:49,lan/sala2/sensor/temp,20.7
2025-11-17 11:55:49,lan/sala1/sensor/hum,24.74
2025-11-17 11:55:50,lan/sala1/sensor/temp,18.27
2025-11-17 11:55:51,lan/sala2/sensor/temp,21.56
2025-11-17 11:55:51,lan/sala1/sensor/hum,25.71
2025-11-17 11:55:52,lan/sala1/sensor/temp,21.78
2025-11-17 11:55:53,lan/sala2/sensor/temp,28.21
2025-11-17 11:55:53,lan/sala1/sensor/hum,22.54
2025-11-17 11:55:54,lan/sala1/sensor/temp,29.81
2025-11-17 11:55:55,lan/sala2/sensor/temp,27.16
2025-11-17 11:55:55,lan/sala1/sensor/hum,18.45
2025-11-17 11:55:56,lan/sala1/sensor/temp,26.8
2025-11-17 11:55:57,lan/sala2/sensor/temp,23.42
2025-11-17 11:55:57,lan/sala1/sensor/hum,21.03
2025-11-17 11:55:58,lan/sala1/sensor/temp,18.59
2025-11-17 11:55:59,lan/sala2/sensor/temp,25.07
2025-11-17 11:55:59,lan/sala1/sensor/hum,20.5
2025-11-17 11:56:00,lan/sala1/sensor/temp,18.29
2025-11-17 11:56:01,lan/sala2/sensor/temp,21.19
2025-11-17 11:56:01,lan/sala1/sensor/hum,20.5
2025-11-17 11:56:02,lan/sala1/sensor/temp,18.83
2025-11-17 11:56:03,lan/sala2/sensor/temp,18.89
2025-11-17 11:56:03,lan/sala1/sensor/hum,19.45
2025-11-17 11:56:04,lan/sala1/sensor/temp,24.08
2025-11-17 11:56:05,lan/sala2/sensor/temp,23.42
2025-11-17 11:56:05,lan/sala1/sensor/hum,28.15
2025-11-17 11:56:06,lan/sala1/sensor/temp,29.74
2025-11-17 11:56:07,lan/sala2/sensor/temp,29.25
2025-11-17 11:56:07,lan/sala1/sensor/hum,23.42
2025-11-17 11:56:08,lan/sala1/sensor/temp,29.91
2025-11-17 11:56:09,lan/sala2/sensor/temp,26.37
2025-11-17 11:56:09,lan/sala1/sensor/hum,18.96
2025-11-17 11:56:10,lan/sala1/sensor/temp,28.34
2025-11-17 11:56:11,lan/sala2/sensor/temp,21.19
2025-11-17 11:56:11,lan/sala1/sensor/hum,21.7
2025-11-17 11:56:12,lan/sala1/sensor/temp,26.79
2025-11-17 11:56:13,lan/sala2/sensor/temp,24.95
2025-11-17 11:56:13,lan/sala1/sensor/hum,24.1
2025-11-17 11:56:14,lan/sala1/sensor/temp,20.28
2025-11-17 11:56:15,lan/sala2/sensor/temp,26.87
2025-11-17 11:56:15,lan/sala1/sensor/hum,23.53
2025-11-17 11:56:16,lan/sala1/sensor/temp,21.96
2025-11-17 11:56:17,lan/sala2/sensor/temp,26.08
2025-11-17 11:56:17,lan/sala1/sensor/hum,29.92
2025-11-17 11:56:18,lan/sala1/sensor/temp,25.57
2025-11-17 11:56:19,lan/sala2/sensor/temp,26.24
2025-11-17 11:56:19,lan/sala1/sensor/hum,18.28
2025-11-17 11:56:20,lan/sala1/sensor/temp,24.47
2025-11-17 11:56:21,lan/sala2/sensor/temp,23.11
2025-11-17 11:56:21,lan/sala1/sensor/hum,25.95
2025-11-17 11:56:22,lan/sala1/sensor/temp,27.54
2025-11-17 11:56:23,lan/sala2/sensor/temp,18.49
2025-11-17 11:56:23,lan/sala1/sensor/hum,21.14
2025-11-17 11:56:24,lan/sala1/sensor/temp,19.02
2025-11-17 11:56:25,lan/sala2/sensor/temp,23.7
2025-11-17 11:56:25,lan/sala1/sensor/hum,25.11
2025-11-17 11:56:26,lan/sala1/sensor/temp,18.45
2025-11-17 11:56:27,lan/sala2/sensor/temp,21.96
2025-11-17 11:56:27,lan/sala1/sensor/hum,24.69
2025-11-17 11:56:28,lan/sala1/sensor/temp,21.11
2025-11-17 11:56:29,lan/sala2/sensor/temp,20.4
2025-11-17 11:56:29,lan/sala1/sensor/hum,26.99
2025-11-17 11:56:30,lan/sala1/sensor/temp,27.53
2025-11-17 11:56:31,lan/sala2/sensor/temp,27.38
2025-11-17 11:56:31,lan/sala1/sensor/hum,26.22
2025-11-17 11:56:32,lan/sala1/sensor/temp,26.46
2025-11-17 11:56:33,lan/sala2/sensor/temp,20.11
2025-11-17 11:56:33,lan/sala1/sensor/hum,29.35
2025-11-17 11:56:34,lan/sala1/sensor/temp,19.87
2025-11-17 11:56:35,lan/sala2/sensor/temp,22.57
2025-11-17 11:56:35,lan/sala1/sensor/hum,29.93
2025-11-17 11:56:36,lan/sala1/sensor/temp,19.71
2025-11-17 11:56:37,lan/sala2/sensor/temp,27.2
2025-11-17 11:56:37,lan/sala1/sensor/hum,29.43
2025-11-17 11:56:38,lan/sala1/sensor/temp,25.82
2025-11-17 11:56:39,lan/sala2/sensor/temp,21.72
2025-11-17 11:56:39,lan/sala1/sensor/hum,20.03
2025-11-17 11:56:40,lan/sala1/sensor/temp,29.45
2025-11-17 11:56:41,lan/sala2/sensor/temp,27.33
2025-11-17 11:56:41,lan/sala1/sensor/hum,21.66
2025-11-17 11:56:42,lan/sala1/sensor/temp,21.45
2025-11-17 11:56:43,lan/sala2/sensor/temp,23.3
2025-11-17 11:56:43,lan/sala1/sensor/hum,29.1
2025-11-17 11:56:44,lan/sala1/sensor/temp,22.63
2025-11-17 11:56:45,lan/sala2/sensor/temp,20.15
2025-11-17 11:56:45,lan/sala1/sensor/hum,24.68
2025-11-17 11:56:46,lan/sala1/sensor/temp,23.47
2025-11-17 11:56:47,lan/sala2/sensor/temp,26.24
2025-11-17 11:56:47,lan/sala1/sensor/hum,23.45
2025-11-17 11:56:48,lan/sala1/sensor/temp,21.88
2025-11-17 11:56:49,lan/sala2/sensor/temp,25.68
2025-11-17 11:56:49,lan/sala1/sensor/hum,27.25
2025-11-17 11:56:50,lan/sala1/sensor/temp,21.49
2025-11-17 11:56:51,lan/sala2/sensor/temp,27.99
2025-11-17 11:56:51,lan/sala1/sensor/hum,20.75
2025-11-17 11:56:52,lan/sala1/sensor/temp,20.67
2025-11-17 11:56:53,lan/sala2/sensor/temp,23.99
2025-11-17 11:56:53,lan/sala1/sensor/hum,24.98
2025-11-17 11:56:54,lan/sala1/sensor/temp,18.55
2025-11-17 11:56:55,lan/sala2/sensor/temp,19.95
2025-11-17 11:56:55,lan/sala1/sensor/hum,18.96
2025-11-17 11:56:56,lan/sala1/sensor/temp,22.53
2025-11-17 11:56:57,lan/sala2/sensor/temp,18.47
2025-11-17 11:56:57,lan/sala1/sensor/hum,21.01
2025-11-17 11:56:58,lan/sala1/sensor/temp,29.17
2025-11-17 11:56:59,lan/sala2/sensor/temp,25.99
2025-11-17 11:56:59,lan/sala1/sensor/hum,24.92
2025-11-17 11:57:00,lan/sala1/sensor/temp,24.83
2025-11-17 11:57:01,lan/sala2/sensor/temp,29.1
2025-11-17 11:57:01,lan/sala1/sensor/hum,27.28
2025-11-17 11:57:02,lan/sala1/sensor/temp,21.66
2025-11-17 11:57:03,lan/sala2/sensor/temp,23.44
2025-11-17 11:57:03,lan/sala1/sensor/hum,27.15
2025-11-17 11:57:04,lan/sala1/sensor/temp,18.82
2025-11-17 11:57:05,lan/sala2/sensor/temp,26.84
2025-11-17 11:57:05,lan/sala1/sensor/hum,21.71
2025-11-17 11:57:06,lan/sala1/sensor/temp,20.57
2025-11-17 11:57:07,lan/sala2/sensor/temp,19.08
2025-11-17 11:57:07,lan/sala1/sensor/hum,29.41
2025-11-17 11:57:08,lan/sala1/sensor/temp,22.08
2025-11-17 11:57:09,lan/sala2/sensor/temp,19.3
2025-11-17 11:57:09,lan/sala1/sensor/hum,27.7
2025-11-17 11:57:10,lan/sala1/sensor/temp,18.88
2025-11-17 11:57:11,lan/sala2/sensor/temp,23.85
2025-11-17 11:57:11,lan/sala1/sensor/hum,28.07
2025-11-17 11:57:12,lan/sala1/sensor/temp,27.39
2025-11-17 11:57:13,lan/sala2/sensor/temp,27.23
2025-11-17 11:57:13,lan/sala1/sensor/hum,29.07
2025-11-17 11:57:14,lan/sala1/sensor/temp,20.46
2025-11-17 11:57:15,lan/sala2/sensor/temp,25.12
2025-11-17 11:57:15,lan/sala1/sensor/hum,27.67
2025-11-17 11:57:16,lan/sala1/sensor/temp,22.07
2025-11-17 11:57:17,lan/sala2/sensor/temp,21.88
2025-11-17 11:57:17,lan/sala1/sensor/hum,18.7
2025-11-17 11:57:18,lan/sala1/sensor/temp,24.86
2025-11-17 11:57:19,lan/sala2/sensor/temp,29.42
2025-11-17 11:57:19,lan/sala1/sensor/hum,29.46
2025-11-17 11:57:20,lan/sala1/sensor/temp,29.97
2025-11-17 11:57:21,lan/sala2/sensor/temp,28.07
2025-11-17 11:57:21,lan/sala1/sensor/hum,24.8
2025-11-17 11:57:22,lan/sala1/sensor/temp,25.63
2025-11-17 11:57:23,lan/sala2/sensor/temp,20.2
2025-11-17 11:57:23,lan/sala1/sensor/hum,27.68
2025-11-17 11:57:24,lan/sala1/sensor/temp,20.6
2025-11-17 11:57:25,lan/sala2/sensor/temp,22.73
2025-11-17 11:57:25,lan/sala1/sensor/hum,25.54
2025-11-17 11:57:26,lan/sala1/sensor/temp,19.01
2025-11-17 11:57:27,lan/sala2/sensor/temp,29.78
2025-11-17 11:57:27,lan/sala1/sensor/hum,29.93
2025-11-17 11:57:28,lan/sala1/sensor/temp,23.19
2025-11-17 11:57:29,lan/sala2/sensor/temp,28.77
2025-11-17 11:57:29,lan/sala1/sensor/hum,25.5
2025-11-17 11:57:30,lan/sala1/sensor/temp,20.13
2025-11-17 11:57:31,lan/sala2/sensor/temp,26.53
2025-11-17 11:57:31,lan/sala1/sensor/hum,25.56
2025-11-17 11:57:32,lan/sala1/sensor/temp,26.69
2025-11-17 11:57:33,lan/sala2/sensor/temp,18.43
2025-11-17 11:57:33,lan/sala1/sensor/hum,18.61
2025-11-17 11:57:34,lan/sala1/sensor/temp,21.0
2025-11-17 11:57:35,lan/sala2/sensor/temp,29.24
2025-11-17 11:57:35,lan/sala1/sensor/hum,18.19
2025-11-17 11:57:36,lan/sala1/sensor/temp,26.59
2025-11-17 11:57:37,lan/sala2/sensor/temp,29.23
2025-11-17 11:57:37,lan/sala1/sensor/hum,27.68
2025-11-17 11:57:38,lan/sala1/sensor/temp,28.39
2025-11-17 11:57:39,lan/sala2/sensor/temp,18.27
2025-11-17 11:57:39,lan/sala1/sensor/hum,27.33
2025-11-17 11:57:40,lan/sala1/sensor/temp,26.54
2025-11-17 11:57:41,lan/sala2/sensor/temp,23.42
2025-11-17 11:57:41,lan/sala1/sensor/hum,28.75
2025-11-17 11:57:42,lan/sala1/sensor/temp,24.15
2025-11-17 11:57:43,lan/sala2/sensor/temp,23.02
2025-11-17 11:57:43,lan/sala1/sensor/hum,18.86
2025-11-17 11:57:44,lan/sala1/sensor/temp,27.77
2025-11-17 11:57:45,lan/sala2/sensor/temp,24.24
2025-11-17 11:57:45,lan/sala1/sensor/hum,21.12
2025-11-17 11:57:46,lan/sala1/sensor/temp,23.99
2025-11-17 11:57:47,lan/sala2/sensor/temp,26.61
2025-11-17 11:57:47,lan/sala1/sensor/hum,25.46
2025-11-17 11:57:48,lan/sala1/sensor/temp,22.98
2025-11-17 11:57:49,lan/sala2/sensor/temp,18.26
2025-11-17 11:57:49,lan/sala1/sensor/hum,21.99
2025-11-17 11:57:50,lan/sala1/sensor/temp,18.71
2025-11-17 11:57:51,lan/sala2/sensor/temp,18.2
2025-11-17 11:57:51,lan/sala1/sensor/hum,20.33
2025-11-17 11:57:52,lan/sala1/sensor/temp,29.62
2025-11-17 11:57:53,lan/sala2/sensor/temp,25.65
2025-11-17 11:57:53,lan/sala1/sensor/hum,18.49
2025-11-17 11:57:54,lan/sala1/sensor/temp,23.74
2025-11-17 11:57:55,lan/sala2/sensor/temp,23.58
2025-11-17 11:57:55,lan/sala1/sensor/hum,20.36
2025-11-17 11:57:56,lan/sala1/sensor/temp,19.3
2025-11-17 11:57:57,lan/sala2/sensor/temp,19.09
2025-11-17 11:57:57,lan/sala1/sensor/hum,24.63
2025-11-17 11:57:58,lan/sala1/sensor/temp,18.28
2025-11-17 11:57:59,lan/sala2/sensor/temp,18.73
2025-11-17 11:57:59,lan/sala1/sensor/hum,21.39
2025-11-17 11:58:00,lan/sala1/sensor/temp,28.67
2025-11-17 11:58:01,lan/sala2/sensor/temp,28.16
2025-11-17 11:58:01,lan/sala1/sensor/hum,27.82
2025-11-17 11:58:02,lan/sala1/sensor/temp,23.85
2025-11-17 11:58:03,lan/sala2/sensor/temp,25.99
2025-11-17 11:58:03,lan/sala1/sensor/hum,18.8
2025-11-17 11:58:04,lan/sala1/sensor/temp,21.73
2025-11-17 11:58:05,lan/sala2/sensor/temp,26.83
2025-11-17 11:58:05,lan/sala1/sensor/hum,26.86
2025-11-17 11:58:06,lan/sala1/sensor/temp,28.14
2025-11-17 11:58:07,lan/sala2/sensor/temp,19.75
2025-11-17 11:58:07,lan/sala1/sensor/hum,18.94
2025-11-17 11:58:08,lan/sala1/sensor/temp,22.77
2025-11-17 11:58:09,lan/sala2/sensor/temp,24.5
2025-11-17 11:58:09,lan/sala1/sensor/hum,29.27
2025-11-17 11:58:10,lan/sala1/sensor/temp,26.6
2025-11-17 11:58:11,lan/sala2/sensor/temp,23.33
2025-11-17 11:58:11,lan/sala1/sensor/hum,21.49
2025-11-17 11:58:12,lan/sala1/sensor/temp,20.56
2025-11-17 11:58:13,lan/sala2/sensor/temp,27.27
2025-11-17 11:58:13,lan/sala1/sensor/hum,20.4
2025-11-17 11:58:14,lan/sala1/sensor/temp,18.17
2025-11-17 11:58:15,lan/sala2/sensor/temp,21.75
2025-11-17 11:58:15,lan/sala1/sensor/hum,23.06
2025-11-17 11:58:16,lan/sala1/sensor/temp,24.36
2025-11-17 11:58:17,lan/sala2/sensor/temp,18.37
2025-11-17 11:58:17,lan/sala1/sensor/hum,23.8
2025-11-17 11:58:18,lan/sala1/sensor/temp,27.38
2025-11-17 11:58:19,lan/sala2/sensor/temp,19.59
2025-11-17 11:58:19,lan/sala1/sensor/hum,23.89
2025-11-17 11:58:20,lan/sala1/sensor/temp,20.9
2025-11-17 11:58:21,lan/sala2/sensor/temp,18.23
2025-11-17 11:58:21,lan/sala1/sensor/hum,19.2
2025-11-17 11:58:22,lan/sala1/sensor/temp,23.24
2025-11-17 11:58:23,lan/sala2/sensor/temp,22.74
2025-11-17 11:58:23,lan/sala1/sensor/hum,20.09
2025-11-17 11:58:24,lan/sala1/sensor/temp,25.4
2025-11-17 11:58:25,lan/sala2/sensor/temp,19.85
2025-11-17 11:58:25,lan/sala1/sensor/hum,27.47
2025-11-17 11:58:26,lan/sala1/sensor/temp,26.84
2025-11-17 11:58:27,lan/sala2/sensor/temp,24.46
2025-11-17 11:58:27,lan/sala1/sensor/hum,28.96
2025-11-17 11:58:28,lan/sala1/sensor/temp,27.34
2025-11-17 11:58:29,lan/sala2/sensor/temp,19.19
2025-11-17 11:58:29,lan/sala1/sensor/hum,19.05
2025-11-17 11:58:30,lan/sala1/sensor/temp,24.83
2025-11-17 11:58:31,lan/sala2/sensor/temp,27.84
2025-11-17 11:58:31,lan/sala1/sensor/hum,19.37
2025-11-17 11:58:32,lan/sala1/sensor/temp,24.73
2025-11-17 11:58:33,lan/sala2/sensor/temp,18.21
2025-11-17 11:58:33,lan/sala1/sensor/hum,19.97
2025-11-17 11:58:34,lan/sala1/sensor/temp,26.95
2025-11-17 11:58:35,lan/sala2/sensor/temp,28.52
2025-11-17 11:58:35,lan/sala1/sensor/hum,21.81
2025-11-17 11:58:36,lan/sala1/sensor/temp,21.74
2025-11-17 11:58:37,lan/sala2/sensor/temp,29.91
2025-11-17 11:58:37,lan/sala1/sensor/hum,18.89
2025-11-17 11:58:38,lan/sala1/sensor/temp,24.44
2025-11-17 11:58:39,lan/sala2/sensor/temp,18.98
2025-11-17 11:58:39,lan/sala1/sensor/hum,23.34
2025-11-17 11:58:40,lan/sala1/sensor/temp,18.64
2025-11-17 11:58:41,lan/sala2/sensor/temp,27.62
2025-11-17 11:58:41,lan/sala1/sensor/hum,19.0
2025-11-17 11:58:42,lan/sala1/sensor/temp,24.36
2025-11-17 11:58:43,lan/sala2/sensor/temp,27.01
2025-11-17 11:58:43,lan/sala1/sensor/hum,25.3
2025-11-17 11:58:44,lan/sala1/sensor/temp,25.67
2025-11-17 11:58:45,lan/sala2/sensor/temp,23.7
2025-11-17 11:58:45,lan/sala1/sensor/hum,25.34
2025-11-17 11:58:46,lan/sala1/sensor/temp,23.06
2025-11-17 11:58:47,lan/sala2/sensor/temp,21.33
2025-11-17 11:58:47,lan/sala1/sensor/hum,26.75
2025-11-17 11:58:48,lan/sala1/sensor/temp,29.58
2025-11-17 11:58:49,lan/sala2/sensor/temp,22.34
2025-11-17 11:58:49,lan/sala1/sensor/hum,20.73
2025-11-17 11:58:50,lan/sala1/sensor/temp,28.38
2025-11-17 11:58:51,lan/sala2/sensor/temp,25.63
2025-11-17 11:58:51,lan/sala1/sensor/hum,28.78
2025-11-17 11:58:52,lan/sala1/sensor/temp,21.83
2025-11-17 11:58:53,lan/sala2/sensor/temp,20.03
2025-11-17 11:58:53,lan/sala1/sensor/hum,26.79
2025-11-17 11:58:54,lan/sala1/sensor/temp,22.96
2025-11-17 11:58:55,lan/sala2/sensor/temp,19.21
2025-11-17 11:58:56,lan/sala1/sensor/hum,22.18
2025-11-17 11:58:56,lan/sala1/sensor/temp,22.27
2025-11-17 11:58:57,lan/sala2/sensor/temp,28.01
2025-11-17 11:58:58,lan/sala1/sensor/hum,18.83
2025-11-17 11:58:58,lan/sala1/sensor/temp,21.59
2025-11-17 11:58:59,lan/sala2/sensor/temp,20.84
2025-11-17 11:59:00,lan/sala1/sensor/hum,24.56
2025-11-17 11:59:01,lan/sala1/sensor/temp,21.51
2025-11-17 11:59:01,lan/sala2/sensor/temp,21.37
2025-11-17 11:59:01,lan/sala1/sensor/hum,22.45
2025-11-17 11:59:02,lan/sala1/sensor/temp,19.2
2025-11-17 11:59:03,lan/sala2/sensor/temp,29.1
2025-11-17 11:59:03,lan/sala1/sensor/hum,28.48
2025-11-17 11:59:04,lan/sala1/sensor/temp,23.46
2025-11-17 11:59:05,lan/sala2/sensor/temp,25.62
2025-11-17 11:59:05,lan/sala1/sensor/hum,18.35
2025-11-17 11:59:06,lan/sala1/sensor/temp,25.4
2025-11-17 11:59:07,lan/sala2/sensor/temp,18.75
2025-11-17 11:59:07,lan/sala1/sensor/hum,26.09
2025-11-17 11:59:08,lan/sala1/sensor/temp,23.09
2025-11-17 11:59:09,lan/sala2/sensor/temp,28.36
2025-11-17 11:59:10,lan/sala1/sensor/hum,26.84
2025-11-17 11:59:10,lan/sala1/sensor/temp,20.62
2025-11-17 11:59:11,lan/sala2/sensor/temp,22.04
2025-11-17 11:59:12,lan/sala1/sensor/hum,22.46
2025-11-17 11:59:12,lan/sala1/sensor/temp,20.07
2025-11-17 11:59:13,lan/sala2/sensor/temp,29.53
2025-11-17 11:59:14,lan/sala1/sensor/hum,18.48
2025-11-17 11:59:15,lan/sala1/sensor/temp,23.97
2025-11-17 11:59:15,lan/sala2/sensor/temp,24.33
2025-11-17 11:59:16,lan/sala1/sensor/hum,27.51
2025-11-17 11:59:16,lan/sala1/sensor/temp,25.09
2025-11-17 11:59:17,lan/sala2/sensor/temp,21.38
2025-11-17 11:59:18,lan/sala1/sensor/hum,23.45
2025-11-17 11:59:19,lan/sala1/sensor/temp,28.01
2025-11-17 11:59:19,lan/sala2/sensor/temp,25.06
2025-11-17 11:59:20,lan/sala1/sensor/hum,29.38
2025-11-17 11:59:20,lan/sala1/sensor/temp,22.57
2025-11-17 11:59:22,lan/sala2/sensor/temp,28.5
2025-11-17 11:59:23,lan/sala1/sensor/hum,26.82
2025-11-17 11:59:23,lan/sala1/sensor/temp,29.87
2025-11-17 11:59:25,lan/sala2/sensor/temp,27.78
2025-11-17 11:59:25,lan/sala1/sensor/hum,28.43
2025-11-17 11:59:25,lan/sala1/sensor/temp,23.8
2025-11-17 11:59:26,lan/sala2/sensor/temp,24.55
2025-11-17 11:59:26,lan/sala1/sensor/hum,18.4
2025-11-17 11:59:26,lan/sala1/sensor/temp,23.15
2025-11-17 11:59:27,lan/sala2/sensor/temp,23.64
2025-11-17 11:59:27,lan/sala1/sensor/hum,21.19
2025-11-17 11:59:28,lan/sala1/sensor/temp,25.11
2025-11-17 11:59:29,lan/sala2/sensor/temp,18.47
2025-11-17 11:59:29,lan/sala1/sensor/hum,26.12
2025-11-17 11:59:30,lan/sala1/sensor/temp,25.45
2025-11-17 11:59:31,lan/sala2/sensor/temp,29.56
2025-11-17 11:59:31,lan/sala1/sensor/hum,19.17
2025-11-17 11:59:32,lan/sala1/sensor/temp,20.65
2025-11-17 11:59:33,lan/sala2/sensor/temp,25.73
2025-11-17 11:59:33,lan/sala1/sensor/hum,19.38
2025-11-17 11:59:34,lan/sala1/sensor/temp,25.55
2025-11-17 11:59:35,lan/sala2/sensor/temp,22.94
2025-11-17 11:59:35,lan/sala1/sensor/hum,21.65
2025-11-17 11:59:36,lan/sala1/sensor/temp,24.8
2025-11-17 11:59:37,lan/sala2/sensor/temp,27.9
2025-11-17 11:59:37,lan/sala1/sensor/hum,28.28
2025-11-17 11:59:38,lan/sala1/sensor/temp,29.38
2025-11-17 11:59:39,lan/sala2/sensor/temp,26.4
2025-11-17 11:59:39,lan/sala1/sensor/hum,29.8
2025-11-17 11:59:40,lan/sala1/sensor/temp,21.97
2025-11-17 11:59:41,lan/sala2/sensor/temp,24.05
2025-11-17 11:59:41,lan/sala1/sensor/hum,29.35
2025-11-17 11:59:42,lan/sala1/sensor/temp,20.66
2025-11-17 11:59:43,lan/sala2/sensor/temp,20.06
2025-11-17 11:59:43,lan/sala1/sensor/hum,22.93
2025-11-17 11:59:44,lan/sala1/sensor/temp,23.17
2025-11-17 11:59:45,lan/sala2/sensor/temp,23.95
2025-11-17 11:59:45,lan/sala1/sensor/hum,28.33
2025-11-17 11:59:46,lan/sala1/sensor/temp,26.81
2025-11-17 11:59:47,lan/sala2/sensor/temp,25.18
2025-11-17 11:59:48,lan/sala1/sensor/hum,26.38
2025-11-17 11:59:49,lan/sala1/sensor/temp,26.85
2025-11-17 11:59:49,lan/sala2/sensor/temp,21.93
2025-11-17 11:59:50,lan/sala1/sensor/hum,18.82
2025-11-17 11:59:51,lan/sala1/sensor/temp,21.96
2025-11-17 11:59:51,lan/sala2/sensor/temp,26.63
2025-11-17 11:59:52,lan/sala1/sensor/hum,29.38
2025-11-17 11:59:52,lan/sala1/sensor/temp,18.17
2025-11-17 11:59:53,lan/sala2/sensor/temp,21.89
2025-11-17 11:59:53,lan/sala1/sensor/hum,26.98
2025-11-17 11:59:54,lan/sala1/sensor/temp,21.27
2025-11-17 11:59:55,lan/sala2/sensor/temp,27.79
2025-11-17 11:59:55,lan/sala1/sensor/hum,22.01
2025-11-17 11:59:56,lan/sala1/sensor/temp,26.3
2025-11-17 11:59:57,lan/sala2/sensor/temp,26.24
2025-11-17 11:59:57,lan/sala1/sensor/hum,25.66
2025-11-17 11:59:58,lan/sala1/sensor/temp,28.05
2025-11-17 11:59:59,lan/sala2/sensor/temp,20.63
2025-11-17 12:00:00,lan/sala1/sensor/temp,20.72
2025-11-17 12:00:00,lan/sala1/sensor/hum,24.47
2025-11-17 12:00:01,lan/sala2/sensor/temp,23.51
2025-11-17 12:00:01,lan/sala1/sensor/hum,21.08
2025-11-17 12:00:02,lan/sala1/sensor/temp,27.16
2025-11-17 12:00:03,lan/sala2/sensor/temp,24.32
2025-11-17 12:00:03,lan/sala1/sensor/hum,27.91
2025-11-17 12:00:04,lan/sala1/sensor/temp,27.88
2025-11-17 12:00:05,lan/sala2/sensor/temp,19.99
2025-11-17 12:00:05,lan/sala1/sensor/hum,26.57
2025-11-17 12:00:06,lan/sala1/sensor/temp,28.86
2025-11-17 12:00:07,lan/sala2/sensor/temp,26.2
2025-11-17 12:00:07,lan/sala1/sensor/hum,25.63
2025-11-17 12:00:08,lan/sala1/sensor/temp,23.25
2025-11-17 12:00:09,lan/sala2/sensor/temp,23.5
2025-11-17 12:00:09,lan/sala1/sensor/hum,28.84
2025-11-17 12:00:10,lan/sala1/sensor/temp,25.76
2025-11-17 12:00:11,lan/sala2/sensor/temp,28.4
2025-11-17 12:00:11,lan/sala1/sensor/hum,18.59
2025-11-17 12:00:12,lan/sala1/sensor/temp,28.09
2025-11-17 12:00:13,lan/sala2/sensor/temp,20.87
2025-11-17 12:00:14,lan/sala1/sensor/hum,28.84
2025-11-17 12:00:14,lan/sala1/sensor/temp,19.94
2025-11-17 12:00:15,lan/sala2/sensor/temp,25.89
2025-11-17 12:00:15,lan/sala1/sensor/hum,24.23
2025-11-17 12:00:16,lan/sala1/sensor/temp,25.32
2025-11-17 12:00:17,lan/sala2/sensor/temp,22.54
2025-11-17 12:00:17,lan/sala1/sensor/hum,20.0
2025-11-17 12:00:18,lan/sala1/sensor/temp,29.48
2025-11-17 12:00:19,lan/sala2/sensor/temp,29.54
2025-11-17 12:00:19,lan/sala1/sensor/hum,23.94
2025-11-17 12:00:20,lan/sala1/sensor/temp,22.17
2025-11-17 12:00:21,lan/sala2/sensor/temp,19.37
2025-11-17 12:00:21,lan/sala1/sensor/hum,28.64
2025-11-17 12:00:22,lan/sala1/sensor/temp,23.88
2025-11-17 12:00:23,lan/sala2/sensor/temp,28.48
2025-11-17 12:00:23,lan/sala1/sensor/hum,27.54
2025-11-17 12:00:24,lan/sala1/sensor/temp,20.96
2025-11-17 12:00:25,lan/sala2/sensor/temp,20.51
2025-11-17 12:00:25,lan/sala1/sensor/hum,20.18
2025-11-17 12:00:26,lan/sala1/sensor/temp,27.02
2025-11-17 12:00:27,lan/sala2/sensor/temp,20.31
2025-11-17 12:00:27,lan/sala1/sensor/hum,21.83
2025-11-17 12:00:28,lan/sala1/sensor/temp,21.19
2025-11-17 12:00:29,lan/sala2/sensor/temp,21.83
2025-11-17 12:00:29,lan/sala1/sensor/hum,23.62
2025-11-17 12:00:30,lan/sala1/sensor/temp,25.97
2025-11-17 12:00:31,lan/sala2/sensor/temp,26.54
2025-11-17 12:00:32,lan/sala1/sensor/hum,21.38
2025-11-17 12:00:32,lan/sala1/sensor/temp,29.0
2025-11-17 12:00:33,lan/sala2/sensor/temp,28.29
2025-11-17 12:00:33,lan/sala1/sensor/hum,28.24
2025-11-17 12:00:34,lan/sala1/sensor/temp,29.01
2025-11-17 12:00:35,lan/sala2/sensor/temp,20.63
2025-11-17 12:00:36,lan/sala1/sensor/hum,28.76
2025-11-17 12:00:36,lan/sala1/sensor/temp,25.03
2025-11-17 12:00:37,lan/sala2/sensor/temp,26.82
2025-11-17 12:00:37,lan/sala1/sensor/hum,25.52
2025-11-17 12:00:38,lan/sala1/sensor/temp,21.54
2025-11-17 12:00:39,lan/sala2/sensor/temp,18.97
2025-11-17 12:00:39,lan/sala1/sensor/hum,19.88
2025-11-17 12:00:40,lan/sala1/sensor/temp,20.58
2025-11-17 12:00:41,lan/sala2/sensor/temp,21.03
2025-11-17 12:00:41,lan/sala1/sensor/hum,26.38
2025-11-17 12:00:42,lan/sala1/sensor/temp,21.21
2025-11-17 12:00:43,lan/sala2/sensor/temp,24.19
2025-11-17 12:00:43,lan/sala1/sensor/hum,24.6
2025-11-17 12:00:44,lan/sala1/sensor/temp,23.32
2025-11-17 12:00:45,lan/sala2/sensor/temp,18.52
2025-11-17 12:00:45,lan/sala1/sensor/hum,21.52
2025-11-17 12:00:46,lan/sala1/sensor/temp,24.96
2025-11-17 12:00:47,lan/sala2/sensor/temp,29.14
2025-11-17 12:00:47,lan/sala1/sensor/hum,27.63
2025-11-17 12:00:48,lan/sala1/sensor/temp,29.89
2025-11-17 12:00:49,lan/sala2/sensor/temp,29.01
2025-11-17 12:00:50,lan/sala1/sensor/hum,26.71
2025-11-17 12:00:50,lan/sala1/sensor/temp,25.69
2025-11-17 12:00:51,lan/sala2/sensor/temp,24.44
2025-11-17 12:00:51,lan/sala1/sensor/hum,28.3
2025-11-17 12:00:52,lan/sala1/sensor/temp,29.07
2025-11-17 12:00:53,lan/sala2/sensor/temp,21.05
2025-11-17 12:00:53,lan/sala1/sensor/hum,25.04
2025-11-17 12:00:54,lan/sala1/sensor/temp,28.93
2025-11-17 12:00:55,lan/sala2/sensor/temp,21.83
2025-11-17 12:00:55,lan/sala1/sensor/hum,28.47
2025-11-17 12:00:56,lan/sala1/sensor/temp,26.37
2025-11-17 12:00:57,lan/sala2/sensor/temp,27.25
2025-11-17 12:00:57,lan/sala1/sensor/hum,21.12
2025-11-17 12:00:58,lan/sala1/sensor/temp,27.89
2025-11-17 12:00:59,lan/sala2/sensor/temp,21.23
2025-11-17 12:00:59,lan/sala1/sensor/hum,29.67
2025-11-17 12:01:00,lan/sala1/sensor/temp,23.63
2025-11-17 12:01:01,lan/sala2/sensor/temp,20.1
2025-11-17 12:01:01,lan/sala1/sensor/hum,27.62
2025-11-17 12:01:02,lan/sala1/sensor/temp,29.13
2025-11-17 12:01:03,lan/sala2/sensor/temp,27.81
2025-11-17 12:01:04,lan/sala1/sensor/hum,26.26
2025-11-17 12:01:04,lan/sala1/sensor/temp,25.1
2025-11-17 12:01:05,lan/sala2/sensor/temp,28.27
2025-11-17 12:01:06,lan/sala1/sensor/hum,22.07
2025-11-17 12:01:06,lan/sala1/sensor/temp,26.19
2025-11-17 12:01:07,lan/sala2/sensor/temp,25.04
2025-11-17 12:01:08,lan/sala1/sensor/hum,18.57
2025-11-17 12:01:08,lan/sala1/sensor/temp,18.94
2025-11-17 12:01:09,lan/sala2/sensor/temp,23.92
2025-11-17 12:01:10,lan/sala1/sensor/hum,20.34
2025-11-17 12:01:10,lan/sala1/sensor/temp,20.85
2025-11-17 12:01:11,lan/sala2/sensor/temp,27.25
2025-11-17 12:01:12,lan/sala1/sensor/hum,27.58
2025-11-17 12:01:12,lan/sala1/sensor/temp,20.16
2025-11-17 12:01:13,lan/sala2/sensor/temp,25.21
2025-11-17 12:01:14,lan/sala1/sensor/hum,19.59
2025-11-17 12:01:14,lan/sala1/sensor/temp,20.79
2025-11-17 12:01:15,lan/sala2/sensor/temp,20.28
2025-11-17 12:01:16,lan/sala1/sensor/hum,21.07
2025-11-17 12:01:16,lan/sala1/sensor/temp,21.45
2025-11-17 12:01:17,lan/sala2/sensor/temp,29.81
2025-11-17 12:01:18,lan/sala1/sensor/hum,26.73
2025-11-17 12:01:18,lan/sala1/sensor/temp,28.31
2025-11-17 12:01:19,lan/sala2/sensor/temp,24.19
2025-11-17 12:01:20,lan/sala1/sensor/hum,21.06
2025-11-17 12:01:20,lan/sala1/sensor/temp,22.64
2025-11-17 12:01:21,lan/sala2/sensor/temp,24.29
2025-11-17 12:01:22,lan/sala1/sensor/hum,26.86
2025-11-17 12:01:22,lan/sala1/sensor/temp,26.28
2025-11-17 12:01:23,lan/sala2/sensor/temp,26.31
2025-11-17 12:01:24,lan/sala1/sensor/hum,22.26
2025-11-17 12:01:24,lan/sala1/sensor/temp,23.17
2025-11-17 12:01:25,lan/sala2/sensor/temp,23.87
2025-11-17 12:01:26,lan/sala1/sensor/hum,22.17
2025-11-17 12:01:26,lan/sala1/sensor/temp,28.43
2025-11-17 12:01:27,lan/sala2/sensor/temp,25.34
2025-11-17 12:01:28,lan/sala1/sensor/hum,27.99
2025-11-17 12:01:30,lan/sala1/sensor/temp,24.58
2025-11-17 12:01:31,lan/sala2/sensor/temp,26.55
2025-11-17 12:01:31,lan/sala1/sensor/hum,25.63
2025-11-17 12:01:31,lan/sala1/sensor/temp,25.18
2025-11-17 12:01:31,lan/sala2/sensor/temp,21.18
2025-11-17 12:01:32,lan/sala1/sensor/hum,20.8
2025-11-17 12:01:32,lan/sala1/sensor/temp,22.72
2025-11-17 12:01:33,lan/sala2/sensor/temp,26.2
2025-11-17 12:01:34,lan/sala1/sensor/hum,26.87
2025-11-17 12:01:34,lan/sala1/sensor/temp,18.71
2025-11-17 12:01:35,lan/sala2/sensor/temp,23.86
2025-11-17 12:01:36,lan/sala1/sensor/hum,21.98
2025-11-17 12:01:36,lan/sala1/sensor/temp,25.92
2025-11-17 12:01:37,lan/sala2/sensor/temp,21.47
2025-11-17 12:01:38,lan/sala1/sensor/hum,19.87
2025-11-17 12:01:38,lan/sala1/sensor/temp,25.09
2025-11-17 12:01:39,lan/sala2/sensor/temp,18.88
2025-11-17 12:01:40,lan/sala1/sensor/hum,21.8
2025-11-17 12:01:40,lan/sala1/sensor/temp,29.61
2025-11-17 12:01:41,lan/sala2/sensor/temp,24.02
2025-11-17 12:01:42,lan/sala1/sensor/hum,24.98
2025-11-17 12:01:42,lan/sala1/sensor/temp,25.62
2025-11-17 12:01:44,lan/sala2/sensor/temp,24.05
2025-11-17 12:01:44,lan/sala1/sensor/hum,18.42
2025-11-17 12:01:45,lan/sala1/sensor/temp,21.28
2025-11-17 12:01:46,lan/sala2/sensor/temp,26.73
2025-11-17 12:01:47,lan/sala1/sensor/hum,27.46
2025-11-17 12:01:47,lan/sala1/sensor/temp,21.82
2025-11-17 12:01:47,lan/sala2/sensor/temp,24.42
2025-11-17 12:01:48,lan/sala1/sensor/hum,25.29
2025-11-17 12:01:48,lan/sala1/sensor/temp,21.51
2025-11-17 12:01:49,lan/sala2/sensor/temp,22.44
2025-11-17 12:01:50,lan/sala1/sensor/hum,26.94
2025-11-17 12:01:50,lan/sala1/sensor/temp,25.12
2025-11-17 12:01:51,lan/sala2/sensor/temp,20.26
2025-11-17 12:01:52,lan/sala1/sensor/hum,24.65
2025-11-17 12:01:52,lan/sala1/sensor/temp,21.41
2025-11-17 12:01:54,lan/sala2/sensor/temp,21.24
2025-11-17 12:01:54,lan/sala1/sensor/hum,22.8
2025-11-17 12:01:55,lan/sala1/sensor/temp,25.78
2025-11-17 12:01:56,lan/sala2/sensor/temp,24.54
2025-11-17 12:01:57,lan/sala1/sensor/hum,27.97
2025-11-17 12:01:57,lan/sala1/sensor/temp,28.91
2025-11-17 12:01:57,lan/sala2/sensor/temp,22.95
2025-11-17 12:01:58,lan/sala1/sensor/hum,18.99
2025-11-17 12:01:58,lan/sala1/sensor/temp,19.19
2025-11-17 12:01:59,lan/sala2/sensor/temp,27.21
2025-11-17 12:02:00,lan/sala1/sensor/hum,24.37
2025-11-17 12:02:00,lan/sala1/sensor/temp,26.94
2025-11-17 12:02:01,lan/sala2/sensor/temp,23.91
2025-11-17 12:02:02,lan/sala1/sensor/hum,24.9
2025-11-17 12:02:02,lan/sala1/sensor/temp,18.77
2025-11-17 12:02:03,lan/sala2/sensor/temp,27.67
2025-11-17 12:02:04,lan/sala1/sensor/hum,24.8
2025-11-17 12:02:04,lan/sala1/sensor/temp,18.97
2025-11-17 12:02:05,lan/sala2/sensor/temp,23.48
2025-11-17 12:02:06,lan/sala1/sensor/hum,28.86
2025-11-17 12:02:07,lan/sala1/sensor/temp,25.14
2025-11-17 12:02:08,lan/sala2/sensor/temp,22.35
2025-11-17 12:02:08,lan/sala1/sensor/hum,26.59
2025-11-17 12:02:08,lan/sala1/sensor/temp,25.21
2025-11-17 12:02:09,lan/sala2/sensor/temp,20.79
2025-11-17 12:02:10,lan/sala1/sensor/hum,19.56
2025-11-17 12:02:10,lan/sala1/sensor/temp,29.36
2025-11-17 12:02:11,lan/sala2/sensor/temp,18.77
2025-11-17 12:02:12,lan/sala1/sensor/hum,18.2
2025-11-17 12:02:12,lan/sala1/sensor/temp,27.11
2025-11-17 12:02:13,lan/sala2/sensor/temp,28.44
2025-11-17 12:02:14,lan/sala1/sensor/hum,25.43
2025-11-17 12:02:15,lan/sala1/sensor/temp,23.42
2025-11-17 12:02:15,lan/sala2/sensor/temp,27.46
2025-11-17 12:02:16,lan/sala1/sensor/hum,23.8
2025-11-17 12:02:17,lan/sala1/sensor/temp,19.61
2025-11-17 12:02:19,lan/sala2/sensor/temp,20.29
2025-11-17 12:02:19,lan/sala1/sensor/hum,26.44
2025-11-17 12:02:19,lan/sala1/sensor/temp,25.57
2025-11-17 12:02:21,lan/sala2/sensor/temp,28.93
2025-11-17 12:02:21,lan/sala1/sensor/hum,21.65
2025-11-17 12:02:21,lan/sala1/sensor/temp,24.0
2025-11-17 12:02:23,lan/sala2/sensor/temp,27.19
2025-11-17 12:02:23,lan/sala1/sensor/hum,23.68
2025-11-17 12:02:23,lan/sala1/sensor/temp,20.37
2025-11-17 12:02:24,lan/sala2/sensor/temp,23.29
2025-11-17 12:02:25,lan/sala1/sensor/hum,24.08
2025-11-17 12:02:25,lan/sala1/sensor/temp,19.61
2025-11-17 12:02:25,lan/sala2/sensor/temp,27.32
2025-11-17 12:02:26,lan/sala1/sensor/hum,28.86
2025-11-17 12:02:27,lan/sala1/sensor/temp,19.71
2025-11-17 12:02:28,lan/sala2/sensor/temp,26.89
2025-11-17 12:02:28,lan/sala1/sensor/hum,28.27
2025-11-17 12:02:29,lan/sala1/sensor/temp,28.52
2025-11-17 12:02:29,lan/sala2/sensor/temp,22.94
2025-11-17 12:02:30,lan/sala1/sensor/hum,28.06
2025-11-17 12:02:30,lan/sala1/sensor/temp,24.04
2025-11-17 12:02:31,lan/sala2/sensor/temp,27.77
2025-11-17 12:02:32,lan/sala1/sensor/hum,27.24
2025-11-17 12:02:32,lan/sala1/sensor/temp,28.53
2025-11-17 12:02:33,lan/sala2/sensor/temp,25.39
2025-11-17 12:02:34,lan/sala1/sensor/hum,20.96
2025-11-17 12:02:34,lan/sala1/sensor/temp,29.84
2025-11-17 12:02:35,lan/sala2/sensor/temp,23.89
2025-11-17 12:02:36,lan/sala1/sensor/hum,23.78
2025-11-17 12:02:36,lan/sala1/sensor/temp,29.62
2025-11-17 12:02:37,lan/sala2/sensor/temp,22.56
2025-11-17 12:02:38,lan/sala1/sensor/hum,26.85
2025-11-17 12:02:38,lan/sala1/sensor/temp,23.62
2025-11-17 12:02:39,lan/sala2/sensor/temp,24.56
2025-11-17 12:02:40,lan/sala1/sensor/hum,24.04
2025-11-17 12:02:40,lan/sala1/sensor/temp,22.84
2025-11-17 12:02:41,lan/sala2/sensor/temp,24.9
2025-11-17 12:02:42,lan/sala1/sensor/hum,27.39
2025-11-17 12:02:42,lan/sala1/sensor/temp,26.27
2025-11-17 12:02:43,lan/sala2/sensor/temp,25.42
2025-11-17 12:02:44,lan/sala1/sensor/hum,29.97
2025-11-17 12:02:44,lan/sala1/sensor/temp,29.86
2025-11-17 12:02:45,lan/sala2/sensor/temp,26.16
2025-11-17 12:02:46,lan/sala1/sensor/hum,26.22
2025-11-17 12:02:46,lan/sala1/sensor/temp,27.59
2025-11-17 12:02:47,lan/sala2/sensor/temp,18.82
2025-11-17 12:02:48,lan/sala1/sensor/hum,27.71
2025-11-17 12:02:48,lan/sala1/sensor/temp,19.99
2025-11-17 12:02:49,lan/sala2/sensor/temp,23.97
2025-11-17 12:02:50,lan/sala1/sensor/hum,29.88
2025-11-17 12:02:50,lan/sala1/sensor/temp,29.0
2025-11-17 12:02:51,lan/sala2/sensor/temp,26.65
2025-11-17 12:02:52,lan/sala1/sensor/hum,18.11
2025-11-17 12:02:52,lan/sala1/sensor/temp,29.57
2025-11-17 12:02:53,lan/sala2/sensor/temp,20.13
2025-11-17 12:02:54,lan/sala1/sensor/hum,25.79
2025-11-17 12:02:54,lan/sala1/sensor/temp,22.62
2025-11-17 12:02:55,lan/sala2/sensor/temp,21.09
2025-11-17 12:02:56,lan/sala1/sensor/hum,18.38
2025-11-17 12:02:56,lan/sala1/sensor/temp,21.1
2025-11-17 12:02:57,lan/sala2/sensor/temp,27.76
2025-11-17 12:02:58,lan/sala1/sensor/hum,26.72
2025-11-17 12:02:58,lan/sala1/sensor/temp,27.49
2025-11-17 12:02:59,lan/sala2/sensor/temp,23.63
2025-11-17 12:03:00,lan/sala1/sensor/hum,23.0
2025-11-17 12:03:00,lan/sala1/sensor/temp,29.16
2025-11-17 12:03:01,lan/sala2/sensor/temp,24.04
2025-11-17 12:03:02,lan/sala1/sensor/hum,19.21
2025-11-17 12:03:02,lan/sala1/sensor/temp,25.7
2025-11-17 12:03:03,lan/sala2/sensor/temp,25.7
2025-11-17 12:03:04,lan/sala1/sensor/hum,20.06
2025-11-17 12:03:04,lan/sala1/sensor/temp,22.45
2025-11-17 12:03:05,lan/sala2/sensor/temp,20.65
2025-11-17 12:03:06,lan/sala1/sensor/hum,28.63
2025-11-17 12:03:06,lan/sala1/sensor/temp,27.61
2025-11-17 12:03:07,lan/sala2/sensor/temp,22.23
2025-11-17 12:03:08,lan/sala1/sensor/hum,29.19
2025-11-17 12:03:08,lan/sala1/sensor/temp,29.82
2025-11-17 12:03:09,lan/sala2/sensor/temp,24.37
2025-11-17 12:03:10,lan/sala1/sensor/hum,29.97
2025-11-17 12:03:10,lan/sala1/sensor/temp,27.69
2025-11-17 12:03:11,lan/sala2/sensor/temp,24.74
2025-11-17 12:03:12,lan/sala1/sensor/hum,28.29
2025-11-17 12:03:12,lan/sala1/sensor/temp,26.7
2025-11-17 12:03:13,lan/sala2/sensor/temp,29.18
2025-11-17 12:03:14,lan/sala1/sensor/hum,24.95
2025-11-17 12:03:14,lan/sala1/sensor/temp,22.05
2025-11-17 12:03:15,lan/sala2/sensor/temp,20.86
2025-11-17 12:03:16,lan/sala1/sensor/hum,21.53
2025-11-17 12:03:16,lan/sala1/sensor/temp,27.45
2025-11-17 12:03:17,lan/sala2/sensor/temp,26.36
2025-11-17 12:03:18,lan/sala1/sensor/hum,24.08
2025-11-17 12:03:18,lan/sala1/sensor/temp,27.57
2025-11-17 12:03:19,lan/sala2/sensor/temp,25.04
2025-11-17 12:03:20,lan/sala1/sensor/hum,28.21
2025-11-17 12:03:20,lan/sala1/sensor/temp,22.92
2025-11-17 12:03:21,lan/sala2/sensor/temp,18.49
2025-11-17 12:03:22,lan/sala1/sensor/hum,26.09
2025-11-17 12:03:22,lan/sala1/sensor/temp,19.66
2025-11-17 12:03:23,lan/sala2/sensor/temp,26.48
2025-11-17 12:03:24,lan/sala1/sensor/hum,28.99
2025-11-17 12:03:24,lan/sala1/sensor/temp,20.55
2025-11-17 12:03:25,lan/sala2/sensor/temp,20.54
2025-11-17 12:03:26,lan/sala1/sensor/hum,21.07
2025-11-17 12:03:26,lan/sala1/sensor/temp,21.29
2025-11-17 12:03:27,lan/sala2/sensor/temp,26.17
2025-11-17 12:03:28,lan/sala1/sensor/hum,22.29
2025-11-17 12:03:28,lan/sala1/sensor/temp,20.69
2025-11-17 12:03:29,lan/sala2/sensor/temp,24.11
2025-11-17 12:03:30,lan/sala1/sensor/hum,19.68
2025-11-17 12:03:30,lan/sala1/sensor/temp,24.79
2025-11-17 12:03:31,lan/sala2/sensor/temp,24.62
2025-11-17 12:03:32,lan/sala1/sensor/hum,22.47
2025-11-17 12:03:32,lan/sala1/sensor/temp,22.65
2025-11-17 12:03:33,lan/sala2/sensor/temp,21.96
2025-11-17 12:03:34,lan/sala1/sensor/hum,24.99
2025-11-17 12:03:34,lan/sala1/sensor/temp,24.89
2025-11-17 12:03:35,lan/sala2/sensor/temp,23.35
2025-11-17 12:03:36,lan/sala1/sensor/hum,22.79
2025-11-17 12:03:36,lan/sala1/sensor/temp,28.46
2025-11-17 12:03:37,lan/sala2/sensor/temp,28.99
2025-11-17 12:03:38,lan/sala1/sensor/hum,25.41
2025-11-17 12:03:38,lan/sala1/sensor/temp,26.46
2025-11-17 12:03:39,lan/sala2/sensor/temp,26.25
2025-11-17 12:03:40,lan/sala1/sensor/hum,20.94
2025-11-17 12:03:40,lan/sala1/sensor/temp,19.18
2025-11-17 12:03:41,lan/sala2/sensor/temp,24.53
2025-11-17 12:03:42,lan/sala1/sensor/hum,21.6
2025-11-17 12:03:42,lan/sala1/sensor/temp,28.49
2025-11-17 12:03:43,lan/sala2/sensor/temp,23.36
2025-11-17 12:03:44,lan/sala1/sensor/hum,18.87
2025-11-17 12:03:44,lan/sala1/sensor/temp,27.06
2025-11-17 12:03:45,lan/sala2/sensor/temp,25.44
2025-11-17 12:03:46,lan/sala1/sensor/hum,24.49
2025-11-17 12:03:46,lan/sala1/sensor/temp,19.76
2025-11-17 12:03:47,lan/sala2/sensor/temp,18.54
2025-11-17 12:03:48,lan/sala1/sensor/hum,21.05
2025-11-17 12:03:48,lan/sala1/sensor/temp,23.53
2025-11-17 12:03:49,lan/sala2/sensor/temp,28.83
2025-11-17 12:03:50,lan/sala1/sensor/hum,26.16
2025-11-17 12:03:50,lan/sala1/sensor/temp,20.2
2025-11-17 12:03:51,lan/sala2/sensor/temp,28.24
2025-11-17 12:03:52,lan/sala1/sensor/hum,18.85
2025-11-17 12:03:52,lan/sala1/sensor/temp,22.6
2025-11-17 12:03:53,lan/sala2/sensor/temp,20.59
2025-11-17 12:03:54,lan/sala1/sensor/hum,27.39
2025-11-17 12:03:54,lan/sala1/sensor/temp,25.02
2025-11-17 12:03:55,lan/sala2/sensor/temp,24.7
2025-11-17 12:03:56,lan/sala1/sensor/hum,29.53
2025-11-17 12:03:56,lan/sala1/sensor/temp,20.23
2025-11-17 12:03:57,lan/sala2/sensor/temp,26.31
2025-11-17 12:03:58,lan/sala1/sensor/hum,23.35
2025-11-17 12:03:58,lan/sala1/sensor/temp,27.52
2025-11-17 12:03:59,lan/sala2/sensor/temp,28.22
2025-11-17 12:04:00,lan/sala1/sensor/hum,22.91
2025-11-17 12:04:00,lan/sala1/sensor/temp,22.61
2025-11-17 12:04:01,lan/sala2/sensor/temp,18.1
2025-11-17 12:04:02,lan/sala1/sensor/hum,18.15
2025-11-17 12:04:02,lan/sala1/sensor/temp,24.49
2025-11-17 12:04:03,lan/sala2/sensor/temp,25.85
2025-11-17 12:04:04,lan/sala1/sensor/hum,23.28
2025-11-17 12:04:04,lan/sala1/sensor/temp,25.72
2025-11-17 12:04:05,lan/sala2/sensor/temp,29.85
2025-11-17 12:04:06,lan/sala1/sensor/hum,28.95
2025-11-17 12:04:06,lan/sala1/sensor/temp,18.58
2025-11-17 12:04:07,lan/sala2/sensor/temp,26.43
2025-11-17 12:04:08,lan/sala1/sensor/hum,20.11
2025-11-17 12:04:08,lan/sala1/sensor/temp,29.09
2025-11-17 12:04:09,lan/sala2/sensor/temp,20.58
2025-11-17 12:04:10,lan/sala1/sensor/hum,28.7
2025-11-17 12:04:10,lan/sala1/sensor/temp,18.21
2025-11-17 12:04:11,lan/sala2/sensor/temp,21.31
2025-11-17 12:04:12,lan/sala1/sensor/hum,29.15
2025-11-17 12:04:12,lan/sala1/sensor/temp,18.88
2025-11-17 12:04:13,lan/sala2/sensor/temp,23.52
2025-11-17 12:04:14,lan/sala1/sensor/hum,29.42
2025-11-17 12:04:14,lan/sala1/sensor/temp,19.4
2025-11-17 12:04:15,lan/sala2/sensor/temp,26.52
2025-11-17 12:04:16,lan/sala1/sensor/hum,28.7
2025-11-17 12:04:16,lan/sala1/sensor/temp,21.16
2025-11-17 12:04:17,lan/sala2/sensor/temp,27.95
2025-11-17 12:04:18,lan/sala1/sensor/hum,23.28
2025-11-17 12:04:18,lan/sala1/sensor/temp,27.97
2025-11-17 12:04:19,lan/sala2/sensor/temp,21.74
2025-11-17 12:04:20,lan/sala1/sensor/hum,26.38
2025-11-17 12:04:20,lan/sala1/sensor/temp,20.54
2025-11-17 12:04:21,lan/sala2/sensor/temp,22.81
2025-11-17 12:04:22,lan/sala1/sensor/hum,28.62
2025-11-17 12:04:22,lan/sala1/sensor/temp,20.83
2025-11-17 12:04:23,lan/sala2/sensor/temp,20.3
2025-11-17 12:04:24,lan/sala1/sensor/hum,24.27
2025-11-17 12:04:24,lan/sala1/sensor/temp,18.7
2025-11-17 12:04:25,lan/sala2/sensor/temp,25.24
2025-11-17 12:04:26,lan/sala1/sensor/hum,20.88
2025-11-17 12:04:26,lan/sala1/sensor/temp,29.09
2025-11-17 12:04:27,lan/sala2/sensor/temp,29.49
2025-11-17 12:04:28,lan/sala1/sensor/hum,28.7
2025-11-17 12:04:28,lan/sala1/sensor/temp,26.72
2025-11-17 12:04:29,lan/sala2/sensor/temp,21.75
2025-11-17 12:04:30,lan/sala1/sensor/hum,28.47
2025-11-17 12:04:30,lan/sala1/sensor/temp,25.9
2025-11-17 12:04:31,lan/sala2/sensor/temp,23.72
2025-11-17 12:04:32,lan/sala1/sensor/hum,25.7
2025-11-17 12:04:32,lan/sala1/sensor/temp,24.31
2025-11-17 12:04:33,lan/sala2/sensor/temp,25.7
2025-11-17 12:04:34,lan/sala1/sensor/hum,21.21
2025-11-17 12:04:34,lan/sala1/sensor/temp,26.75
2025-11-17 12:04:35,lan/sala2/sensor/temp,22.01
2025-11-17 12:04:36,lan/sala1/sensor/hum,19.22
2025-11-17 12:04:36,lan/sala1/sensor/temp,21.56
2025-11-17 12:04:37,lan/sala2/sensor/temp,21.37
2025-11-17 12:04:38,lan/sala1/sensor/hum,22.85
2025-11-17 12:04:38,lan/sala1/sensor/temp,18.53
2025-11-17 12:04:39,lan/sala2/sensor/temp,27.44
2025-11-17 12:04:40,lan/sala1/sensor/hum,22.24
2025-11-17 12:04:40,lan/sala1/sensor/temp,25.01
2025-11-17 12:04:41,lan/sala2/sensor/temp,26.39
2025-11-17 12:04:42,lan/sala1/sensor/hum,26.77
2025-11-17 12:04:42,lan/sala1/sensor/temp,24.82
2025-11-17 12:04:43,lan/sala2/sensor/temp,27.45
2025-11-17 12:04:44,lan/sala1/sensor/hum,24.44
2025-11-17 12:04:44,lan/sala1/sensor/temp,27.2
2025-11-17 12:04:45,lan/sala2/sensor/temp,24.47
2025-11-17 12:04:46,lan/sala1/sensor/hum,20.6
2025-11-17 12:04:46,lan/sala1/sensor/temp,18.41
2025-11-17 12:04:47,lan/sala2/sensor/temp,24.09
2025-11-17 12:04:48,lan/sala1/sensor/hum,29.61
2025-11-17 12:04:48,lan/sala1/sensor/temp,24.83
2025-11-17 12:04:49,lan/sala2/sensor/temp,29.94
2025-11-17 12:04:50,lan/sala1/sensor/hum,23.63
2025-11-17 12:04:50,lan/sala1/sensor/temp,27.22
2025-11-17 12:04:51,lan/sala2/sensor/temp,19.17
2025-11-17 12:04:52,lan/sala1/sensor/hum,19.81
2025-11-17 12:04:52,lan/sala1/sensor/temp,24.72
2025-11-17 12:04:53,lan/sala2/sensor/temp,28.49
2025-11-17 12:04:54,lan/sala1/sensor/hum,18.82
2025-11-17 12:04:54,lan/sala1/sensor/temp,22.66
2025-11-17 12:04:55,lan/sala2/sensor/temp,25.99
2025-11-17 12:04:56,lan/sala1/sensor/hum,28.86
2025-11-17 12:04:56,lan/sala1/sensor/temp,22.55
2025-11-17 12:04:57,lan/sala2/sensor/temp,25.59
2025-11-17 12:04:58,lan/sala1/sensor/hum,26.82
2025-11-17 12:04:58,lan/sala1/sensor/temp,19.06
2025-11-17 12:04:59,lan/sala2/sensor/temp,25.0
2025-11-17 12:05:00,lan/sala1/sensor/hum,22.44
2025-11-17 12:05:00,lan/sala1/sensor/temp,24.46
2025-11-17 12:05:01,lan/sala2/sensor/temp,22.86
2025-11-17 12:05:02,lan/sala1/sensor/hum,21.34
2025-11-17 12:05:02,lan/sala1/sensor/temp,29.32
2025-11-17 12:05:03,lan/sala2/sensor/temp,20.79
2025-11-17 12:05:04,lan/sala1/sensor/hum,19.52
2025-11-17 12:05:04,lan/sala1/sensor/temp,26.25
2025-11-17 12:05:05,lan/sala2/sensor/temp,29.4
2025-11-17 12:05:06,lan/sala1/sensor/hum,29.98
2025-11-17 12:05:06,lan/sala1/sensor/temp,20.39
2025-11-17 12:05:07,lan/sala2/sensor/temp,21.72
2025-11-17 12:05:08,lan/sala1/sensor/hum,23.27
2025-11-17 12:05:08,lan/sala1/sensor/temp,24.3
2025-11-17 12:05:09,lan/sala2/sensor/temp,18.92
2025-11-17 12:05:10,lan/sala1/sensor/hum,28.82
2025-11-17 12:05:10,lan/sala1/sensor/temp,20.28
2025-11-17 12:05:11,lan/sala2/sensor/temp,21.67
2025-11-17 12:05:12,lan/sala1/sensor/hum,22.49
2025-11-17 12:05:12,lan/sala1/sensor/temp,20.07
2025-11-17 12:05:13,lan/sala2/sensor/temp,26.06
2025-11-17 12:05:14,lan/sala1/sensor/hum,27.59
2025-11-17 12:05:14,lan/sala1/sensor/temp,21.29
2025-11-17 12:05:15,lan/sala2/sensor/temp,23.85
2025-11-17 12:05:16,lan/sala1/sensor/hum,27.6
2025-11-17 12:05:16,lan/sala1/sensor/temp,23.8
2025-11-17 12:05:17,lan/sala2/sensor/temp,20.63
2025-11-17 12:05:18,lan/sala1/sensor/hum,20.95
2025-11-17 12:05:18,lan/sala1/sensor/temp,28.42
2025-11-17 12:05:19,lan/sala2/sensor/temp,27.18
2025-11-17 12:05:20,lan/sala1/sensor/hum,19.21
2025-11-17 12:05:20,lan/sala1/sensor/temp,26.0
2025-11-17 12:05:21,lan/sala2/sensor/temp,20.19
2025-11-17 12:05:22,lan/sala1/sensor/hum,29.08
2025-11-17 12:05:22,lan/sala1/sensor/temp,19.76
2025-11-17 12:05:23,lan/sala2/sensor/temp,18.54
2025-11-17 12:05:24,lan/sala1/sensor/hum,21.88
2025-11-17 12:05:24,lan/sala1/sensor/temp,22.82
2025-11-17 12:05:25,lan/sala2/sensor/temp,20.6
2025-11-17 12:05:26,lan/sala1/sensor/hum,25.48
2025-11-17 12:05:26,lan/sala1/sensor/temp,29.36
2025-11-17 12:05:27,lan/sala2/sensor/temp,23.72
2025-11-17 12:05:28,lan/sala1/sensor/hum,19.35
2025-11-17 12:05:28,lan/sala1/sensor/temp,23.27
2025-11-17 12:05:29,lan/sala2/sensor/temp,28.05
2025-11-17 12:05:30,lan/sala1/sensor/hum,20.61
2025-11-17 12:05:30,lan/sala1/sensor/temp,20.61
2025-11-17 12:05:31,lan/sala2/sensor/temp,24.62
2025-11-17 12:05:32,lan/sala1/sensor/hum,23.79
2025-11-17 12:05:32,lan/sala1/sensor/temp,29.5
2025-11-17 12:05:33,lan/sala2/sensor/temp,23.67
2025-11-17 12:05:34,lan/sala1/sensor/hum,22.44
2025-11-17 12:05:34,lan/sala1/sensor/temp,22.3
2025-11-17 12:05:35,lan/sala2/sensor/temp,26.94
2025-11-17 12:05:36,lan/sala1/sensor/hum,22.83
2025-11-17 12:05:36,lan/sala1/sensor/temp,19.59
2025-11-17 12:05:37,lan/sala2/sensor/temp,21.39
2025-11-17 12:05:38,lan/sala1/sensor/hum,25.41
2025-11-17 12:05:38,lan/sala1/sensor/temp,22.3
2025-11-17 12:05:39,lan/sala2/sensor/temp,28.94
2025-11-17 12:05:40,lan/sala1/sensor/hum,25.75
2025-11-17 12:05:40,lan/sala1/sensor/temp,24.18
2025-11-17 12:05:41,lan/sala2/sensor/temp,28.36
2025-11-17 12:05:42,lan/sala1/sensor/hum,25.56
2025-11-17 12:05:42,lan/sala1/sensor/temp,29.47
2025-11-17 12:05:43,lan/sala2/sensor/temp,24.02
2025-11-17 12:05:44,lan/sala1/sensor/hum,26.0
2025-11-17 12:05:44,lan/sala1/sensor/temp,25.89
2025-11-17 12:05:45,lan/sala2/sensor/temp,22.3
2025-11-17 12:05:46,lan/sala1/sensor/hum,27.36
2025-11-17 12:05:46,lan/sala1/sensor/temp,19.03
2025-11-17 12:05:47,lan/sala2/sensor/temp,25.18
2025-11-17 12:05:48,lan/sala1/sensor/hum,21.27
2025-11-17 12:05:48,lan/sala1/sensor/temp,18.62
2025-11-17 12:05:49,lan/sala2/sensor/temp,20.02
2025-11-17 12:05:50,lan/sala1/sensor/hum,27.01
2025-11-17 12:05:50,lan/sala1/sensor/temp,22.24
2025-11-17 12:05:51,lan/sala2/sensor/temp,20.63
2025-11-17 12:05:52,lan/sala1/sensor/hum,22.06
2025-11-17 12:05:52,lan/sala1/sensor/temp,26.97
2025-11-17 12:05:53,lan/sala2/sensor/temp,19.65
2025-11-17 12:05:54,lan/sala1/sensor/hum,21.5
2025-11-17 12:05:54,lan/sala1/sensor/temp,29.88
2025-11-17 12:05:55,lan/sala2/sensor/temp,28.33
2025-11-17 12:05:56,lan/sala1/sensor/hum,29.85
2025-11-17 12:05:56,lan/sala1/sensor/temp,26.85
2025-11-17 12:05:57,lan/sala2/sensor/temp,20.74
2025-11-17 12:05:58,lan/sala1/sensor/hum,21.28
2025-11-17 12:05:58,lan/sala1/sensor/temp,20.23
2025-11-17 12:05:59,lan/sala2/sensor/temp,23.37
2025-11-17 12:06:00,lan/sala1/sensor/hum,25.3
2025-11-17 12:06:00,lan/sala1/sensor/temp,21.58
2025-11-17 12:06:01,lan/sala2/sensor/temp,20.15
2025-11-17 12:06:02,lan/sala1/sensor/hum,21.51
2025-11-17 12:06:02,lan/sala1/sensor/temp,26.92
2025-11-17 12:06:03,lan/sala2/sensor/temp,22.52
2025-11-17 12:06:04,lan/sala1/sensor/hum,26.1
2025-11-17 12:06:04,lan/sala1/sensor/temp,24.41
2025-11-17 12:06:05,lan/sala2/sensor/temp,26.3
2025-11-17 12:06:06,lan/sala1/sensor/hum,20.03
2025-11-17 12:06:06,lan/sala1/sensor/temp,22.87
2025-11-17 12:06:07,lan/sala2/sensor/temp,28.36
2025-11-17 12:06:08,lan/sala1/sensor/hum,28.19
2025-11-17 12:06:08,lan/sala1/sensor/temp,24.7
2025-11-17 12:06:09,lan/sala2/sensor/temp,24.01
2025-11-17 12:06:10,lan/sala1/sensor/hum,19.76
2025-11-17 12:06:10,lan/sala1/sensor/temp,19.53
2025-11-17 12:06:11,lan/sala2/sensor/temp,21.04
2025-11-17 12:06:12,lan/sala1/sensor/hum,27.56
2025-11-17 12:06:12,lan/sala1/sensor/temp,29.46
2025-11-17 12:06:13,lan/sala2/sensor/temp,20.17
2025-11-17 12:06:14,lan/sala1/sensor/hum,18.57
2025-11-17 12:06:14,lan/sala1/sensor/temp,29.94
2025-11-17 12:06:15,lan/sala2/sensor/temp,27.03
2025-11-17 12:06:16,lan/sala1/sensor/hum,27.84
2025-11-17 12:06:16,lan/sala1/sensor/temp,22.89
2025-11-17 12:06:17,lan/sala2/sensor/temp,20.37
2025-11-17 12:06:18,lan/sala1/sensor/hum,21.7
2025-11-17 12:06:18,lan/sala1/sensor/temp,18.48
2025-11-17 12:06:19,lan/sala2/sensor/temp,20.72
2025-11-17 12:06:20,lan/sala1/sensor/hum,22.53
2025-11-17 12:06:20,lan/sala1/sensor/temp,26.65
2025-11-17 12:06:21,lan/sala2/sensor/temp,18.66
2025-11-17 12:06:22,lan/sala1/sensor/hum,20.5
2025-11-17 12:06:22,lan/sala1/sensor/temp,24.29
2025-11-17 12:06:23,lan/sala2/sensor/temp,20.24
2025-11-17 12:06:24,lan/sala1/sensor/hum,22.88
2025-11-17 12:06:24,lan/sala1/sensor/temp,22.86
2025-11-17 12:06:25,lan/sala2/sensor/temp,26.83
2025-11-17 12:06:26,lan/sala1/sensor/hum,24.9
2025-11-17 12:06:26,lan/sala1/sensor/temp,23.35
2025-11-17 12:06:27,lan/sala2/sensor/temp,26.55
2025-11-17 12:06:28,lan/sala1/sensor/hum,27.14
2025-11-17 12:06:28,lan/sala1/sensor/temp,22.13
2025-11-17 12:06:29,lan/sala2/sensor/temp,18.19
2025-11-17 12:06:30,lan/sala1/sensor/hum,27.47
2025-11-17 12:06:30,lan/sala1/sensor/temp,21.93
2025-11-17 12:06:31,lan/sala2/sensor/temp,28.79
2025-11-17 12:06:32,lan/sala1/sensor/hum,23.21
2025-11-17 12:06:32,lan/sala1/sensor/temp,26.86
2025-11-17 12:06:33,lan/sala2/sensor/temp,19.71
2025-11-17 12:06:34,lan/sala1/sensor/hum,26.2
2025-11-17 12:06:34,lan/sala1/sensor/temp,29.49
2025-11-17 12:06:35,lan/sala2/sensor/temp,22.48
2025-11-17 12:06:36,lan/sala1/sensor/hum,19.39
2025-11-17 12:06:36,lan/sala1/sensor/temp,25.88
2025-11-17 12:06:37,lan/sala2/sensor/temp,18.72
2025-11-17 12:06:38,lan/sala1/sensor/hum,21.64
2025-11-17 12:06:38,lan/sala1/sensor/temp,26.71
2025-11-17 12:06:39,lan/sala2/sensor/temp,22.64
2025-11-17 12:06:40,lan/sala1/sensor/hum,27.48
2025-11-17 12:06:40,lan/sala1/sensor/temp,18.32
2025-11-17 12:06:41,lan/sala2/sensor/temp,20.21
2025-11-17 12:06:42,lan/sala1/sensor/hum,21.26
2025-11-17 12:06:42,lan/sala1/sensor/temp,28.63
2025-11-17 12:06:43,lan/sala2/sensor/temp,22.01
2025-11-17 12:06:44,lan/sala1/sensor/hum,20.47
2025-11-17 12:06:44,lan/sala1/sensor/temp,24.41
2025-11-17 12:06:45,lan/sala2/sensor/temp,18.16
2025-11-17 12:06:46,lan/sala1/sensor/hum,21.78
2025-11-17 12:06:46,lan/sala1/sensor/temp,22.76
2025-11-17 12:06:47,lan/sala2/sensor/temp,21.89
2025-11-17 12:06:48,lan/sala1/sensor/hum,23.59
2025-11-17 12:06:48,lan/sala1/sensor/temp,18.69
2025-11-17 12:06:49,lan/sala2/sensor/temp,27.28
2025-11-17 12:06:50,lan/sala1/sensor/hum,18.86
2025-11-17 12:06:50,lan/sala1/sensor/temp,23.79
2025-11-17 12:06:51,lan/sala2/sensor/temp,22.3
2025-11-17 12:06:52,lan/sala1/sensor/hum,23.22
2025-11-17 12:06:52,lan/sala1/sensor/temp,20.06
2025-11-17 12:06:53,lan/sala2/sensor/temp,28.63
2025-11-17 12:06:54,lan/sala1/sensor/hum,27.01
2025-11-17 12:06:54,lan/sala1/sensor/temp,20.57
2025-11-17 12:06:55,lan/sala2/sensor/temp,21.92
2025-11-17 12:06:56,lan/sala1/sensor/hum,22.7
2025-11-17 12:06:56,lan/sala1/sensor/temp,29.92
2025-11-17 12:06:57,lan/sala2/sensor/temp,24.18
2025-11-17 12:06:58,lan/sala1/sensor/hum,27.23
2025-11-17 12:06:58,lan/sala1/sensor/temp,19.53
2025-11-17 12:06:59,lan/sala2/sensor/temp,25.91
2025-11-17 12:07:00,lan/sala1/sensor/hum,22.03
2025-11-17 12:07:00,lan/sala1/sensor/temp,18.95
2025-11-17 12:07:01,lan/sala2/sensor/temp,25.62
2025-11-17 12:07:02,lan/sala1/sensor/hum,24.22
2025-11-17 12:07:02,lan/sala1/sensor/temp,22.67
2025-11-17 12:07:03,lan/sala2/sensor/temp,25.74
2025-11-17 12:07:04,lan/sala1/sensor/hum,18.15
2025-11-17 12:07:04,lan/sala1/sensor/temp,22.42
2025-11-17 12:07:06,lan/sala2/sensor/temp,29.65
2025-11-17 12:07:06,lan/sala1/sensor/hum,20.67
2025-11-17 12:07:06,lan/sala1/sensor/temp,25.1
2025-11-17 12:07:07,lan/sala2/sensor/temp,27.61
2025-11-17 12:07:08,lan/sala1/sensor/hum,18.17
2025-11-17 12:07:08,lan/sala1/sensor/temp,27.53
2025-11-17 12:07:09,lan/sala2/sensor/temp,18.84
2025-11-17 12:07:10,lan/sala1/sensor/hum,23.02
2025-11-17 12:07:10,lan/sala1/sensor/temp,19.18
2025-11-17 12:07:11,lan/sala2/sensor/temp,20.64
2025-11-17 12:07:12,lan/sala1/sensor/hum,23.7
2025-11-17 12:07:12,lan/sala1/sensor/temp,29.91
2025-11-17 12:07:13,lan/sala2/sensor/temp,20.23
2025-11-17 12:07:14,lan/sala1/sensor/hum,26.86
2025-11-17 12:07:14,lan/sala1/sensor/temp,25.13
2025-11-17 12:07:15,lan/sala2/sensor/temp,27.48
2025-11-17 12:07:16,lan/sala1/sensor/hum,23.09
2025-11-17 12:07:16,lan/sala1/sensor/temp,28.14
2025-11-17 12:07:17,lan/sala2/sensor/temp,25.71
2025-11-17 12:07:18,lan/sala1/sensor/hum,25.31
2025-11-17 12:07:18,lan/sala1/sensor/temp,22.81
2025-11-17 12:07:19,lan/sala2/sensor/temp,19.06
2025-11-17 12:07:20,lan/sala1/sensor/hum,28.54
2025-11-17 12:07:20,lan/sala1/sensor/temp,21.33
2025-11-17 12:07:21,lan/sala2/sensor/temp,19.46
2025-11-17 12:07:22,lan/sala1/sensor/hum,18.55
2025-11-17 12:07:22,lan/sala1/sensor/temp,21.97
2025-11-17 12:07:23,lan/sala2/sensor/temp,23.23
2025-11-17 12:07:24,lan/sala1/sensor/hum,26.72
2025-11-17 12:07:24,lan/sala1/sensor/temp,27.73
2025-11-17 12:07:25,lan/sala2/sensor/temp,25.28
2025-11-17 12:07:26,lan/sala1/sensor/hum,20.52
2025-11-17 12:07:26,lan/sala1/sensor/temp,20.01
2025-11-17 12:07:27,lan/sala2/sensor/temp,26.03
2025-11-17 12:07:28,lan/sala1/sensor/hum,27.0
2025-11-17 12:07:28,lan/sala1/sensor/temp,18.66
2025-11-17 12:07:29,lan/sala2/sensor/temp,23.54
2025-11-17 12:07:30,lan/sala1/sensor/hum,27.12
2025-11-17 12:07:30,lan/sala1/sensor/temp,19.56
2025-11-17 12:07:31,lan/sala2/sensor/temp,21.98
2025-11-17 12:07:32,lan/sala1/sensor/hum,25.53
2025-11-17 12:07:32,lan/sala1/sensor/temp,28.88
2025-11-17 12:07:33,lan/sala2/sensor/temp,23.19
2025-11-17 12:07:34,lan/sala1/sensor/hum,25.81
2025-11-17 12:07:34,lan/sala1/sensor/temp,25.77
2025-11-17 12:07:35,lan/sala2/sensor/temp,18.84
2025-11-17 12:07:36,lan/sala1/sensor/hum,25.26
2025-11-17 12:07:36,lan/sala1/sensor/temp,25.93
2025-11-17 12:07:37,lan/sala2/sensor/temp,23.15
2025-11-17 12:07:38,lan/sala1/sensor/hum,20.76
2025-11-17 12:07:39,lan/sala1/sensor/temp,23.59
2025-11-17 12:07:39,lan/sala2/sensor/temp,18.9
2025-11-17 12:07:40,lan/sala1/sensor/hum,18.27
2025-11-17 12:07:40,lan/sala1/sensor/temp,28.0
2025-11-17 12:07:41,lan/sala2/sensor/temp,20.01
2025-11-17 12:07:42,lan/sala1/sensor/hum,28.81
2025-11-17 12:07:42,lan/sala1/sensor/temp,20.98
2025-11-17 12:07:43,lan/sala2/sensor/temp,29.0
2025-11-17 12:07:44,lan/sala1/sensor/hum,25.1
2025-11-17 12:07:44,lan/sala1/sensor/temp,27.17
2025-11-17 12:07:45,lan/sala2/sensor/temp,27.38
2025-11-17 12:07:46,lan/sala1/sensor/hum,21.81
2025-11-17 12:07:47,lan/sala1/sensor/temp,29.59
2025-11-17 12:07:47,lan/sala2/sensor/temp,26.51
2025-11-17 12:07:48,lan/sala1/sensor/hum,18.16
2025-11-17 12:07:49,lan/sala1/sensor/temp,18.92
2025-11-17 12:07:49,lan/sala2/sensor/temp,23.87
2025-11-17 12:07:50,lan/sala1/sensor/hum,18.65
2025-11-17 12:07:51,lan/sala1/sensor/temp,28.94
2025-11-17 12:07:51,lan/sala2/sensor/temp,25.24
2025-11-17 12:07:52,lan/sala1/sensor/hum,24.47
2025-11-17 12:07:53,lan/sala1/sensor/temp,19.1
2025-11-17 12:07:54,lan/sala2/sensor/temp,18.74
2025-11-17 12:07:55,lan/sala1/sensor/hum,28.58
2025-11-17 12:07:56,lan/sala1/sensor/temp,22.51
2025-11-17 12:08:00,lan/sala2/sensor/temp,28.12
2025-11-17 12:08:00,lan/sala1/sensor/hum,19.69
2025-11-17 12:08:00,lan/sala1/sensor/temp,23.89
2025-11-17 12:08:00,lan/sala2/sensor/temp,21.82
2025-11-17 12:08:00,lan/sala1/sensor/hum,26.36
2025-11-17 12:08:00,lan/sala1/sensor/temp,24.95
2025-11-17 12:08:00,lan/sala2/sensor/temp,24.4
2025-11-17 12:08:00,lan/sala1/sensor/hum,23.44
2025-11-17 12:08:01,lan/sala1/sensor/temp,23.13
2025-11-17 12:08:01,lan/sala2/sensor/temp,23.92
2025-11-17 12:08:02,lan/sala1/sensor/hum,20.07
2025-11-17 12:08:02,lan/sala1/sensor/temp,27.72
2025-11-17 12:08:03,lan/sala2/sensor/temp,28.87
2025-11-17 12:08:04,lan/sala1/sensor/hum,28.01
2025-11-17 12:08:05,lan/sala1/sensor/temp,28.7
2025-11-17 12:08:05,lan/sala2/sensor/temp,26.72
2025-11-17 12:08:06,lan/sala1/sensor/hum,23.34
2025-11-17 12:08:07,lan/sala1/sensor/temp,24.53
2025-11-17 12:08:07,lan/sala2/sensor/temp,26.17
2025-11-17 12:08:08,lan/sala1/sensor/hum,25.94
2025-11-17 12:08:09,lan/sala1/sensor/temp,19.63
2025-11-17 12:08:09,lan/sala2/sensor/temp,26.39
2025-11-17 12:08:10,lan/sala1/sensor/hum,21.83
2025-11-17 12:08:11,lan/sala1/sensor/temp,25.93
2025-11-17 12:08:11,lan/sala2/sensor/temp,28.48
2025-11-17 12:08:12,lan/sala1/sensor/hum,23.74
2025-11-17 12:08:13,lan/sala1/sensor/temp,23.72
2025-11-17 12:08:13,lan/sala2/sensor/temp,20.52
2025-11-17 12:08:14,lan/sala1/sensor/hum,19.02
2025-11-17 12:08:15,lan/sala1/sensor/temp,22.81
2025-11-17 12:08:15,lan/sala2/sensor/temp,29.64
2025-11-17 12:08:16,lan/sala1/sensor/hum,28.88
2025-11-17 12:08:17,lan/sala1/sensor/temp,24.4
2025-11-17 12:08:17,lan/sala2/sensor/temp,18.39
2025-11-17 12:08:18,lan/sala1/sensor/hum,21.24
2025-11-17 12:08:19,lan/sala1/sensor/temp,23.95
2025-11-17 12:08:19,lan/sala2/sensor/temp,27.04
2025-11-17 12:08:20,lan/sala1/sensor/hum,28.52
2025-11-17 12:08:21,lan/sala1/sensor/temp,25.78
2025-11-17 12:08:21,lan/sala2/sensor/temp,20.38
2025-11-17 12:08:22,lan/sala1/sensor/hum,25.97
2025-11-17 12:08:23,lan/sala1/sensor/temp,29.15
2025-11-17 12:08:23,lan/sala2/sensor/temp,25.22
2025-11-17 12:08:24,lan/sala1/sensor/hum,20.76
2025-11-17 12:08:25,lan/sala1/sensor/temp,19.89
2025-11-17 12:08:26,lan/sala2/sensor/temp,22.3
2025-11-17 12:08:26,lan/sala1/sensor/hum,28.41
2025-11-17 12:08:27,lan/sala1/sensor/temp,19.83
2025-11-17 12:08:27,lan/sala2/sensor/temp,24.51
2025-11-17 12:08:28,lan/sala1/sensor/hum,27.83
2025-11-17 12:08:29,lan/sala1/sensor/temp,23.5
2025-11-17 12:08:29,lan/sala2/sensor/temp,19.1
2025-11-17 12:08:30,lan/sala1/sensor/hum,19.74
2025-11-17 12:08:31,lan/sala1/sensor/temp,22.26
2025-11-17 12:08:32,lan/sala2/sensor/temp,29.32
2025-11-17 12:08:32,lan/sala1/sensor/hum,25.43
2025-11-17 12:08:33,lan/sala1/sensor/temp,28.54
2025-11-17 12:08:34,lan/sala2/sensor/temp,28.06
2025-11-17 12:08:34,lan/sala1/sensor/hum,23.28
2025-11-17 12:08:35,lan/sala1/sensor/temp,28.73
2025-11-17 12:08:35,lan/sala2/sensor/temp,25.12
2025-11-17 12:08:36,lan/sala1/sensor/hum,28.2
2025-11-17 12:08:37,lan/sala1/sensor/temp,28.82
2025-11-17 12:08:37,lan/sala2/sensor/temp,23.07
2025-11-17 12:08:38,lan/sala1/sensor/hum,22.29
2025-11-17 12:08:39,lan/sala1/sensor/temp,24.22
2025-11-17 12:08:39,lan/sala2/sensor/temp,20.42
2025-11-17 12:08:40,lan/sala1/sensor/hum,25.1
2025-11-17 12:08:41,lan/sala1/sensor/temp,20.34
2025-11-17 12:08:42,lan/sala2/sensor/temp,21.12
2025-11-17 12:08:42,lan/sala1/sensor/hum,20.01
2025-11-17 12:08:43,lan/sala1/sensor/temp,25.61
2025-11-17 12:08:43,lan/sala2/sensor/temp,18.76
2025-11-17 12:08:44,lan/sala1/sensor/hum,28.97
2025-11-17 12:08:45,lan/sala1/sensor/temp,19.38
2025-11-17 12:08:46,lan/sala2/sensor/temp,24.85
2025-11-17 12:08:46,lan/sala1/sensor/hum,23.03
2025-11-17 12:08:47,lan/sala1/sensor/temp,29.65
2025-11-17 12:08:48,lan/sala2/sensor/temp,29.38
2025-11-17 12:08:48,lan/sala1/sensor/hum,28.53
2025-11-17 12:08:49,lan/sala1/sensor/temp,24.71
2025-11-17 12:08:50,lan/sala2/sensor/temp,18.22
2025-11-17 12:08:51,lan/sala1/sensor/hum,25.41
2025-11-17 12:08:52,lan/sala1/sensor/temp,22.68
2025-11-17 12:08:54,lan/sala2/sensor/temp,18.04
2025-11-17 12:08:54,lan/sala1/sensor/hum,26.51
2025-11-17 12:08:54,lan/sala1/sensor/temp,26.17
2025-11-17 12:08:57,lan/sala2/sensor/temp,18.08
2025-11-17 12:08:57,lan/sala1/sensor/hum,24.99
2025-11-17 12:08:57,lan/sala1/sensor/temp,28.57
2025-11-17 12:08:58,lan/sala2/sensor/temp,22.25
2025-11-17 12:08:58,lan/sala1/sensor/hum,28.64
2025-11-17 12:08:58,lan/sala1/sensor/temp,19.3
2025-11-17 12:08:58,lan/sala2/sensor/temp,26.15
2025-11-17 12:08:58,lan/sala1/sensor/hum,24.08
2025-11-17 12:08:59,lan/sala1/sensor/temp,19.6
2025-11-17 12:09:00,lan/sala2/sensor/temp,20.44
2025-11-17 12:09:00,lan/sala1/sensor/hum,28.77
2025-11-17 12:09:01,lan/sala1/sensor/temp,22.71
2025-11-17 12:09:01,lan/sala2/sensor/temp,19.93
2025-11-17 12:09:02,lan/sala1/sensor/hum,20.8
2025-11-17 12:09:03,lan/sala1/sensor/temp,25.4
2025-11-17 12:09:03,lan/sala2/sensor/temp,29.72
2025-11-17 12:09:04,lan/sala1/sensor/hum,19.08
2025-11-17 12:09:05,lan/sala1/sensor/temp,19.41
2025-11-17 12:09:05,lan/sala2/sensor/temp,19.53
2025-11-17 12:09:06,lan/sala1/sensor/hum,27.74
2025-11-17 12:09:07,lan/sala1/sensor/temp,29.28
2025-11-17 12:09:07,lan/sala2/sensor/temp,28.52
2025-11-17 12:09:08,lan/sala1/sensor/hum,25.35
2025-11-17 12:09:09,lan/sala1/sensor/temp,22.25
2025-11-17 12:09:09,lan/sala2/sensor/temp,21.44
2025-11-17 12:09:10,lan/sala1/sensor/hum,21.5
2025-11-17 12:09:11,lan/sala1/sensor/temp,25.63
2025-11-17 12:09:11,lan/sala2/sensor/temp,21.01
2025-11-17 12:09:12,lan/sala1/sensor/hum,28.77
2025-11-17 12:09:13,lan/sala1/sensor/temp,23.24
2025-11-17 12:09:13,lan/sala2/sensor/temp,26.93
2025-11-17 12:09:14,lan/sala1/sensor/hum,28.81
2025-11-17 12:09:15,lan/sala1/sensor/temp,23.02
2025-11-17 12:09:15,lan/sala2/sensor/temp,29.92
2025-11-17 12:09:16,lan/sala1/sensor/hum,22.16
2025-11-17 12:09:17,lan/sala1/sensor/temp,22.03
2025-11-17 12:09:17,lan/sala2/sensor/temp,23.54
2025-11-17 12:09:18,lan/sala1/sensor/hum,25.27
2025-11-17 12:09:19,lan/sala1/sensor/temp,21.4
2025-11-17 12:09:19,lan/sala2/sensor/temp,26.1
2025-11-17 12:09:20,lan/sala1/sensor/hum,24.01
2025-11-17 12:09:21,lan/sala1/sensor/temp,27.39
2025-11-17 12:09:21,lan/sala2/sensor/temp,20.67
2025-11-17 12:09:22,lan/sala1/sensor/hum,21.92
2025-11-17 12:09:23,lan/sala1/sensor/temp,23.1
2025-11-17 12:09:23,lan/sala2/sensor/temp,27.62
2025-11-17 12:09:24,lan/sala1/sensor/hum,24.84
2025-11-17 12:09:25,lan/sala1/sensor/temp,21.37
2025-11-17 12:09:25,lan/sala2/sensor/temp,24.86
2025-11-17 12:09:26,lan/sala1/sensor/hum,29.61
2025-11-17 12:09:27,lan/sala1/sensor/temp,24.82
2025-11-17 12:09:27,lan/sala2/sensor/temp,18.18
2025-11-17 12:09:28,lan/sala1/sensor/hum,19.12
2025-11-17 12:09:29,lan/sala1/sensor/temp,18.15
2025-11-17 12:09:29,lan/sala2/sensor/temp,19.95
2025-11-17 12:09:30,lan/sala1/sensor/hum,24.36
2025-11-17 12:09:31,lan/sala1/sensor/temp,25.33
2025-11-17 12:09:31,lan/sala2/sensor/temp,23.87
2025-11-17 12:09:32,lan/sala1/sensor/hum,22.96
2025-11-17 12:09:33,lan/sala1/sensor/temp,29.96
2025-11-17 12:09:33,lan/sala2/sensor/temp,26.34
2025-11-17 12:09:34,lan/sala1/sensor/hum,23.4
2025-11-17 12:09:35,lan/sala1/sensor/temp,18.01
2025-11-17 12:09:35,lan/sala2/sensor/temp,19.66
2025-11-17 12:09:36,lan/sala1/sensor/hum,29.98
2025-11-17 12:09:37,lan/sala1/sensor/temp,18.83
2025-11-17 12:09:37,lan/sala2/sensor/temp,22.78
2025-11-17 12:09:38,lan/sala1/sensor/hum,26.34
2025-11-17 12:09:39,lan/sala1/sensor/temp,25.75
2025-11-17 12:09:39,lan/sala2/sensor/temp,25.93
2025-11-17 12:09:40,lan/sala1/sensor/hum,18.6
2025-11-17 12:09:41,lan/sala1/sensor/temp,26.69
2025-11-17 12:09:41,lan/sala2/sensor/temp,28.41
2025-11-17 12:09:42,lan/sala1/sensor/hum,25.91
2025-11-17 12:09:43,lan/sala1/sensor/temp,25.67
2025-11-17 12:09:43,lan/sala2/sensor/temp,22.9
2025-11-17 12:09:44,lan/sala1/sensor/hum,24.48
2025-11-17 12:09:45,lan/sala1/sensor/temp,18.83
2025-11-17 12:09:45,lan/sala2/sensor/temp,23.11
2025-11-17 12:09:46,lan/sala1/sensor/hum,22.52
2025-11-17 12:09:47,lan/sala1/sensor/temp,26.9
2025-11-17 12:09:48,lan/sala2/sensor/temp,18.47
2025-11-17 12:09:48,lan/sala1/sensor/hum,21.32
2025-11-17 12:09:49,lan/sala1/sensor/temp,23.09
2025-11-17 12:09:49,lan/sala2/sensor/temp,21.91
2025-11-17 12:09:50,lan/sala1/sensor/hum,22.91
2025-11-17 12:09:51,lan/sala1/sensor/temp,23.53
2025-11-17 12:09:52,lan/sala2/sensor/temp,20.47
2025-11-17 12:09:52,lan/sala1/sensor/hum,29.5
2025-11-17 12:09:53,lan/sala1/sensor/temp,25.68
2025-11-17 12:09:53,lan/sala2/sensor/temp,20.94
2025-11-17 12:09:54,lan/sala1/sensor/hum,27.77
2025-11-17 12:09:55,lan/sala1/sensor/temp,28.65
2025-11-17 12:09:56,lan/sala2/sensor/temp,19.4
2025-11-17 12:09:56,lan/sala1/sensor/hum,29.14
2025-11-17 12:09:57,lan/sala1/sensor/temp,18.1
2025-11-17 12:09:57,lan/sala2/sensor/temp,25.63
2025-11-17 12:09:58,lan/sala1/sensor/hum,18.04
2025-11-17 12:09:59,lan/sala1/sensor/temp,29.03
2025-11-17 12:10:00,lan/sala1/sensor/hum,27.86
2025-11-17 12:10:00,lan/sala2/sensor/temp,26.06
2025-11-17 12:10:01,lan/sala1/sensor/temp,26.08
2025-11-17 12:10:01,lan/sala2/sensor/temp,19.02
2025-11-17 12:10:02,lan/sala1/sensor/hum,21.96
2025-11-17 12:10:03,lan/sala1/sensor/temp,28.4
2025-11-17 12:10:03,lan/sala2/sensor/temp,20.87
2025-11-17 12:10:04,lan/sala1/sensor/hum,21.63
2025-11-17 12:10:05,lan/sala1/sensor/temp,27.51
2025-11-17 12:10:05,lan/sala2/sensor/temp,26.09
2025-11-17 12:10:06,lan/sala1/sensor/hum,19.89
2025-11-17 12:10:07,lan/sala1/sensor/temp,26.7
2025-11-17 12:10:07,lan/sala2/sensor/temp,27.42
2025-11-17 12:10:08,lan/sala1/sensor/hum,24.1
2025-11-17 12:10:09,lan/sala1/sensor/temp,22.43
2025-11-17 12:10:10,lan/sala2/sensor/temp,19.73
2025-11-17 12:10:10,lan/sala1/sensor/hum,18.37
2025-11-17 12:10:11,lan/sala1/sensor/temp,25.68
2025-11-17 12:10:11,lan/sala2/sensor/temp,23.69
2025-11-17 12:10:12,lan/sala1/sensor/hum,24.63
2025-11-17 12:10:13,lan/sala1/sensor/temp,29.55
2025-11-17 12:10:13,lan/sala2/sensor/temp,18.88
2025-11-17 12:10:14,lan/sala1/sensor/hum,22.54
2025-11-17 12:10:15,lan/sala1/sensor/temp,18.63
2025-11-17 12:10:16,lan/sala2/sensor/temp,28.33
2025-11-17 12:10:16,lan/sala1/sensor/hum,20.41
2025-11-17 12:10:17,lan/sala1/sensor/temp,20.74
2025-11-17 12:10:18,lan/sala2/sensor/temp,20.32
2025-11-17 12:10:18,lan/sala1/sensor/hum,29.15
2025-11-17 12:10:19,lan/sala1/sensor/temp,18.95
2025-11-17 12:10:20,lan/sala2/sensor/temp,25.34
2025-11-17 12:10:20,lan/sala1/sensor/hum,29.0
2025-11-17 12:10:21,lan/sala1/sensor/temp,18.32
2025-11-17 12:10:22,lan/sala2/sensor/temp,29.01
2025-11-17 12:10:22,lan/sala1/sensor/hum,23.38
2025-11-17 12:10:23,lan/sala1/sensor/temp,19.11
2025-11-17 12:10:24,lan/sala2/sensor/temp,20.46
2025-11-17 12:10:24,lan/sala1/sensor/hum,19.56
2025-11-17 12:10:25,lan/sala1/sensor/temp,25.41
2025-11-17 12:10:26,lan/sala2/sensor/temp,29.45
2025-11-17 12:10:26,lan/sala1/sensor/hum,27.14
2025-11-17 12:10:27,lan/sala1/sensor/temp,21.38
2025-11-17 12:10:27,lan/sala2/sensor/temp,28.0
2025-11-17 12:10:28,lan/sala1/sensor/hum,25.71
2025-11-17 12:10:29,lan/sala1/sensor/temp,19.16
2025-11-17 12:10:30,lan/sala2/sensor/temp,28.28
2025-11-17 12:10:30,lan/sala1/sensor/hum,24.3
2025-11-17 12:10:31,lan/sala1/sensor/temp,18.65
2025-11-17 12:10:32,lan/sala2/sensor/temp,18.75
2025-11-17 12:10:32,lan/sala1/sensor/hum,21.94
2025-11-17 12:10:33,lan/sala1/sensor/temp,25.11
2025-11-17 12:10:34,lan/sala2/sensor/temp,28.46
2025-11-17 12:10:34,lan/sala1/sensor/hum,22.44
2025-11-17 12:10:35,lan/sala1/sensor/temp,20.17
2025-11-17 12:10:36,lan/sala2/sensor/temp,25.93
2025-11-17 12:10:36,lan/sala1/sensor/hum,28.93
2025-11-17 12:10:37,lan/sala1/sensor/temp,25.26
2025-11-17 12:10:38,lan/sala2/sensor/temp,21.62
2025-11-17 12:10:38,lan/sala1/sensor/hum,24.49
2025-11-17 12:10:39,lan/sala1/sensor/temp,26.17
2025-11-17 12:10:40,lan/sala2/sensor/temp,19.7
2025-11-17 12:10:40,lan/sala1/sensor/hum,29.42
2025-11-17 12:10:41,lan/sala1/sensor/temp,20.76
2025-11-17 12:10:42,lan/sala2/sensor/temp,25.37
2025-11-17 12:10:42,lan/sala1/sensor/hum,27.51
2025-11-17 12:10:43,lan/sala1/sensor/temp,22.08
2025-11-17 12:10:44,lan/sala2/sensor/temp,18.36
2025-11-17 12:10:44,lan/sala1/sensor/hum,27.74
2025-11-17 12:10:45,lan/sala1/sensor/temp,23.34
2025-11-17 12:10:46,lan/sala2/sensor/temp,28.55
2025-11-17 12:10:46,lan/sala1/sensor/hum,28.07
2025-11-17 12:10:47,lan/sala1/sensor/temp,27.2
2025-11-17 12:10:48,lan/sala2/sensor/temp,23.81
2025-11-17 12:10:48,lan/sala1/sensor/hum,29.65
2025-11-17 12:10:49,lan/sala1/sensor/temp,25.6
2025-11-17 12:10:50,lan/sala2/sensor/temp,20.58
2025-11-17 12:10:50,lan/sala1/sensor/hum,19.64
2025-11-17 12:10:51,lan/sala1/sensor/temp,26.26
2025-11-17 12:10:52,lan/sala2/sensor/temp,24.29
2025-11-17 12:10:52,lan/sala1/sensor/hum,20.5
2025-11-17 12:10:53,lan/sala1/sensor/temp,23.84
2025-11-17 12:10:54,lan/sala2/sensor/temp,25.42
2025-11-17 12:10:54,lan/sala1/sensor/hum,19.75
2025-11-17 12:10:55,lan/sala1/sensor/temp,21.69
2025-11-17 12:10:56,lan/sala2/sensor/temp,25.23
2025-11-17 12:10:56,lan/sala1/sensor/hum,18.56
2025-11-17 12:10:57,lan/sala1/sensor/temp,22.68
2025-11-17 12:10:58,lan/sala2/sensor/temp,21.99
2025-11-17 12:10:58,lan/sala1/sensor/hum,23.25
2025-11-17 12:10:59,lan/sala1/sensor/temp,24.86
2025-11-17 12:11:00,lan/sala2/sensor/temp,24.14
2025-11-17 12:11:00,lan/sala1/sensor/hum,27.68
2025-11-17 12:11:01,lan/sala1/sensor/temp,18.72
2025-11-17 12:11:02,lan/sala2/sensor/temp,27.37
2025-11-17 12:11:02,lan/sala1/sensor/hum,27.03
2025-11-17 12:11:03,lan/sala1/sensor/temp,23.25
2025-11-17 12:11:04,lan/sala2/sensor/temp,23.4
2025-11-17 12:11:04,lan/sala1/sensor/hum,21.27
2025-11-17 12:11:05,lan/sala1/sensor/temp,25.14
2025-11-17 12:11:06,lan/sala2/sensor/temp,28.19
2025-11-17 12:11:06,lan/sala1/sensor/hum,22.8
2025-11-17 12:11:07,lan/sala1/sensor/temp,24.05
2025-11-17 12:11:08,lan/sala2/sensor/temp,20.41
2025-11-17 12:11:08,lan/sala1/sensor/hum,29.38
2025-11-17 12:11:09,lan/sala1/sensor/temp,26.04
2025-11-17 12:11:10,lan/sala2/sensor/temp,29.27
2025-11-17 12:11:10,lan/sala1/sensor/hum,24.58
2025-11-17 12:11:11,lan/sala1/sensor/temp,19.31
2025-11-17 12:11:12,lan/sala2/sensor/temp,21.23
2025-11-17 12:11:12,lan/sala1/sensor/hum,19.53
2025-11-17 12:11:13,lan/sala1/sensor/temp,26.21
2025-11-17 12:11:14,lan/sala2/sensor/temp,28.24
2025-11-17 12:11:14,lan/sala1/sensor/hum,22.85
2025-11-17 12:11:15,lan/sala1/sensor/temp,26.45
2025-11-17 12:11:16,lan/sala2/sensor/temp,20.5
2025-11-17 12:11:16,lan/sala1/sensor/hum,23.39
2025-11-17 12:11:17,lan/sala1/sensor/temp,26.95
2025-11-17 12:11:18,lan/sala2/sensor/temp,27.58
2025-11-17 12:11:18,lan/sala1/sensor/hum,28.93
2025-11-17 12:11:19,lan/sala1/sensor/temp,29.38
2025-11-17 12:11:20,lan/sala2/sensor/temp,21.63
2025-11-17 12:11:20,lan/sala1/sensor/hum,28.31
2025-11-17 12:11:21,lan/sala1/sensor/temp,22.86
2025-11-17 12:11:22,lan/sala2/sensor/temp,18.93
2025-11-17 12:11:22,lan/sala1/sensor/hum,23.02
2025-11-17 12:11:23,lan/sala1/sensor/temp,28.93
2025-11-17 12:11:24,lan/sala2/sensor/temp,28.54
2025-11-17 12:11:24,lan/sala1/sensor/hum,21.16
2025-11-17 12:11:25,lan/sala1/sensor/temp,18.82
2025-11-17 12:11:26,lan/sala2/sensor/temp,28.1
2025-11-17 12:11:26,lan/sala1/sensor/hum,28.96
2025-11-17 12:11:27,lan/sala1/sensor/temp,27.88
2025-11-17 12:11:28,lan/sala2/sensor/temp,27.18
2025-11-17 12:11:28,lan/sala1/sensor/hum,19.15
2025-11-17 12:11:29,lan/sala1/sensor/temp,21.12
2025-11-17 12:11:30,lan/sala2/sensor/temp,24.44
2025-11-17 12:11:30,lan/sala1/sensor/hum,23.33
2025-11-17 12:11:31,lan/sala1/sensor/temp,24.41
2025-11-17 12:11:32,lan/sala2/sensor/temp,18.21
2025-11-17 12:11:32,lan/sala1/sensor/hum,26.16
2025-11-17 12:11:33,lan/sala1/sensor/temp,23.41
2025-11-17 12:11:34,lan/sala2/sensor/temp,28.54
2025-11-17 12:11:34,lan/sala1/sensor/hum,26.46
2025-11-17 12:11:35,lan/sala1/sensor/temp,22.21
2025-11-17 12:11:36,lan/sala2/sensor/temp,26.34
2025-11-17 12:11:36,lan/sala1/sensor/hum,25.53
2025-11-17 12:11:37,lan/sala1/sensor/temp,23.96
2025-11-17 12:11:38,lan/sala2/sensor/temp,26.51
2025-11-17 12:11:38,lan/sala1/sensor/hum,19.72
2025-11-17 12:11:39,lan/sala1/sensor/temp,26.76
2025-11-17 12:11:40,lan/sala2/sensor/temp,23.15
2025-11-17 12:11:40,lan/sala1/sensor/hum,20.95
2025-11-17 12:11:41,lan/sala1/sensor/temp,28.84
2025-11-17 12:11:42,lan/sala2/sensor/temp,27.43
2025-11-17 12:11:42,lan/sala1/sensor/hum,21.43
2025-11-17 12:11:43,lan/sala1/sensor/temp,27.6
2025-11-17 12:11:44,lan/sala2/sensor/temp,27.04
2025-11-17 12:11:44,lan/sala1/sensor/hum,29.09
2025-11-17 12:11:45,lan/sala1/sensor/temp,23.7
2025-11-17 12:11:46,lan/sala2/sensor/temp,21.45
2025-11-17 12:11:46,lan/sala1/sensor/hum,28.46
2025-11-17 12:11:47,lan/sala1/sensor/temp,22.18
2025-11-17 12:11:48,lan/sala2/sensor/temp,19.22
2025-11-17 12:11:48,lan/sala1/sensor/hum,19.07
2025-11-17 12:11:49,lan/sala1/sensor/temp,23.25
2025-11-17 12:11:50,lan/sala2/sensor/temp,23.47
2025-11-17 12:11:50,lan/sala1/sensor/hum,27.09
2025-11-17 12:11:51,lan/sala1/sensor/temp,21.1
2025-11-17 12:11:52,lan/sala2/sensor/temp,20.87
2025-11-17 12:11:52,lan/sala1/sensor/hum,23.44
2025-11-17 12:11:53,lan/sala1/sensor/temp,25.61
2025-11-17 12:11:54,lan/sala2/sensor/temp,22.86
2025-11-17 12:11:54,lan/sala1/sensor/hum,27.07
2025-11-17 12:11:55,lan/sala1/sensor/temp,22.85
2025-11-17 12:11:56,lan/sala2/sensor/temp,28.01
2025-11-17 12:11:56,lan/sala1/sensor/hum,22.24
2025-11-17 12:11:57,lan/sala1/sensor/temp,27.35
2025-11-17 12:11:58,lan/sala2/sensor/temp,24.52
2025-11-17 12:11:58,lan/sala1/sensor/hum,29.45
2025-11-17 12:11:59,lan/sala1/sensor/temp,24.89
2025-11-17 12:12:00,lan/sala2/sensor/temp,19.88
2025-11-17 12:12:00,lan/sala1/sensor/hum,21.86
2025-11-17 12:12:01,lan/sala1/sensor/temp,26.03
2025-11-17 12:12:02,lan/sala2/sensor/temp,22.0
2025-11-17 12:12:02,lan/sala1/sensor/hum,21.71
2025-11-17 12:12:03,lan/sala1/sensor/temp,25.79
2025-11-17 12:12:04,lan/sala2/sensor/temp,28.27
2025-11-17 12:12:04,lan/sala1/sensor/hum,21.46
2025-11-17 12:12:05,lan/sala1/sensor/temp,20.65
2025-11-17 12:12:07,lan/sala2/sensor/temp,21.05
2025-11-17 12:12:07,lan/sala1/sensor/hum,23.79
2025-11-17 12:12:07,lan/sala1/sensor/temp,19.24
2025-11-17 12:12:08,lan/sala2/sensor/temp,26.29
2025-11-17 12:12:09,lan/sala1/sensor/hum,18.45
2025-11-17 12:12:09,lan/sala1/sensor/temp,24.87
2025-11-17 12:12:10,lan/sala2/sensor/temp,22.75
2025-11-17 12:12:10,lan/sala1/sensor/hum,26.84
2025-11-17 12:12:11,lan/sala1/sensor/temp,18.91
2025-11-17 12:12:12,lan/sala2/sensor/temp,26.58
2025-11-17 12:12:12,lan/sala1/sensor/hum,22.22
2025-11-17 12:12:13,lan/sala1/sensor/temp,29.58
2025-11-17 12:12:14,lan/sala2/sensor/temp,28.21
2025-11-17 12:12:14,lan/sala1/sensor/hum,23.39
2025-11-17 12:12:15,lan/sala1/sensor/temp,25.65
2025-11-17 12:12:16,lan/sala2/sensor/temp,29.45
2025-11-17 12:12:16,lan/sala1/sensor/hum,22.98
2025-11-17 12:12:17,lan/sala1/sensor/temp,18.24
2025-11-17 12:12:18,lan/sala2/sensor/temp,20.66
2025-11-17 12:12:18,lan/sala1/sensor/hum,26.78
2025-11-17 12:12:19,lan/sala1/sensor/temp,20.99
2025-11-17 12:12:20,lan/sala2/sensor/temp,26.2
2025-11-17 12:12:20,lan/sala1/sensor/hum,27.12
2025-11-17 12:12:21,lan/sala1/sensor/temp,29.37
2025-11-17 12:12:22,lan/sala2/sensor/temp,23.47
2025-11-17 12:12:22,lan/sala1/sensor/hum,28.81
2025-11-17 12:12:23,lan/sala1/sensor/temp,24.71
2025-11-17 12:12:24,lan/sala2/sensor/temp,28.05
2025-11-17 12:12:24,lan/sala1/sensor/hum,22.8
2025-11-17 12:12:25,lan/sala1/sensor/temp,22.77
2025-11-17 12:12:26,lan/sala2/sensor/temp,26.84
2025-11-17 12:12:26,lan/sala1/sensor/hum,20.15
2025-11-17 12:12:27,lan/sala1/sensor/temp,19.74
2025-11-17 12:12:28,lan/sala2/sensor/temp,25.57
2025-11-17 12:12:28,lan/sala1/sensor/hum,19.27
2025-11-17 12:12:29,lan/sala1/sensor/temp,26.05
2025-11-17 12:12:30,lan/sala2/sensor/temp,23.65
2025-11-17 12:12:30,lan/sala1/sensor/hum,28.64
2025-11-17 12:12:31,lan/sala1/sensor/temp,28.41
2025-11-17 12:12:32,lan/sala2/sensor/temp,23.92
2025-11-17 12:12:32,lan/sala1/sensor/hum,28.46
2025-11-17 12:12:33,lan/sala1/sensor/temp,24.16
2025-11-17 12:12:34,lan/sala2/sensor/temp,23.38
2025-11-17 12:12:34,lan/sala1/sensor/hum,26.5
2025-11-17 12:12:35,lan/sala1/sensor/temp,21.93
2025-11-17 12:12:36,lan/sala2/sensor/temp,18.07
2025-11-17 12:12:36,lan/sala1/sensor/hum,19.21
2025-11-17 12:12:37,lan/sala1/sensor/temp,28.15
2025-11-17 12:12:38,lan/sala2/sensor/temp,25.44
2025-11-17 12:12:38,lan/sala1/sensor/hum,22.1
2025-11-17 12:12:39,lan/sala1/sensor/temp,25.64
2025-11-17 12:12:40,lan/sala2/sensor/temp,29.66
2025-11-17 12:12:40,lan/sala1/sensor/hum,23.35
2025-11-17 12:12:41,lan/sala1/sensor/temp,20.79
2025-11-17 12:12:42,lan/sala2/sensor/temp,21.92
2025-11-17 12:12:42,lan/sala1/sensor/hum,19.45
2025-11-17 12:12:43,lan/sala1/sensor/temp,28.72
2025-11-17 12:12:44,lan/sala2/sensor/temp,20.34
2025-11-17 12:12:44,lan/sala1/sensor/hum,25.21
2025-11-17 12:12:45,lan/sala1/sensor/temp,28.16
2025-11-17 12:12:46,lan/sala2/sensor/temp,28.85
2025-11-17 12:12:46,lan/sala1/sensor/hum,23.61
2025-11-17 12:12:47,lan/sala1/sensor/temp,19.94
2025-11-17 12:12:48,lan/sala2/sensor/temp,26.98
2025-11-17 12:12:48,lan/sala1/sensor/hum,21.58
2025-11-17 12:12:49,lan/sala1/sensor/temp,28.75
2025-11-17 12:12:50,lan/sala2/sensor/temp,23.63
2025-11-17 12:12:50,lan/sala1/sensor/hum,29.39
2025-11-17 12:12:51,lan/sala1/sensor/temp,20.01
2025-11-17 12:12:52,lan/sala2/sensor/temp,20.94
2025-11-17 12:12:52,lan/sala1/sensor/hum,27.02
2025-11-17 12:12:53,lan/sala1/sensor/temp,29.07
2025-11-17 12:12:54,lan/sala2/sensor/temp,22.16
2025-11-17 12:12:54,lan/sala1/sensor/hum,23.34
2025-11-17 12:12:55,lan/sala1/sensor/temp,29.09
2025-11-17 12:12:56,lan/sala2/sensor/temp,21.54
2025-11-17 12:12:57,lan/sala1/sensor/hum,22.91
2025-11-17 12:12:57,lan/sala1/sensor/temp,21.8
2025-11-17 12:12:58,lan/sala2/sensor/temp,22.72
2025-11-17 12:12:58,lan/sala1/sensor/hum,26.07
2025-11-17 12:12:59,lan/sala1/sensor/temp,27.13
2025-11-17 12:13:00,lan/sala2/sensor/temp,22.49
2025-11-17 12:13:00,lan/sala1/sensor/hum,23.88
2025-11-17 12:13:01,lan/sala1/sensor/temp,27.83
2025-11-17 12:13:02,lan/sala2/sensor/temp,26.14
2025-11-17 12:13:02,lan/sala1/sensor/hum,20.23
2025-11-17 12:13:03,lan/sala1/sensor/temp,29.81
2025-11-17 12:13:04,lan/sala2/sensor/temp,18.29
2025-11-17 12:13:04,lan/sala1/sensor/hum,21.49
2025-11-17 12:13:05,lan/sala1/sensor/temp,19.47
2025-11-17 12:13:06,lan/sala2/sensor/temp,26.4
2025-11-17 12:13:06,lan/sala1/sensor/hum,22.05
2025-11-17 12:13:07,lan/sala1/sensor/temp,20.34
2025-11-17 12:13:08,lan/sala2/sensor/temp,29.58
2025-11-17 12:13:09,lan/sala1/sensor/hum,26.96
2025-11-17 12:13:09,lan/sala1/sensor/temp,24.24
2025-11-17 12:13:10,lan/sala2/sensor/temp,23.14
2025-11-17 12:13:10,lan/sala1/sensor/hum,19.94
2025-11-17 12:13:11,lan/sala1/sensor/temp,23.02
2025-11-17 12:13:12,lan/sala2/sensor/temp,28.45
2025-11-17 12:13:12,lan/sala1/sensor/hum,24.13
2025-11-17 12:13:13,lan/sala1/sensor/temp,26.47
2025-11-17 12:13:14,lan/sala2/sensor/temp,27.91
2025-11-17 12:13:14,lan/sala1/sensor/hum,27.23
2025-11-17 12:13:15,lan/sala1/sensor/temp,24.79
2025-11-17 12:13:16,lan/sala2/sensor/temp,22.1
2025-11-17 12:13:16,lan/sala1/sensor/hum,27.67
2025-11-17 12:13:17,lan/sala1/sensor/temp,23.54
2025-11-17 12:13:18,lan/sala2/sensor/temp,26.58
2025-11-17 12:13:18,lan/sala1/sensor/hum,19.81
2025-11-17 12:13:19,lan/sala1/sensor/temp,23.66
2025-11-17 12:13:20,lan/sala2/sensor/temp,18.15
2025-11-17 12:13:20,lan/sala1/sensor/hum,21.72
2025-11-17 12:13:21,lan/sala1/sensor/temp,20.77
2025-11-17 12:13:22,lan/sala2/sensor/temp,23.46
2025-11-17 12:13:22,lan/sala1/sensor/hum,22.97
2025-11-17 12:13:23,lan/sala1/sensor/temp,22.53
2025-11-17 12:13:24,lan/sala2/sensor/temp,23.27
2025-11-17 12:13:24,lan/sala1/sensor/hum,26.17
2025-11-17 12:13:25,lan/sala1/sensor/temp,23.69
2025-11-17 12:13:26,lan/sala2/sensor/temp,19.64
2025-11-17 12:13:26,lan/sala1/sensor/hum,26.26
2025-11-17 12:13:27,lan/sala1/sensor/temp,18.34
2025-11-17 12:13:28,lan/sala2/sensor/temp,27.7
2025-11-17 12:13:28,lan/sala1/sensor/hum,20.37
2025-11-17 12:13:29,lan/sala1/sensor/temp,21.86
2025-11-17 12:13:30,lan/sala2/sensor/temp,29.96
2025-11-17 12:13:30,lan/sala1/sensor/hum,26.12
2025-11-17 12:13:31,lan/sala1/sensor/temp,24.23
2025-11-17 12:13:32,lan/sala2/sensor/temp,19.22
2025-11-17 12:13:32,lan/sala1/sensor/hum,28.04
2025-11-17 12:13:33,lan/sala1/sensor/temp,20.03
2025-11-17 12:13:34,lan/sala2/sensor/temp,22.25
2025-11-17 12:13:34,lan/sala1/sensor/hum,22.89
2025-11-17 12:13:35,lan/sala1/sensor/temp,26.69
2025-11-17 12:13:36,lan/sala2/sensor/temp,23.72
2025-11-17 12:13:36,lan/sala1/sensor/hum,20.4
2025-11-17 12:13:37,lan/sala1/sensor/temp,29.11
2025-11-17 12:13:38,lan/sala2/sensor/temp,26.35
2025-11-17 12:13:38,lan/sala1/sensor/hum,21.87
2025-11-17 12:13:39,lan/sala1/sensor/temp,19.47
2025-11-17 12:13:40,lan/sala2/sensor/temp,19.5
2025-11-17 12:13:40,lan/sala1/sensor/hum,24.15
2025-11-17 12:13:41,lan/sala1/sensor/temp,23.24
2025-11-17 12:13:42,lan/sala2/sensor/temp,19.27
2025-11-17 12:13:42,lan/sala1/sensor/hum,24.73
2025-11-17 12:13:43,lan/sala1/sensor/temp,28.52
2025-11-17 12:13:44,lan/sala2/sensor/temp,26.9
2025-11-17 12:13:44,lan/sala1/sensor/hum,18.51
2025-11-17 12:13:45,lan/sala1/sensor/temp,29.5
2025-11-17 12:13:46,lan/sala2/sensor/temp,24.45
2025-11-17 12:13:46,lan/sala1/sensor/hum,25.36
2025-11-17 12:13:47,lan/sala1/sensor/temp,27.42
2025-11-17 12:13:48,lan/sala2/sensor/temp,23.06
2025-11-17 12:13:48,lan/sala1/sensor/hum,27.04
2025-11-17 12:13:49,lan/sala1/sensor/temp,28.54
2025-11-17 12:13:50,lan/sala2/sensor/temp,23.76
2025-11-17 12:13:50,lan/sala1/sensor/hum,21.39
2025-11-17 12:13:51,lan/sala1/sensor/temp,26.09
2025-11-17 12:13:52,lan/sala2/sensor/temp,28.39
2025-11-17 12:13:52,lan/sala1/sensor/hum,23.47
2025-11-17 12:13:53,lan/sala1/sensor/temp,26.3
2025-11-17 12:13:54,lan/sala2/sensor/temp,20.21
2025-11-17 12:13:54,lan/sala1/sensor/hum,29.98
2025-11-17 12:13:55,lan/sala1/sensor/temp,26.34
2025-11-17 12:13:56,lan/sala2/sensor/temp,24.2
2025-11-17 12:13:56,lan/sala1/sensor/hum,28.1
2025-11-17 12:13:57,lan/sala1/sensor/temp,25.88
2025-11-17 12:13:58,lan/sala2/sensor/temp,25.43
2025-11-17 12:13:58,lan/sala1/sensor/hum,22.6
2025-11-17 12:13:59,lan/sala1/sensor/temp,25.82
2025-11-17 12:14:00,lan/sala2/sensor/temp,19.2
2025-11-17 12:14:00,lan/sala1/sensor/hum,20.83
2025-11-17 12:14:01,lan/sala1/sensor/temp,20.43
2025-11-17 12:14:02,lan/sala2/sensor/temp,19.76
2025-11-17 12:14:02,lan/sala1/sensor/hum,28.98
2025-11-17 12:14:03,lan/sala1/sensor/temp,28.58
2025-11-17 12:14:04,lan/sala2/sensor/temp,29.91
2025-11-17 12:14:04,lan/sala1/sensor/hum,22.14
2025-11-17 12:14:05,lan/sala1/sensor/temp,24.89
2025-11-17 12:14:06,lan/sala2/sensor/temp,19.82
2025-11-17 12:14:06,lan/sala1/sensor/hum,19.17
2025-11-17 12:14:07,lan/sala1/sensor/temp,28.62
2025-11-17 12:14:08,lan/sala2/sensor/temp,28.26
2025-11-17 12:14:08,lan/sala1/sensor/hum,26.13
2025-11-17 12:14:09,lan/sala1/sensor/temp,27.0
2025-11-17 12:14:10,lan/sala2/sensor/temp,18.71
2025-11-17 12:14:10,lan/sala1/sensor/hum,27.07
2025-11-17 12:14:11,lan/sala1/sensor/temp,29.68
2025-11-17 12:14:12,lan/sala2/sensor/temp,25.29
2025-11-17 12:14:12,lan/sala1/sensor/hum,21.95
2025-11-17 12:14:13,lan/sala1/sensor/temp,25.34
2025-11-17 12:14:14,lan/sala2/sensor/temp,28.84
2025-11-17 12:14:14,lan/sala1/sensor/hum,18.09
2025-11-17 12:14:15,lan/sala1/sensor/temp,20.1
2025-11-17 12:14:16,lan/sala2/sensor/temp,26.72
2025-11-17 12:14:16,lan/sala1/sensor/hum,22.24
2025-11-17 12:14:17,lan/sala1/sensor/temp,28.5
2025-11-17 12:14:18,lan/sala2/sensor/temp,24.15
2025-11-17 12:14:18,lan/sala1/sensor/hum,25.58
2025-11-17 12:14:19,lan/sala1/sensor/temp,27.32
2025-11-17 12:14:20,lan/sala2/sensor/temp,26.97
2025-11-17 12:14:20,lan/sala1/sensor/hum,29.29
2025-11-17 12:14:21,lan/sala1/sensor/temp,28.6
2025-11-17 12:14:22,lan/sala2/sensor/temp,23.52
2025-11-17 12:14:22,lan/sala1/sensor/hum,20.12
2025-11-17 12:14:23,lan/sala1/sensor/temp,27.12
2025-11-17 12:14:24,lan/sala2/sensor/temp,26.49
2025-11-17 12:14:24,lan/sala1/sensor/hum,26.35
2025-11-17 12:14:25,lan/sala1/sensor/temp,22.22
2025-11-17 12:14:26,lan/sala2/sensor/temp,19.02
2025-11-17 12:14:26,lan/sala1/sensor/hum,24.92
2025-11-17 12:14:27,lan/sala1/sensor/temp,29.46
2025-11-17 12:14:28,lan/sala2/sensor/temp,18.81
2025-11-17 12:14:28,lan/sala1/sensor/hum,26.02
2025-11-17 12:14:29,lan/sala1/sensor/temp,20.64
2025-11-17 12:14:30,lan/sala2/sensor/temp,22.49
2025-11-17 12:14:30,lan/sala1/sensor/hum,28.67
2025-11-17 12:14:31,lan/sala1/sensor/temp,28.94
2025-11-17 12:14:32,lan/sala2/sensor/temp,21.31
2025-11-17 12:14:32,lan/sala1/sensor/hum,18.31
2025-11-17 12:14:33,lan/sala1/sensor/temp,21.56
2025-11-17 12:14:34,lan/sala2/sensor/temp,24.22
2025-11-17 12:14:34,lan/sala1/sensor/hum,20.51
2025-11-17 12:14:35,lan/sala1/sensor/temp,29.83
2025-11-17 12:14:36,lan/sala2/sensor/temp,26.45
2025-11-17 12:14:36,lan/sala1/sensor/hum,21.95
2025-11-17 12:14:37,lan/sala1/sensor/temp,28.15
2025-11-17 12:14:38,lan/sala2/sensor/temp,27.55
2025-11-17 12:14:38,lan/sala1/sensor/hum,23.2
2025-11-17 12:14:39,lan/sala1/sensor/temp,23.3
2025-11-17 12:14:40,lan/sala2/sensor/temp,25.6
2025-11-17 12:14:40,lan/sala1/sensor/hum,20.21
2025-11-17 12:14:41,lan/sala1/sensor/temp,26.89
2025-11-17 12:14:42,lan/sala2/sensor/temp,25.03
2025-11-17 12:14:42,lan/sala1/sensor/hum,20.39
2025-11-17 12:14:43,lan/sala1/sensor/temp,18.28
2025-11-17 12:14:44,lan/sala2/sensor/temp,20.66
2025-11-17 12:14:44,lan/sala1/sensor/hum,23.77
2025-11-17 12:14:45,lan/sala1/sensor/temp,20.74
2025-11-17 12:14:46,lan/sala2/sensor/temp,24.56
2025-11-17 12:14:46,lan/sala1/sensor/hum,26.12
2025-11-17 12:14:47,lan/sala1/sensor/temp,28.01
2025-11-17 12:14:48,lan/sala2/sensor/temp,22.27
2025-11-17 12:14:48,lan/sala1/sensor/hum,24.71
2025-11-17 12:14:49,lan/sala1/sensor/temp,19.54
2025-11-17 12:14:50,lan/sala2/sensor/temp,19.67
2025-11-17 12:14:50,lan/sala1/sensor/hum,26.74
2025-11-17 12:14:51,lan/sala1/sensor/temp,27.73
2025-11-17 12:14:52,lan/sala2/sensor/temp,29.8
2025-11-17 12:14:52,lan/sala1/sensor/hum,29.1
2025-11-17 12:14:53,lan/sala1/sensor/temp,20.99
2025-11-17 12:14:54,lan/sala2/sensor/temp,24.59
2025-11-17 12:14:54,lan/sala1/sensor/hum,27.34
2025-11-17 12:14:55,lan/sala1/sensor/temp,23.78
2025-11-17 12:14:56,lan/sala2/sensor/temp,18.38
2025-11-17 12:14:56,lan/sala1/sensor/hum,20.72
2025-11-17 12:14:57,lan/sala1/sensor/temp,28.61
2025-11-17 12:14:58,lan/sala2/sensor/temp,22.25
2025-11-17 12:14:58,lan/sala1/sensor/hum,24.18
2025-11-17 12:14:59,lan/sala1/sensor/temp,24.77
2025-11-17 12:15:00,lan/sala2/sensor/temp,23.68
2025-11-17 12:15:00,lan/sala1/sensor/hum,26.1
2025-11-17 12:15:01,lan/sala1/sensor/temp,25.55
2025-11-17 12:15:02,lan/sala2/sensor/temp,21.62
2025-11-17 12:15:02,lan/sala1/sensor/hum,27.14
2025-11-17 12:15:03,lan/sala1/sensor/temp,21.2
2025-11-17 12:15:04,lan/sala2/sensor/temp,28.3
2025-11-17 12:15:04,lan/sala1/sensor/hum,20.48
2025-11-17 12:15:05,lan/sala1/sensor/temp,28.51
2025-11-17 12:15:06,lan/sala2/sensor/temp,20.36
2025-11-17 12:15:06,lan/sala1/sensor/hum,28.85
2025-11-17 12:15:07,lan/sala1/sensor/temp,22.59
2025-11-17 12:15:08,lan/sala2/sensor/temp,25.75
2025-11-17 12:15:08,lan/sala1/sensor/hum,19.36
2025-11-17 12:15:09,lan/sala1/sensor/temp,20.88
2025-11-17 12:15:10,lan/sala2/sensor/temp,27.48
2025-11-17 12:15:10,lan/sala1/sensor/hum,25.9
2025-11-17 12:15:11,lan/sala1/sensor/temp,22.0
2025-11-17 12:15:12,lan/sala2/sensor/temp,18.49
2025-11-17 12:15:12,lan/sala1/sensor/hum,21.59
2025-11-17 12:15:13,lan/sala1/sensor/temp,28.03
2025-11-17 12:15:14,lan/sala2/sensor/temp,23.2
2025-11-17 12:15:14,lan/sala1/sensor/hum,27.57
2025-11-17 12:15:15,lan/sala1/sensor/temp,20.09
2025-11-17 12:15:16,lan/sala2/sensor/temp,18.75
2025-11-17 12:15:16,lan/sala1/sensor/hum,24.05
2025-11-17 12:15:17,lan/sala1/sensor/temp,27.03
2025-11-17 12:15:18,lan/sala2/sensor/temp,25.78
2025-11-17 12:15:18,lan/sala1/sensor/hum,23.07
2025-11-17 12:15:19,lan/sala1/sensor/temp,28.07
2025-11-17 12:15:20,lan/sala2/sensor/temp,24.55
2025-11-17 12:15:20,lan/sala1/sensor/hum,21.11
2025-11-17 12:15:21,lan/sala1/sensor/temp,25.51
2025-11-17 12:15:22,lan/sala2/sensor/temp,21.91
2025-11-17 12:15:22,lan/sala1/sensor/hum,25.45
2025-11-17 12:15:23,lan/sala1/sensor/temp,21.7
2025-11-17 12:15:24,lan/sala2/sensor/temp,21.59
2025-11-17 12:15:24,lan/sala1/sensor/hum,19.43
2025-11-17 12:15:25,lan/sala1/sensor/temp,29.8
2025-11-17 12:15:26,lan/sala2/sensor/temp,27.0
2025-11-17 12:15:26,lan/sala1/sensor/hum,23.63
2025-11-17 12:15:27,lan/sala1/sensor/temp,20.31
2025-11-17 12:15:28,lan/sala2/sensor/temp,20.46
2025-11-17 12:15:28,lan/sala1/sensor/hum,24.53
2025-11-17 12:15:29,lan/sala1/sensor/temp,21.51
2025-11-17 12:15:30,lan/sala2/sensor/temp,25.9
2025-11-17 12:15:30,lan/sala1/sensor/hum,26.55
2025-11-17 12:15:31,lan/sala1/sensor/temp,18.91
2025-11-17 12:15:32,lan/sala2/sensor/temp,23.19
2025-11-17 12:15:32,lan/sala1/sensor/hum,21.34
2025-11-17 12:15:33,lan/sala1/sensor/temp,21.16
2025-11-17 12:15:34,lan/sala2/sensor/temp,26.04
2025-11-17 12:15:34,lan/sala1/sensor/hum,29.52
2025-11-17 12:15:35,lan/sala1/sensor/temp,26.01
2025-11-17 12:15:36,lan/sala2/sensor/temp,24.76
2025-11-17 12:15:36,lan/sala1/sensor/hum,18.1
2025-11-17 12:15:37,lan/sala1/sensor/temp,21.77
2025-11-17 12:15:38,lan/sala2/sensor/temp,22.1
2025-11-17 12:15:38,lan/sala1/sensor/hum,27.18
2025-11-17 12:15:39,lan/sala1/sensor/temp,22.85
2025-11-17 12:15:40,lan/sala2/sensor/temp,26.71
2025-11-17 12:15:40,lan/sala1/sensor/hum,29.0
2025-11-17 12:15:41,lan/sala1/sensor/temp,28.82
2025-11-17 12:15:42,lan/sala2/sensor/temp,23.91
2025-11-17 12:15:42,lan/sala1/sensor/hum,26.96
2025-11-17 12:15:43,lan/sala1/sensor/temp,29.66
2025-11-17 12:15:44,lan/sala2/sensor/temp,27.14
2025-11-17 12:15:44,lan/sala1/sensor/hum,21.89
2025-11-17 12:15:45,lan/sala1/sensor/temp,19.74
2025-11-17 12:15:46,lan/sala2/sensor/temp,28.63
2025-11-17 12:15:46,lan/sala1/sensor/hum,20.8
2025-11-17 12:15:47,lan/sala1/sensor/temp,24.72
2025-11-17 12:15:48,lan/sala2/sensor/temp,28.17
2025-11-17 12:15:48,lan/sala1/sensor/hum,26.51
2025-11-17 12:15:49,lan/sala1/sensor/temp,22.0
2025-11-17 12:15:50,lan/sala2/sensor/temp,22.69
2025-11-17 12:15:50,lan/sala1/sensor/hum,23.19
2025-11-17 12:15:51,lan/sala1/sensor/temp,22.64
2025-11-17 12:15:52,lan/sala2/sensor/temp,20.41
2025-11-17 12:15:53,lan/sala1/sensor/hum,28.23
2025-11-17 12:15:53,lan/sala1/sensor/temp,22.68
2025-11-17 12:15:54,lan/sala2/sensor/temp,19.29
2025-11-17 12:15:54,lan/sala1/sensor/hum,18.81
2025-11-17 12:15:55,lan/sala1/sensor/temp,24.73
2025-11-17 12:15:56,lan/sala2/sensor/temp,25.05
2025-11-17 12:15:56,lan/sala1/sensor/hum,21.51
2025-11-17 12:15:57,lan/sala1/sensor/temp,28.79
2025-11-17 12:15:58,lan/sala2/sensor/temp,20.87
2025-11-17 12:15:58,lan/sala1/sensor/hum,29.8
2025-11-17 12:15:59,lan/sala1/sensor/temp,20.37
2025-11-17 12:16:00,lan/sala2/sensor/temp,27.52
2025-11-17 12:16:00,lan/sala1/sensor/hum,23.7
2025-11-17 12:16:01,lan/sala1/sensor/temp,27.14
2025-11-17 12:16:02,lan/sala2/sensor/temp,29.45
2025-11-17 12:16:02,lan/sala1/sensor/hum,22.21
2025-11-17 12:16:03,lan/sala1/sensor/temp,24.59
2025-11-17 12:16:04,lan/sala2/sensor/temp,20.65
2025-11-17 12:16:04,lan/sala1/sensor/hum,22.68
2025-11-17 12:16:05,lan/sala1/sensor/temp,28.78
2025-11-17 12:16:06,lan/sala2/sensor/temp,27.55
2025-11-17 12:16:06,lan/sala1/sensor/hum,26.83
2025-11-17 12:16:07,lan/sala1/sensor/temp,25.41
2025-11-17 12:16:08,lan/sala2/sensor/temp,27.39
2025-11-17 12:16:08,lan/sala1/sensor/hum,25.85
2025-11-17 12:16:09,lan/sala1/sensor/temp,23.3
2025-11-17 12:16:10,lan/sala2/sensor/temp,28.39
2025-11-17 12:16:10,lan/sala1/sensor/hum,24.95
2025-11-17 12:16:11,lan/sala1/sensor/temp,20.9
2025-11-17 12:16:12,lan/sala2/sensor/temp,20.52
2025-11-17 12:16:12,lan/sala1/sensor/hum,27.38
2025-11-17 12:16:13,lan/sala1/sensor/temp,27.03
2025-11-17 12:16:14,lan/sala2/sensor/temp,20.46
2025-11-17 12:16:14,lan/sala1/sensor/hum,27.98
2025-11-17 12:16:15,lan/sala1/sensor/temp,24.19
2025-11-17 12:16:16,lan/sala2/sensor/temp,27.95
2025-11-17 12:16:16,lan/sala1/sensor/hum,22.44
2025-11-17 12:16:17,lan/sala1/sensor/temp,27.19
2025-11-17 12:16:18,lan/sala2/sensor/temp,22.52
2025-11-17 12:16:18,lan/sala1/sensor/hum,18.03
2025-11-17 12:16:19,lan/sala1/sensor/temp,19.99
2025-11-17 12:16:20,lan/sala2/sensor/temp,23.76
2025-11-17 12:16:20,lan/sala1/sensor/hum,21.48
2025-11-17 12:16:21,lan/sala1/sensor/temp,24.74
2025-11-17 12:16:22,lan/sala2/sensor/temp,26.69
2025-11-17 12:16:22,lan/sala1/sensor/hum,29.3
2025-11-17 12:16:23,lan/sala1/sensor/temp,25.52
2025-11-17 12:16:24,lan/sala2/sensor/temp,26.54
2025-11-17 12:16:24,lan/sala1/sensor/hum,20.22
2025-11-17 12:16:25,lan/sala1/sensor/temp,22.54
2025-11-17 12:16:26,lan/sala2/sensor/temp,25.85
2025-11-17 12:16:26,lan/sala1/sensor/hum,25.61
2025-11-17 12:16:27,lan/sala1/sensor/temp,18.86
2025-11-17 12:16:28,lan/sala2/sensor/temp,18.83
2025-11-17 12:16:28,lan/sala1/sensor/hum,25.31
2025-11-17 12:16:29,lan/sala1/sensor/temp,22.01
2025-11-17 12:16:30,lan/sala2/sensor/temp,24.15
2025-11-17 12:16:30,lan/sala1/sensor/hum,23.78
2025-11-17 12:16:31,lan/sala1/sensor/temp,29.18
2025-11-17 12:16:32,lan/sala2/sensor/temp,18.28
2025-11-17 12:16:34,lan/sala1/sensor/hum,20.97
2025-11-17 12:16:34,lan/sala1/sensor/temp,18.44
2025-11-17 12:16:34,lan/sala2/sensor/temp,21.27
2025-11-17 12:16:34,lan/sala1/sensor/hum,28.68
2025-11-17 12:16:35,lan/sala1/sensor/temp,26.8
2025-11-17 12:16:37,lan/sala2/sensor/temp,24.87
2025-11-17 12:16:37,lan/sala1/sensor/hum,22.25
2025-11-17 12:16:37,lan/sala1/sensor/temp,29.25
2025-11-17 12:16:38,lan/sala2/sensor/temp,18.26
2025-11-17 12:16:38,lan/sala1/sensor/hum,29.33
2025-11-17 12:16:39,lan/sala1/sensor/temp,27.81
2025-11-17 12:16:40,lan/sala2/sensor/temp,20.06
2025-11-17 12:16:40,lan/sala1/sensor/hum,21.29
2025-11-17 12:16:41,lan/sala1/sensor/temp,20.68
2025-11-17 12:16:42,lan/sala2/sensor/temp,19.66
2025-11-17 12:16:42,lan/sala1/sensor/hum,24.08
2025-11-17 12:16:43,lan/sala1/sensor/temp,21.88
2025-11-17 12:16:44,lan/sala2/sensor/temp,22.51
2025-11-17 12:16:44,lan/sala1/sensor/hum,20.13
2025-11-17 12:16:45,lan/sala1/sensor/temp,18.34
2025-11-17 12:16:46,lan/sala2/sensor/temp,28.69
2025-11-17 12:16:47,lan/sala1/sensor/hum,23.21
2025-11-17 12:16:47,lan/sala1/sensor/temp,25.66
2025-11-17 12:16:48,lan/sala2/sensor/temp,27.23
2025-11-17 12:16:48,lan/sala1/sensor/hum,27.49
2025-11-17 12:16:49,lan/sala1/sensor/temp,21.8
2025-11-17 12:16:50,lan/sala2/sensor/temp,26.92
2025-11-17 12:16:50,lan/sala1/sensor/hum,21.5
2025-11-17 12:16:51,lan/sala1/sensor/temp,27.13
2025-11-17 12:16:52,lan/sala2/sensor/temp,19.96
2025-11-17 12:16:52,lan/sala1/sensor/hum,21.44
2025-11-17 12:16:53,lan/sala1/sensor/temp,22.51
2025-11-17 12:16:54,lan/sala2/sensor/temp,18.9
2025-11-17 12:16:54,lan/sala1/sensor/hum,19.06
2025-11-17 12:16:55,lan/sala1/sensor/temp,27.41
2025-11-17 12:16:56,lan/sala2/sensor/temp,28.9
2025-11-17 12:16:56,lan/sala1/sensor/hum,28.98
2025-11-17 12:16:57,lan/sala1/sensor/temp,29.14
2025-11-17 12:16:58,lan/sala2/sensor/temp,21.96
2025-11-17 12:16:59,lan/sala1/sensor/hum,27.6
2025-11-17 12:16:59,lan/sala1/sensor/temp,26.32
2025-11-17 12:17:00,lan/sala2/sensor/temp,21.68
2025-11-17 12:17:01,lan/sala1/sensor/hum,25.18
2025-11-17 12:17:01,lan/sala1/sensor/temp,21.38
2025-11-17 12:17:02,lan/sala2/sensor/temp,24.72
2025-11-17 12:17:03,lan/sala1/sensor/hum,24.79
2025-11-17 12:17:03,lan/sala1/sensor/temp,28.25
2025-11-17 12:17:04,lan/sala2/sensor/temp,29.46
2025-11-17 12:17:04,lan/sala1/sensor/hum,21.29
2025-11-17 12:17:05,lan/sala1/sensor/temp,25.26
2025-11-17 12:17:06,lan/sala2/sensor/temp,27.58
2025-11-17 12:17:07,lan/sala1/sensor/hum,22.13
2025-11-17 12:17:07,lan/sala1/sensor/temp,21.4
2025-11-17 12:17:08,lan/sala2/sensor/temp,26.08
2025-11-17 12:17:09,lan/sala1/sensor/hum,28.64
2025-11-17 12:17:09,lan/sala1/sensor/temp,19.14
2025-11-17 12:17:10,lan/sala2/sensor/temp,29.05
2025-11-17 12:17:11,lan/sala1/sensor/hum,18.11
2025-11-17 12:17:11,lan/sala1/sensor/temp,28.26
2025-11-17 12:17:12,lan/sala2/sensor/temp,28.7
2025-11-17 12:17:13,lan/sala1/sensor/hum,18.74
2025-11-17 12:17:13,lan/sala1/sensor/temp,26.93
2025-11-17 12:17:14,lan/sala2/sensor/temp,20.03
2025-11-17 12:17:15,lan/sala1/sensor/hum,27.65
2025-11-17 12:17:15,lan/sala1/sensor/temp,29.95
2025-11-17 12:17:16,lan/sala2/sensor/temp,29.31
2025-11-17 12:17:16,lan/sala1/sensor/hum,24.36
2025-11-17 12:17:17,lan/sala1/sensor/temp,22.68
2025-11-17 12:17:18,lan/sala2/sensor/temp,25.81
2025-11-17 12:17:19,lan/sala1/sensor/hum,23.98
2025-11-17 12:17:19,lan/sala1/sensor/temp,25.05
2025-11-17 12:17:20,lan/sala2/sensor/temp,20.75
2025-11-17 12:17:21,lan/sala1/sensor/hum,23.65
2025-11-17 12:17:21,lan/sala1/sensor/temp,20.16
2025-11-17 12:17:22,lan/sala2/sensor/temp,28.14
2025-11-17 12:17:23,lan/sala1/sensor/hum,20.75
2025-11-17 12:17:23,lan/sala1/sensor/temp,23.16
2025-11-17 12:17:24,lan/sala2/sensor/temp,29.93
2025-11-17 12:17:27,lan/sala1/sensor/hum,22.2
2025-11-17 12:17:27,lan/sala1/sensor/temp,20.01
2025-11-17 12:17:27,lan/sala2/sensor/temp,29.58
2025-11-17 12:17:27,lan/sala1/sensor/hum,20.36
2025-11-17 12:17:27,lan/sala1/sensor/temp,22.81
2025-11-17 12:17:28,lan/sala2/sensor/temp,27.38
2025-11-17 12:17:29,lan/sala1/sensor/hum,27.05
2025-11-17 12:17:29,lan/sala1/sensor/temp,27.84
2025-11-17 12:17:30,lan/sala2/sensor/temp,20.62
2025-11-17 12:17:31,lan/sala1/sensor/hum,29.3
2025-11-17 12:17:31,lan/sala1/sensor/temp,20.76
2025-11-17 12:17:32,lan/sala2/sensor/temp,21.6
2025-11-17 12:17:33,lan/sala1/sensor/hum,27.27
2025-11-17 12:17:33,lan/sala1/sensor/temp,19.25
2025-11-17 12:17:34,lan/sala2/sensor/temp,21.51
2025-11-17 12:17:35,lan/sala1/sensor/hum,18.78
2025-11-17 12:17:35,lan/sala1/sensor/temp,18.15
2025-11-17 12:17:36,lan/sala2/sensor/temp,24.22
2025-11-17 12:17:37,lan/sala1/sensor/hum,19.71
2025-11-17 12:17:37,lan/sala1/sensor/temp,18.71
2025-11-17 12:17:38,lan/sala2/sensor/temp,22.61
2025-11-17 12:17:39,lan/sala1/sensor/hum,26.96
2025-11-17 12:17:39,lan/sala1/sensor/temp,20.97
2025-11-17 12:17:40,lan/sala2/sensor/temp,20.19
2025-11-17 12:17:41,lan/sala1/sensor/hum,24.61
2025-11-17 12:17:41,lan/sala1/sensor/temp,24.17
2025-11-17 12:17:48,lan/sala2/sensor/temp,26.01
2025-11-17 12:17:48,lan/sala1/sensor/hum,18.24
2025-11-17 12:17:49,lan/sala1/sensor/temp,25.18
2025-11-17 12:17:49,lan/sala2/sensor/temp,18.94
2025-11-17 12:17:49,lan/sala1/sensor/hum,22.0
2025-11-17 12:17:49,lan/sala1/sensor/temp,26.88
2025-11-17 12:17:49,lan/sala2/sensor/temp,24.7
2025-11-17 12:17:49,lan/sala1/sensor/hum,18.7
2025-11-17 12:17:49,lan/sala1/sensor/temp,19.71
2025-11-17 12:17:49,lan/sala2/sensor/temp,24.86
2025-11-17 12:17:49,lan/sala1/sensor/hum,19.51
2025-11-17 12:17:49,lan/sala1/sensor/temp,23.19
2025-11-17 12:17:50,lan/sala2/sensor/temp,28.96
2025-11-17 12:17:51,lan/sala1/sensor/hum,28.48
2025-11-17 12:17:51,lan/sala1/sensor/temp,22.23
2025-11-17 12:17:52,lan/sala2/sensor/temp,21.29
2025-11-17 12:17:53,lan/sala1/sensor/hum,24.9
2025-11-17 12:17:53,lan/sala1/sensor/temp,21.65
2025-11-17 12:17:54,lan/sala2/sensor/temp,26.87
2025-11-17 12:17:55,lan/sala1/sensor/hum,29.2
2025-11-17 12:17:55,lan/sala1/sensor/temp,27.51
2025-11-17 12:17:56,lan/sala2/sensor/temp,28.89
2025-11-17 12:17:57,lan/sala1/sensor/hum,19.39
2025-11-17 12:17:58,lan/sala1/sensor/temp,18.29
2025-11-17 12:17:58,lan/sala2/sensor/temp,26.95
2025-11-17 12:18:00,lan/sala1/sensor/hum,24.5
2025-11-17 12:18:00,lan/sala1/sensor/temp,23.49
2025-11-17 12:18:00,lan/sala2/sensor/temp,24.87
2025-11-17 12:18:01,lan/sala1/sensor/hum,24.18
2025-11-17 12:18:01,lan/sala1/sensor/temp,25.99
2025-11-17 12:18:02,lan/sala2/sensor/temp,24.76
2025-11-17 12:18:03,lan/sala1/sensor/hum,24.65
2025-11-17 12:18:03,lan/sala1/sensor/temp,19.24
2025-11-17 12:18:04,lan/sala2/sensor/temp,21.77
2025-11-17 12:18:05,lan/sala1/sensor/hum,27.59
2025-11-17 12:18:05,lan/sala1/sensor/temp,22.71
2025-11-17 12:18:06,lan/sala2/sensor/temp,25.12
2025-11-17 12:18:07,lan/sala1/sensor/hum,29.88
2025-11-17 12:18:07,lan/sala1/sensor/temp,26.18
2025-11-17 12:18:08,lan/sala2/sensor/temp,22.79
2025-11-17 12:18:09,lan/sala1/sensor/hum,19.98
2025-11-17 12:18:09,lan/sala1/sensor/temp,26.84
2025-11-17 12:18:10,lan/sala2/sensor/temp,24.64
2025-11-17 12:18:11,lan/sala1/sensor/hum,27.84
2025-11-17 12:18:11,lan/sala1/sensor/temp,26.72
2025-11-17 12:18:12,lan/sala2/sensor/temp,19.12
2025-11-17 12:18:13,lan/sala1/sensor/hum,19.82
2025-11-17 12:18:13,lan/sala1/sensor/temp,23.12
2025-11-17 12:18:14,lan/sala2/sensor/temp,26.73
2025-11-17 12:18:15,lan/sala1/sensor/hum,23.88
2025-11-17 12:18:15,lan/sala1/sensor/temp,25.35
2025-11-17 12:18:20,lan/sala2/sensor/temp,22.05
2025-11-17 12:18:20,lan/sala1/sensor/hum,26.51
2025-11-17 12:18:20,lan/sala1/sensor/temp,22.24
2025-11-17 12:18:21,lan/sala2/sensor/temp,28.61
2025-11-17 12:18:21,lan/sala1/sensor/hum,29.34
2025-11-17 12:18:21,lan/sala1/sensor/temp,29.1
2025-11-17 12:18:21,lan/sala2/sensor/temp,25.11
2025-11-17 12:18:21,lan/sala1/sensor/hum,27.14
2025-11-17 12:18:21,lan/sala1/sensor/temp,28.13
2025-11-17 12:18:22,lan/sala2/sensor/temp,25.47
2025-11-17 12:18:23,lan/sala1/sensor/hum,28.37
2025-11-17 12:18:23,lan/sala1/sensor/temp,25.94
2025-11-17 12:18:24,lan/sala2/sensor/temp,22.88
2025-11-17 12:18:25,lan/sala1/sensor/hum,26.64
2025-11-17 12:18:25,lan/sala1/sensor/temp,20.73
2025-11-17 12:18:26,lan/sala2/sensor/temp,23.66
2025-11-17 12:18:27,lan/sala1/sensor/hum,26.02
2025-11-17 12:18:27,lan/sala1/sensor/temp,18.47
2025-11-17 12:18:28,lan/sala2/sensor/temp,23.12
2025-11-17 12:18:29,lan/sala1/sensor/hum,18.66
2025-11-17 12:18:29,lan/sala1/sensor/temp,28.51
2025-11-17 12:18:30,lan/sala2/sensor/temp,25.03
2025-11-17 12:18:31,lan/sala1/sensor/hum,19.9
2025-11-17 12:18:31,lan/sala1/sensor/temp,19.36
2025-11-17 12:18:32,lan/sala2/sensor/temp,29.21
2025-11-17 12:18:33,lan/sala1/sensor/hum,20.96
2025-11-17 12:18:33,lan/sala1/sensor/temp,28.43
2025-11-17 12:18:34,lan/sala2/sensor/temp,26.29
2025-11-17 12:18:35,lan/sala1/sensor/hum,28.43
2025-11-17 12:18:35,lan/sala1/sensor/temp,26.59
2025-11-17 12:18:36,lan/sala2/sensor/temp,27.59
2025-11-17 12:18:37,lan/sala1/sensor/hum,25.12
2025-11-17 12:18:37,lan/sala1/sensor/temp,23.84
2025-11-17 12:18:38,lan/sala2/sensor/temp,20.74
2025-11-17 12:18:39,lan/sala1/sensor/hum,29.63
2025-11-17 12:18:39,lan/sala1/sensor/temp,27.0
2025-11-17 12:18:40,lan/sala2/sensor/temp,18.13
2025-11-17 12:18:41,lan/sala1/sensor/hum,29.63
2025-11-17 12:18:41,lan/sala1/sensor/temp,20.73
2025-11-17 12:18:42,lan/sala2/sensor/temp,25.79
2025-11-17 12:18:43,lan/sala1/sensor/hum,23.7
2025-11-17 12:18:43,lan/sala1/sensor/temp,18.39
2025-11-17 12:18:44,lan/sala2/sensor/temp,29.02
2025-11-17 12:18:45,lan/sala1/sensor/hum,27.49
2025-11-17 12:18:45,lan/sala1/sensor/temp,25.83
2025-11-17 12:18:46,lan/sala2/sensor/temp,19.1
2025-11-17 12:18:47,lan/sala1/sensor/hum,21.9
2025-11-17 12:18:47,lan/sala1/sensor/temp,29.35
2025-11-17 12:18:48,lan/sala2/sensor/temp,23.64
2025-11-17 12:18:49,lan/sala1/sensor/hum,27.77
2025-11-17 12:18:49,lan/sala1/sensor/temp,25.15
2025-11-17 12:18:50,lan/sala2/sensor/temp,25.61
2025-11-17 12:18:51,lan/sala1/sensor/hum,26.63
2025-11-17 12:18:51,lan/sala1/sensor/temp,24.3
2025-11-17 12:18:52,lan/sala2/sensor/temp,28.66
2025-11-17 12:18:53,lan/sala1/sensor/hum,27.19
2025-11-17 12:18:53,lan/sala1/sensor/temp,21.04
2025-11-17 12:18:54,lan/sala2/sensor/temp,18.68
2025-11-17 12:18:55,lan/sala1/sensor/hum,18.89
2025-11-17 12:18:55,lan/sala1/sensor/temp,19.95
2025-11-17 12:18:56,lan/sala2/sensor/temp,27.14
2025-11-17 12:18:57,lan/sala1/sensor/hum,29.02
2025-11-17 12:18:57,lan/sala1/sensor/temp,20.4
2025-11-17 12:18:58,lan/sala2/sensor/temp,23.28
2025-11-17 12:18:59,lan/sala1/sensor/hum,24.71
2025-11-17 12:18:59,lan/sala1/sensor/temp,23.02
2025-11-17 12:19:00,lan/sala2/sensor/temp,20.35
2025-11-17 12:19:01,lan/sala1/sensor/hum,26.91
2025-11-17 12:19:01,lan/sala1/sensor/temp,19.61
2025-11-17 12:19:02,lan/sala2/sensor/temp,25.61
2025-11-17 12:19:03,lan/sala1/sensor/hum,20.81
2025-11-17 12:19:03,lan/sala1/sensor/temp,24.63
2025-11-17 12:19:04,lan/sala2/sensor/temp,22.12
2025-11-17 12:19:05,lan/sala1/sensor/hum,28.56
2025-11-17 12:19:05,lan/sala1/sensor/temp,24.01
2025-11-17 12:19:06,lan/sala2/sensor/temp,22.53
2025-11-17 12:19:07,lan/sala1/sensor/hum,27.74
2025-11-17 12:19:07,lan/sala1/sensor/temp,20.98
2025-11-17 12:19:08,lan/sala2/sensor/temp,20.1
2025-11-17 12:19:09,lan/sala1/sensor/hum,23.79
2025-11-17 12:19:09,lan/sala1/sensor/temp,27.45
2025-11-17 12:19:10,lan/sala2/sensor/temp,23.26
2025-11-17 12:19:11,lan/sala1/sensor/hum,24.52
2025-11-17 12:19:11,lan/sala1/sensor/temp,22.88
2025-11-17 12:19:12,lan/sala2/sensor/temp,27.37
2025-11-17 12:19:13,lan/sala1/sensor/hum,20.27
2025-11-17 12:19:13,lan/sala1/sensor/temp,29.65
2025-11-17 12:19:14,lan/sala2/sensor/temp,27.39
2025-11-17 12:19:15,lan/sala1/sensor/hum,23.37
2025-11-17 12:19:15,lan/sala1/sensor/temp,22.58
2025-11-17 12:19:16,lan/sala2/sensor/temp,24.66
2025-11-17 12:19:17,lan/sala1/sensor/hum,18.27
2025-11-17 12:19:17,lan/sala1/sensor/temp,28.68
2025-11-17 12:19:18,lan/sala2/sensor/temp,27.71
2025-11-17 12:19:19,lan/sala1/sensor/hum,29.95
2025-11-17 12:19:19,lan/sala1/sensor/temp,19.76
2025-11-17 12:19:20,lan/sala2/sensor/temp,29.49
2025-11-17 12:19:21,lan/sala1/sensor/hum,18.86
2025-11-17 12:19:21,lan/sala1/sensor/temp,23.31
2025-11-17 12:19:22,lan/sala2/sensor/temp,28.64
2025-11-17 12:19:23,lan/sala1/sensor/hum,19.62
2025-11-17 12:19:23,lan/sala1/sensor/temp,22.0
2025-11-17 12:19:24,lan/sala2/sensor/temp,26.55
2025-11-17 12:19:25,lan/sala1/sensor/hum,18.71
2025-11-17 12:19:25,lan/sala1/sensor/temp,23.78
2025-11-17 12:19:26,lan/sala2/sensor/temp,26.31
2025-11-17 12:19:27,lan/sala1/sensor/hum,21.2
2025-11-17 12:19:27,lan/sala1/sensor/temp,26.08
2025-11-17 12:19:28,lan/sala2/sensor/temp,23.53
2025-11-17 12:19:29,lan/sala1/sensor/hum,25.41
2025-11-17 12:19:29,lan/sala1/sensor/temp,29.8
2025-11-17 12:19:30,lan/sala2/sensor/temp,29.51
2025-11-17 12:19:31,lan/sala1/sensor/hum,25.43
2025-11-17 12:19:31,lan/sala1/sensor/temp,19.8
2025-11-17 12:19:32,lan/sala2/sensor/temp,21.75
2025-11-17 12:19:33,lan/sala1/sensor/hum,20.04
2025-11-17 12:19:33,lan/sala1/sensor/temp,19.32
2025-11-17 12:19:34,lan/sala2/sensor/temp,20.16
2025-11-17 12:19:35,lan/sala1/sensor/hum,26.26
2025-11-17 12:19:35,lan/sala1/sensor/temp,19.04
2025-11-17 12:19:36,lan/sala2/sensor/temp,25.57
2025-11-17 12:19:37,lan/sala1/sensor/hum,22.79
2025-11-17 12:19:37,lan/sala1/sensor/temp,24.25
2025-11-17 12:19:38,lan/sala2/sensor/temp,28.02
2025-11-17 12:19:39,lan/sala1/sensor/hum,25.83
2025-11-17 12:19:39,lan/sala1/sensor/temp,23.42
2025-11-17 12:19:40,lan/sala2/sensor/temp,19.1
2025-11-17 12:19:41,lan/sala1/sensor/hum,22.4
2025-11-17 12:19:41,lan/sala1/sensor/temp,25.69
2025-11-17 12:19:42,lan/sala2/sensor/temp,25.35
2025-11-17 12:19:43,lan/sala1/sensor/hum,23.36
2025-11-17 12:19:43,lan/sala1/sensor/temp,19.7
2025-11-17 12:19:44,lan/sala2/sensor/temp,29.29
2025-11-17 12:19:45,lan/sala1/sensor/hum,19.47
2025-11-17 12:19:45,lan/sala1/sensor/temp,27.55
2025-11-17 12:19:46,lan/sala2/sensor/temp,21.82
2025-11-17 12:19:47,lan/sala1/sensor/hum,27.37
2025-11-17 12:19:47,lan/sala1/sensor/temp,18.52
2025-11-17 12:19:48,lan/sala2/sensor/temp,28.95
2025-11-17 12:19:49,lan/sala1/sensor/hum,25.78
2025-11-17 12:19:49,lan/sala1/sensor/temp,22.9
2025-11-17 12:19:50,lan/sala2/sensor/temp,24.61
2025-11-17 12:19:51,lan/sala1/sensor/hum,18.89
2025-11-17 12:19:51,lan/sala1/sensor/temp,20.18
2025-11-17 12:19:52,lan/sala2/sensor/temp,20.61
2025-11-17 12:19:53,lan/sala1/sensor/hum,22.03
2025-11-17 12:19:55,lan/sala1/sensor/temp,25.85
2025-11-17 12:19:55,lan/sala2/sensor/temp,19.96
2025-11-17 12:19:55,lan/sala1/sensor/hum,28.25
2025-11-17 12:19:56,lan/sala1/sensor/temp,19.14
2025-11-17 12:19:56,lan/sala2/sensor/temp,20.98
2025-11-17 12:19:57,lan/sala1/sensor/hum,19.1
2025-11-17 12:19:57,lan/sala1/sensor/temp,26.26
2025-11-17 12:19:58,lan/sala2/sensor/temp,29.07
2025-11-17 12:19:59,lan/sala1/sensor/hum,18.55
2025-11-17 12:19:59,lan/sala1/sensor/temp,25.38
2025-11-17 12:20:00,lan/sala2/sensor/temp,22.91
2025-11-17 12:20:01,lan/sala1/sensor/hum,18.07
2025-11-17 12:20:01,lan/sala1/sensor/temp,27.98
2025-11-17 12:20:02,lan/sala2/sensor/temp,26.91
2025-11-17 12:20:03,lan/sala1/sensor/hum,20.82
2025-11-17 12:20:03,lan/sala1/sensor/temp,18.98
2025-11-17 12:20:04,lan/sala2/sensor/temp,23.0
2025-11-17 12:20:05,lan/sala1/sensor/hum,28.47
2025-11-17 12:20:05,lan/sala1/sensor/temp,25.45
2025-11-17 12:20:06,lan/sala2/sensor/temp,27.17
2025-11-17 12:20:07,lan/sala1/sensor/hum,22.22
2025-11-17 12:20:07,lan/sala1/sensor/temp,21.22
2025-11-17 12:20:08,lan/sala2/sensor/temp,28.59
2025-11-17 12:20:09,lan/sala1/sensor/hum,26.4
2025-11-17 12:20:09,lan/sala1/sensor/temp,28.89
2025-11-17 12:20:10,lan/sala2/sensor/temp,18.91
2025-11-17 12:20:11,lan/sala1/sensor/hum,25.41
2025-11-17 12:20:11,lan/sala1/sensor/temp,24.9
2025-11-17 12:20:12,lan/sala2/sensor/temp,18.22
2025-11-17 12:20:13,lan/sala1/sensor/hum,18.04
2025-11-17 12:20:13,lan/sala1/sensor/temp,27.78
2025-11-17 12:20:14,lan/sala2/sensor/temp,19.31
2025-11-17 12:20:15,lan/sala1/sensor/hum,29.82
2025-11-17 12:20:15,lan/sala1/sensor/temp,29.48
2025-11-17 12:20:16,lan/sala2/sensor/temp,21.32
2025-11-17 12:20:17,lan/sala1/sensor/hum,26.49
2025-11-17 12:20:17,lan/sala1/sensor/temp,20.14
2025-11-17 12:20:18,lan/sala2/sensor/temp,18.89
2025-11-17 12:20:19,lan/sala1/sensor/hum,22.69
2025-11-17 12:20:19,lan/sala1/sensor/temp,26.07
2025-11-17 12:20:20,lan/sala2/sensor/temp,22.59
2025-11-17 12:20:21,lan/sala1/sensor/hum,27.17
2025-11-17 12:20:21,lan/sala1/sensor/temp,20.89
2025-11-17 12:20:22,lan/sala2/sensor/temp,20.65
2025-11-17 12:20:23,lan/sala1/sensor/hum,27.58
2025-11-17 12:20:23,lan/sala1/sensor/temp,25.68
2025-11-17 12:20:24,lan/sala2/sensor/temp,26.9
2025-11-17 12:20:25,lan/sala1/sensor/hum,25.48
2025-11-17 12:20:25,lan/sala1/sensor/temp,20.92
2025-11-17 12:20:26,lan/sala2/sensor/temp,20.49
2025-11-17 12:20:27,lan/sala1/sensor/hum,18.37
2025-11-17 12:20:27,lan/sala1/sensor/temp,25.67
2025-11-17 12:20:28,lan/sala2/sensor/temp,20.43
2025-11-17 12:20:29,lan/sala1/sensor/hum,22.19
2025-11-17 12:20:29,lan/sala1/sensor/temp,19.5
2025-11-17 12:20:30,lan/sala2/sensor/temp,24.51
2025-11-17 12:20:31,lan/sala1/sensor/hum,24.69
2025-11-17 12:20:31,lan/sala1/sensor/temp,28.35
2025-11-17 12:20:32,lan/sala2/sensor/temp,25.95
2025-11-17 12:20:33,lan/sala1/sensor/hum,19.62
2025-11-17 12:20:33,lan/sala1/sensor/temp,26.04
2025-11-17 12:20:34,lan/sala2/sensor/temp,22.42
2025-11-17 12:20:35,lan/sala1/sensor/hum,20.94
2025-11-17 12:20:35,lan/sala1/sensor/temp,23.57
2025-11-17 12:20:37,lan/sala2/sensor/temp,25.92
2025-11-17 12:20:37,lan/sala1/sensor/hum,25.79
2025-11-17 12:20:37,lan/sala1/sensor/temp,27.09
2025-11-17 12:20:38,lan/sala2/sensor/temp,24.48
2025-11-17 12:20:39,lan/sala1/sensor/hum,25.32
2025-11-17 12:20:39,lan/sala1/sensor/temp,27.28
2025-11-17 12:20:40,lan/sala2/sensor/temp,20.48
2025-11-17 12:20:41,lan/sala1/sensor/hum,20.42
2025-11-17 12:20:41,lan/sala1/sensor/temp,19.11
2025-11-17 12:20:42,lan/sala2/sensor/temp,24.6
2025-11-17 12:20:43,lan/sala1/sensor/hum,21.98
2025-11-17 12:20:43,lan/sala1/sensor/temp,18.71
2025-11-17 12:20:44,lan/sala2/sensor/temp,25.52
2025-11-17 12:20:45,lan/sala1/sensor/hum,23.66
2025-11-17 12:20:45,lan/sala1/sensor/temp,21.64
2025-11-17 12:20:46,lan/sala2/sensor/temp,19.95
2025-11-17 12:20:47,lan/sala1/sensor/hum,21.55
2025-11-17 12:20:47,lan/sala1/sensor/temp,23.9
2025-11-17 12:20:48,lan/sala2/sensor/temp,28.62
2025-11-17 12:20:49,lan/sala1/sensor/hum,21.16
2025-11-17 12:20:49,lan/sala1/sensor/temp,20.85
2025-11-17 12:20:50,lan/sala2/sensor/temp,26.62
2025-11-17 12:20:51,lan/sala1/sensor/hum,28.72
2025-11-17 12:20:51,lan/sala1/sensor/temp,26.58
2025-11-17 12:20:52,lan/sala2/sensor/temp,29.78
2025-11-17 12:20:53,lan/sala1/sensor/hum,20.48
2025-11-17 12:20:53,lan/sala1/sensor/temp,23.32
2025-11-17 12:20:54,lan/sala2/sensor/temp,23.63
2025-11-17 12:20:55,lan/sala1/sensor/hum,22.8
2025-11-17 12:20:55,lan/sala1/sensor/temp,25.3
2025-11-17 12:20:56,lan/sala2/sensor/temp,29.09
2025-11-17 12:20:57,lan/sala1/sensor/hum,22.69
2025-11-17 12:20:57,lan/sala1/sensor/temp,24.67
2025-11-17 12:20:58,lan/sala2/sensor/temp,18.41
2025-11-17 12:20:59,lan/sala1/sensor/hum,22.64
2025-11-17 12:20:59,lan/sala1/sensor/temp,20.91
2025-11-17 12:21:00,lan/sala2/sensor/temp,22.16
2025-11-17 12:21:01,lan/sala1/sensor/hum,27.24
2025-11-17 12:21:01,lan/sala1/sensor/temp,25.54
2025-11-17 12:21:02,lan/sala2/sensor/temp,25.99
2025-11-17 12:21:03,lan/sala1/sensor/hum,18.31
2025-11-17 12:21:03,lan/sala1/sensor/temp,20.41
2025-11-17 12:21:04,lan/sala2/sensor/temp,27.69
2025-11-17 12:21:05,lan/sala1/sensor/hum,20.32
2025-11-17 12:21:06,lan/sala1/sensor/temp,18.44
2025-11-17 12:21:06,lan/sala2/sensor/temp,25.83
2025-11-17 12:21:07,lan/sala1/sensor/hum,27.95
2025-11-17 12:21:08,lan/sala2/sensor/temp,24.57
2025-11-17 12:21:09,lan/sala1/sensor/hum,25.5
2025-11-17 12:21:10,lan/sala2/sensor/temp,24.29
2025-11-17 12:21:11,lan/sala1/sensor/hum,29.58
2025-11-17 12:21:12,lan/sala2/sensor/temp,27.26
2025-11-17 12:21:13,lan/sala1/sensor/hum,27.61
2025-11-17 12:21:15,lan/sala1/sensor/hum,27.1
2025-11-17 12:21:17,lan/sala1/sensor/hum,27.66
2025-11-17 12:21:19,lan/sala1/sensor/hum,19.98
